operation,start_ns,end_ns,duration_ns,label
secret_dependent_routine,382156624537700,382156624583400,45700,after
secret_dependent_routine,382156624588700,382156624628700,40000,after
secret_dependent_routine,382156624630500,382156624667000,36500,after
secret_dependent_routine,382156624669600,382156624753400,83800,after
secret_dependent_routine,382156624759300,382156624823700,64400,after
secret_dependent_routine,382156624827800,382156624885700,57900,after
secret_dependent_routine,382156624887600,382156624923900,36300,after
secret_dependent_routine,382156624925300,382156624962700,37400,after
secret_dependent_routine,382156624964000,382156625013600,49600,after
secret_dependent_routine,382156625016500,382156625088500,72000,after
secret_dependent_routine,382156625090400,382156625154500,64100,after
secret_dependent_routine,382156625156800,382156625227800,71000,after
secret_dependent_routine,382156625234100,382156625291700,57600,after
secret_dependent_routine,382156625293700,382156625329100,35400,after
secret_dependent_routine,382156625330400,382156625365600,35200,after
secret_dependent_routine,382156625366800,382156625401800,35000,after
secret_dependent_routine,382156625403000,382156625438300,35300,after
secret_dependent_routine,382156625439800,382156625475000,35200,after
secret_dependent_routine,382156625476400,382156625512400,36000,after
secret_dependent_routine,382156625513600,382156625548600,35000,after
secret_dependent_routine,382156625549800,382156625586300,36500,after
secret_dependent_routine,382156625587400,382156625618700,31300,after
secret_dependent_routine,382156625619800,382156625651200,31400,after
secret_dependent_routine,382156625652300,382156625683200,30900,after
secret_dependent_routine,382156625684300,382156625715400,31100,after
secret_dependent_routine,382156625716600,382156625748300,31700,after
secret_dependent_routine,382156625749400,382156625780500,31100,after
secret_dependent_routine,382156625781700,382156625812600,30900,after
secret_dependent_routine,382156625813700,382156625845200,31500,after
secret_dependent_routine,382156625846300,382156625876900,30600,after
secret_dependent_routine,382156625878000,382156625909200,31200,after
secret_dependent_routine,382156625910300,382156625942100,31800,after
secret_dependent_routine,382156625943200,382156625974300,31100,after
secret_dependent_routine,382156625976900,382156626008100,31200,after
secret_dependent_routine,382156626009300,382156626047300,38000,after
secret_dependent_routine,382156626048900,382156626080500,31600,after
secret_dependent_routine,382156626081600,382156626112900,31300,after
secret_dependent_routine,382156626114000,382156626145800,31800,after
secret_dependent_routine,382156626146900,382156626179000,32100,after
secret_dependent_routine,382156626180200,382156626214900,34700,after
secret_dependent_routine,382156626216200,382156626251100,34900,after
secret_dependent_routine,382156626252700,382156626288100,35400,after
secret_dependent_routine,382156626289300,382156626324200,34900,after
secret_dependent_routine,382156626325400,382156626360600,35200,after
secret_dependent_routine,382156626361700,382156626400200,38500,after
secret_dependent_routine,382156626401500,382156626437900,36400,after
secret_dependent_routine,382156626439200,382156626475200,36000,after
secret_dependent_routine,382156626476400,382156626508600,32200,after
secret_dependent_routine,382156626509700,382156626541900,32200,after
secret_dependent_routine,382156626543000,382156626575600,32600,after
secret_dependent_routine,382156626576700,382156626608900,32200,after
secret_dependent_routine,382156626610000,382156626641600,31600,after
secret_dependent_routine,382156626642700,382156626675100,32400,after
secret_dependent_routine,382156626677000,382156626710000,33000,after
secret_dependent_routine,382156626712300,382156626744200,31900,after
secret_dependent_routine,382156626745300,382156626777300,32000,after
secret_dependent_routine,382156626778300,382156626809100,30800,after
secret_dependent_routine,382156626810200,382156626841900,31700,after
secret_dependent_routine,382156626843000,382156626874500,31500,after
secret_dependent_routine,382156626875700,382156626906400,30700,after
secret_dependent_routine,382156626907500,382156626938700,31200,after
secret_dependent_routine,382156626939800,382156626971300,31500,after
secret_dependent_routine,382156626972300,382156627003600,31300,after
secret_dependent_routine,382156627004700,382156627036700,32000,after
secret_dependent_routine,382156627037800,382156627069100,31300,after
secret_dependent_routine,382156627072700,382156627104200,31500,after
secret_dependent_routine,382156627105400,382156627137000,31600,after
secret_dependent_routine,382156627138100,382156627169700,31600,after
secret_dependent_routine,382156627170800,382156627204400,33600,after
secret_dependent_routine,382156627207000,382156627242700,35700,after
secret_dependent_routine,382156627244200,382156627281600,37400,after
secret_dependent_routine,382156627282900,382156627319900,37000,after
secret_dependent_routine,382156627321200,382156627361700,40500,after
secret_dependent_routine,382156627363000,382156627401700,38700,after
secret_dependent_routine,382156627402900,382156627438700,35800,after
secret_dependent_routine,382156627439800,382156627472900,33100,after
secret_dependent_routine,382156627474000,382156627506400,32400,after
secret_dependent_routine,382156627509600,382156627542800,33200,after
secret_dependent_routine,382156627543900,382156627577700,33800,after
secret_dependent_routine,382156627578800,382156627612000,33200,after
secret_dependent_routine,382156627613100,382156627646900,33800,after
secret_dependent_routine,382156627647900,382156627680600,32700,after
secret_dependent_routine,382156627681700,382156627715500,33800,after
secret_dependent_routine,382156627716600,382156627749400,32800,after
secret_dependent_routine,382156627750500,382156627782700,32200,after
secret_dependent_routine,382156627783800,382156627816700,32900,after
secret_dependent_routine,382156627817800,382156627849200,31400,after
secret_dependent_routine,382156627850300,382156627881400,31100,after
secret_dependent_routine,382156627882500,382156627913500,31000,after
secret_dependent_routine,382156627914700,382156627946800,32100,after
secret_dependent_routine,382156627948000,382156627982400,34400,after
secret_dependent_routine,382156627983700,382156628018200,34500,after
secret_dependent_routine,382156628019400,382156628058200,38800,after
secret_dependent_routine,382156628061300,382156628096700,35400,after
secret_dependent_routine,382156628098000,382156628132500,34500,after
secret_dependent_routine,382156628134000,382156628168300,34300,after
secret_dependent_routine,382156628169500,382156628206500,37000,after
secret_dependent_routine,382156628209300,382156628244800,35500,after
secret_dependent_routine,382156628246200,382156628284700,38500,after
secret_dependent_routine,382156628286200,382156628323900,37700,after
secret_dependent_routine,382156628325300,382156628365900,40600,after
secret_dependent_routine,382156628367200,382156628406000,38800,after
secret_dependent_routine,382156628407300,382156628442700,35400,after
secret_dependent_routine,382156628444100,382156628482600,38500,after
secret_dependent_routine,382156628505000,382156628542500,37500,after
secret_dependent_routine,382156628545500,382156628598800,53300,after
secret_dependent_routine,382156628601400,382156628648000,46600,after
secret_dependent_routine,382156628649900,382156628688100,38200,after
secret_dependent_routine,382156628690000,382156628727300,37300,after
secret_dependent_routine,382156628730200,382156628772700,42500,after
secret_dependent_routine,382156628774300,382156628819300,45000,after
secret_dependent_routine,382156628821500,382156628862300,40800,after
secret_dependent_routine,382156628863800,382156628900300,36500,after
secret_dependent_routine,382156628901400,382156628938400,37000,after
secret_dependent_routine,382156628940600,382156628968600,28000,after
secret_dependent_routine,382156628969700,382156628997600,27900,after
secret_dependent_routine,382156628998500,382156629026200,27700,after
secret_dependent_routine,382156629027200,382156629054800,27600,after
secret_dependent_routine,382156629055800,382156629083000,27200,after
secret_dependent_routine,382156629083900,382156629112000,28100,after
secret_dependent_routine,382156629113000,382156629140200,27200,after
secret_dependent_routine,382156629141200,382156629171100,29900,after
secret_dependent_routine,382156629172200,382156629202800,30600,after
secret_dependent_routine,382156629203900,382156629235600,31700,after
secret_dependent_routine,382156629236700,382156629270200,33500,after
secret_dependent_routine,382156629271400,382156629306200,34800,after
secret_dependent_routine,382156629307400,382156629342500,35100,after
secret_dependent_routine,382156629343800,382156629393000,49200,after
secret_dependent_routine,382156629395000,382156629438500,43500,after
secret_dependent_routine,382156629441500,382156629484100,42600,after
secret_dependent_routine,382156629485700,382156629522200,36500,after
secret_dependent_routine,382156629523500,382156629557600,34100,after
secret_dependent_routine,382156629559000,382156629593100,34100,after
secret_dependent_routine,382156629594400,382156629631000,36600,after
secret_dependent_routine,382156629632300,382156629669800,37500,after
secret_dependent_routine,382156629671100,382156629708700,37600,after
secret_dependent_routine,382156629710000,382156629746900,36900,after
secret_dependent_routine,382156629749000,382156629783200,34200,after
secret_dependent_routine,382156629784400,382156629819100,34700,after
secret_dependent_routine,382156629820100,382156629847500,27400,after
secret_dependent_routine,382156629849700,382156629877300,27600,after
secret_dependent_routine,382156629878400,382156629906700,28300,after
secret_dependent_routine,382156629909100,382156629936800,27700,after
secret_dependent_routine,382156629937800,382156629966000,28200,after
secret_dependent_routine,382156629966900,382156629994900,28000,after
secret_dependent_routine,382156629995900,382156630024200,28300,after
secret_dependent_routine,382156630025100,382156630056700,31600,after
secret_dependent_routine,382156630058100,382156630086700,28600,after
secret_dependent_routine,382156630087700,382156630115400,27700,after
secret_dependent_routine,382156630117500,382156630145000,27500,after
secret_dependent_routine,382156630145900,382156630177100,31200,after
secret_dependent_routine,382156630178300,382156630209200,30900,after
secret_dependent_routine,382156630210300,382156630242300,32000,after
secret_dependent_routine,382156630243500,382156630278400,34900,after
secret_dependent_routine,382156630279700,382156630313600,33900,after
secret_dependent_routine,382156630314900,382156630347200,32300,after
secret_dependent_routine,382156630348200,382156630378400,30200,after
secret_dependent_routine,382156630379400,382156630407600,28200,after
secret_dependent_routine,382156630408700,382156630437600,28900,after
secret_dependent_routine,382156630438600,382156630468400,29800,after
secret_dependent_routine,382156630469400,382156630498900,29500,after
secret_dependent_routine,382156630499900,382156630529900,30000,after
secret_dependent_routine,382156630530900,382156630561500,30600,after
secret_dependent_routine,382156630562500,382156630592500,30000,after
secret_dependent_routine,382156630593400,382156630623700,30300,after
secret_dependent_routine,382156630624700,382156630654900,30200,after
secret_dependent_routine,382156630655900,382156630685700,29800,after
secret_dependent_routine,382156630686600,382156630716200,29600,after
secret_dependent_routine,382156630717200,382156630746700,29500,after
secret_dependent_routine,382156630747700,382156630776600,28900,after
secret_dependent_routine,382156630777600,382156630807100,29500,after
secret_dependent_routine,382156630808100,382156630837400,29300,after
secret_dependent_routine,382156630838300,382156630865700,27400,after
secret_dependent_routine,382156630867800,382156630895800,28000,after
secret_dependent_routine,382156630896800,382156630924300,27500,after
secret_dependent_routine,382156630925200,382156630953000,27800,after
secret_dependent_routine,382156630953900,382156630981700,27800,after
secret_dependent_routine,382156630982700,382156631010600,27900,after
secret_dependent_routine,382156631012800,382156631043500,30700,after
secret_dependent_routine,382156631044600,382156631072800,28200,after
secret_dependent_routine,382156631073700,382156631101500,27800,after
secret_dependent_routine,382156631102400,382156631130400,28000,after
secret_dependent_routine,382156631132400,382156631161400,29000,after
secret_dependent_routine,382156631162500,382156631193600,31100,after
secret_dependent_routine,382156631194700,382156631225800,31100,after
secret_dependent_routine,382156631226900,382156631260800,33900,after
secret_dependent_routine,382156631261900,382156631296100,34200,after
secret_dependent_routine,382156631297300,382156631331000,33700,after
secret_dependent_routine,382156631332000,382156631359400,27400,after
secret_dependent_routine,382156631360300,382156631388100,27800,after
secret_dependent_routine,382156631389000,382156631416700,27700,after
secret_dependent_routine,382156631417700,382156631445300,27600,after
secret_dependent_routine,382156631446300,382156631474400,28100,after
secret_dependent_routine,382156631475400,382156631503600,28200,after
secret_dependent_routine,382156631504600,382156631532400,27800,after
secret_dependent_routine,382156631533400,382156631561400,28000,after
secret_dependent_routine,382156631562400,382156631590100,27700,after
secret_dependent_routine,382156631591100,382156631618900,27800,after
secret_dependent_routine,382156631619800,382156631647400,27600,after
secret_dependent_routine,382156631648300,382156631676300,28000,after
secret_dependent_routine,382156631677200,382156631704700,27500,after
secret_dependent_routine,382156631707200,382156631734700,27500,after
secret_dependent_routine,382156631735700,382156631762900,27200,after
secret_dependent_routine,382156631763800,382156631792000,28200,after
secret_dependent_routine,382156631793000,382156631820300,27300,after
secret_dependent_routine,382156631821200,382156631848900,27700,after
secret_dependent_routine,382156631849900,382156631876900,27000,after
secret_dependent_routine,382156631877900,382156631906100,28200,after
secret_dependent_routine,382156631907100,382156631934600,27500,after
secret_dependent_routine,382156631935600,382156631963200,27600,after
secret_dependent_routine,382156631964200,382156631991800,27600,after
secret_dependent_routine,382156631992800,382156632020200,27400,after
secret_dependent_routine,382156632021200,382156632051700,30500,after
secret_dependent_routine,382156632053000,382156632081100,28100,after
secret_dependent_routine,382156632083300,382156632112100,28800,after
secret_dependent_routine,382156632113100,382156632141400,28300,after
secret_dependent_routine,382156632142300,382156632172500,30200,after
secret_dependent_routine,382156632173500,382156632204800,31300,after
secret_dependent_routine,382156632205800,382156632237400,31600,after
secret_dependent_routine,382156632238600,382156632272200,33600,after
secret_dependent_routine,382156632273300,382156632306700,33400,after
secret_dependent_routine,382156632307900,382156632342000,34100,after
secret_dependent_routine,382156632343200,382156632378500,35300,after
secret_dependent_routine,382156632394300,382156632429200,34900,after
secret_dependent_routine,382156632431600,382156632466100,34500,after
secret_dependent_routine,382156632467400,382156632502700,35300,after
secret_dependent_routine,382156632504000,382156632540500,36500,after
secret_dependent_routine,382156632541800,382156632595200,53400,after
secret_dependent_routine,382156632598400,382156632647100,48700,after
secret_dependent_routine,382156632649200,382156632686700,37500,after
secret_dependent_routine,382156632688200,382156632722500,34300,after
secret_dependent_routine,382156632723700,382156632759800,36100,after
secret_dependent_routine,382156632761300,382156632797000,35700,after
secret_dependent_routine,382156632800600,382156632839000,38400,after
secret_dependent_routine,382156632840200,382156632873900,33700,after
secret_dependent_routine,382156632875200,382156632911800,36600,after
secret_dependent_routine,382156632913200,382156632949700,36500,after
secret_dependent_routine,382156632951200,382156632987800,36600,after
secret_dependent_routine,382156632989000,382156633025300,36300,after
secret_dependent_routine,382156633026500,382156633061500,35000,after
secret_dependent_routine,382156633062700,382156633098800,36100,after
secret_dependent_routine,382156633100100,382156633137200,37100,after
secret_dependent_routine,382156633138400,382156633171600,33200,after
secret_dependent_routine,382156633173000,382156633206600,33600,after
secret_dependent_routine,382156633207700,382156633238400,30700,after
secret_dependent_routine,382156633239400,382156633267900,28500,after
secret_dependent_routine,382156633268900,382156633297400,28500,after
secret_dependent_routine,382156633298400,382156633327000,28600,after
secret_dependent_routine,382156633328000,382156633356300,28300,after
secret_dependent_routine,382156633357300,382156633387100,29800,after
secret_dependent_routine,382156633389500,382156633416800,27300,after
secret_dependent_routine,382156633417800,382156633445800,28000,after
secret_dependent_routine,382156633446800,382156633474500,27700,after
secret_dependent_routine,382156633475400,382156633503000,27600,after
secret_dependent_routine,382156633503900,382156633531300,27400,after
secret_dependent_routine,382156633532200,382156633560000,27800,after
secret_dependent_routine,382156633560900,382156633590300,29400,after
secret_dependent_routine,382156633591400,382156633619000,27600,after
secret_dependent_routine,382156633620000,382156633647600,27600,after
secret_dependent_routine,382156633648700,382156633679000,30300,after
secret_dependent_routine,382156633680100,382156633711500,31400,after
secret_dependent_routine,382156633712600,382156633743900,31300,after
secret_dependent_routine,382156633745000,382156633778500,33500,after
secret_dependent_routine,382156633779700,382156633813400,33700,after
secret_dependent_routine,382156633814500,382156633848300,33800,after
secret_dependent_routine,382156633849500,382156633881200,31700,after
secret_dependent_routine,382156633882200,382156633909900,27700,after
secret_dependent_routine,382156633912100,382156633940300,28200,after
secret_dependent_routine,382156633941300,382156633969700,28400,after
secret_dependent_routine,382156633972200,382156634000300,28100,after
secret_dependent_routine,382156634001200,382156634030500,29300,after
secret_dependent_routine,382156634031500,382156634062700,31200,after
secret_dependent_routine,382156634064100,382156634092300,28200,after
secret_dependent_routine,382156634093300,382156634121100,27800,after
secret_dependent_routine,382156634122100,382156634149800,27700,after
secret_dependent_routine,382156634150800,382156634178100,27300,after
secret_dependent_routine,382156634179100,382156634206300,27200,after
secret_dependent_routine,382156634207300,382156634235200,27900,after
secret_dependent_routine,382156634236100,382156634263400,27300,after
secret_dependent_routine,382156634264400,382156634292000,27600,after
secret_dependent_routine,382156634293000,382156634323400,30400,after
secret_dependent_routine,382156634324500,382156634355700,31200,after
secret_dependent_routine,382156634356800,382156634387400,30600,after
secret_dependent_routine,382156634388600,382156634422300,33700,after
secret_dependent_routine,382156634423400,382156634456200,32800,after
secret_dependent_routine,382156634457400,382156634491500,34100,after
secret_dependent_routine,382156634492400,382156634520200,27800,after
secret_dependent_routine,382156634522400,382156634550700,28300,after
secret_dependent_routine,382156634551800,382156634579700,27900,after
secret_dependent_routine,382156634580700,382156634608600,27900,after
secret_dependent_routine,382156634609600,382156634637600,28000,after
secret_dependent_routine,382156634638600,382156634667200,28600,after
secret_dependent_routine,382156634668200,382156634695900,27700,after
secret_dependent_routine,382156634696800,382156634724800,28000,after
secret_dependent_routine,382156634725700,382156634753400,27700,after
secret_dependent_routine,382156634754400,382156634782400,28000,after
secret_dependent_routine,382156634783400,382156634810900,27500,after
secret_dependent_routine,382156634811900,382156634839500,27600,after
secret_dependent_routine,382156634840400,382156634869400,29000,after
secret_dependent_routine,382156634870500,382156634902700,32200,after
secret_dependent_routine,382156634904000,382156634935700,31700,after
secret_dependent_routine,382156634936800,382156634968700,31900,after
secret_dependent_routine,382156634969800,382156635003200,33400,after
secret_dependent_routine,382156635004300,382156635038600,34300,after
secret_dependent_routine,382156635039800,382156635073800,34000,after
secret_dependent_routine,382156635074900,382156635108700,33800,after
secret_dependent_routine,382156635109900,382156635144100,34200,after
secret_dependent_routine,382156635145300,382156635179800,34500,after
secret_dependent_routine,382156635181000,382156635215400,34400,after
secret_dependent_routine,382156635218000,382156635254500,36500,after
secret_dependent_routine,382156635258200,382156635298000,39800,after
secret_dependent_routine,382156635299700,382156635340400,40700,after
secret_dependent_routine,382156635341700,382156635379600,37900,after
secret_dependent_routine,382156635381000,382156635419600,38600,after
secret_dependent_routine,382156635421200,382156635462200,41000,after
secret_dependent_routine,382156635464000,382156635501000,37000,after
secret_dependent_routine,382156635502200,382156635533500,31300,after
secret_dependent_routine,382156635534500,382156635563700,29200,after
secret_dependent_routine,382156635564700,382156635594100,29400,after
secret_dependent_routine,382156635595200,382156635624100,28900,after
secret_dependent_routine,382156635625100,382156635653300,28200,after
secret_dependent_routine,382156635654300,382156635683300,29000,after
secret_dependent_routine,382156635684300,382156635713600,29300,after
secret_dependent_routine,382156635716200,382156635745300,29100,after
secret_dependent_routine,382156635746200,382156635774400,28200,after
secret_dependent_routine,382156635775400,382156635804300,28900,after
secret_dependent_routine,382156635805200,382156635833900,28700,after
secret_dependent_routine,382156635834900,382156635863700,28800,after
secret_dependent_routine,382156635864700,382156635893400,28700,after
secret_dependent_routine,382156635894400,382156635923100,28700,after
secret_dependent_routine,382156635924100,382156635953100,29000,after
secret_dependent_routine,382156635954100,382156635983100,29000,after
secret_dependent_routine,382156635984000,382156636012500,28500,after
secret_dependent_routine,382156636013500,382156636042300,28800,after
secret_dependent_routine,382156636046500,382156636074800,28300,after
secret_dependent_routine,382156636075800,382156636103900,28100,after
secret_dependent_routine,382156636104900,382156636132900,28000,after
secret_dependent_routine,382156636133900,382156636162100,28200,after
secret_dependent_routine,382156636163000,382156636190800,27800,after
secret_dependent_routine,382156636191700,382156636219400,27700,after
secret_dependent_routine,382156636220300,382156636248100,27800,after
secret_dependent_routine,382156636249100,382156636278200,29100,after
secret_dependent_routine,382156636279200,382156636306700,27500,after
secret_dependent_routine,382156636307700,382156636335900,28200,after
secret_dependent_routine,382156636336900,382156636364400,27500,after
secret_dependent_routine,382156636365400,382156636393200,27800,after
secret_dependent_routine,382156636394100,382156636422800,28700,after
secret_dependent_routine,382156636423900,382156636460100,36200,after
secret_dependent_routine,382156636461200,382156636491900,30700,after
secret_dependent_routine,382156636493000,382156636527000,34000,after
secret_dependent_routine,382156636528300,382156636697000,168700,after
secret_dependent_routine,382156636703900,382156636781000,77100,after
secret_dependent_routine,382156636788100,382156636857400,69300,after
secret_dependent_routine,382156636863400,382156636921000,57600,after
secret_dependent_routine,382156636929000,382156636988100,59100,after
secret_dependent_routine,382156636991300,382156637057500,66200,after
secret_dependent_routine,382156637060400,382156637121500,61100,after
secret_dependent_routine,382156637124600,382156637191400,66800,after
secret_dependent_routine,382156637194600,382156637268600,74000,after
secret_dependent_routine,382156637275500,382156637343100,67600,after
secret_dependent_routine,382156637346300,382156637440000,93700,after
secret_dependent_routine,382156637453900,382156637525000,71100,after
secret_dependent_routine,382156637531700,382156637632200,100500,after
secret_dependent_routine,382156637639600,382156637676800,37200,after
secret_dependent_routine,382156637678600,382156637714300,35700,after
secret_dependent_routine,382156637715600,382156637751600,36000,after
secret_dependent_routine,382156637752900,382156637788600,35700,after
secret_dependent_routine,382156637790000,382156637826700,36700,after
secret_dependent_routine,382156637827900,382156637866200,38300,after
secret_dependent_routine,382156637867500,382156637904300,36800,after
secret_dependent_routine,382156637905700,382156637941900,36200,after
secret_dependent_routine,382156637943000,382156637972700,29700,after
secret_dependent_routine,382156637973700,382156638002200,28500,after
secret_dependent_routine,382156638003200,382156638031800,28600,after
secret_dependent_routine,382156638032800,382156638061500,28700,after
secret_dependent_routine,382156638062600,382156638091400,28800,after
secret_dependent_routine,382156638092500,382156638121300,28800,after
secret_dependent_routine,382156638122400,382156638151000,28600,after
secret_dependent_routine,382156638152000,382156638180200,28200,after
secret_dependent_routine,382156638181200,382156638209800,28600,after
secret_dependent_routine,382156638210800,382156638238800,28000,after
secret_dependent_routine,382156638239800,382156638268400,28600,after
secret_dependent_routine,382156638269400,382156638297600,28200,after
secret_dependent_routine,382156638298600,382156638329900,31300,after
secret_dependent_routine,382156638331000,382156638359200,28200,after
secret_dependent_routine,382156638360300,382156638388900,28600,after
secret_dependent_routine,382156638389900,382156638418600,28700,after
secret_dependent_routine,382156638419700,382156638450800,31100,after
secret_dependent_routine,382156638451900,382156638482800,30900,after
secret_dependent_routine,382156638483900,382156638517400,33500,after
secret_dependent_routine,382156638518600,382156638553900,35300,after
secret_dependent_routine,382156638555100,382156638591100,36000,after
secret_dependent_routine,382156638592200,382156638620900,28700,after
secret_dependent_routine,382156638621900,382156638650600,28700,after
secret_dependent_routine,382156638652800,382156638681600,28800,after
secret_dependent_routine,382156638683800,382156638712900,29100,after
secret_dependent_routine,382156638714000,382156638741800,27800,after
secret_dependent_routine,382156638742800,382156638771200,28400,after
secret_dependent_routine,382156638772200,382156638800200,28000,after
secret_dependent_routine,382156638801200,382156638829500,28300,after
secret_dependent_routine,382156638830500,382156638858900,28400,after
secret_dependent_routine,382156638863200,382156638892200,29000,after
secret_dependent_routine,382156638893200,382156638921800,28600,after
secret_dependent_routine,382156638922800,382156638951900,29100,after
secret_dependent_routine,382156638952800,382156638982900,30100,after
secret_dependent_routine,382156638983900,382156639013400,29500,after
secret_dependent_routine,382156639014400,382156639042100,27700,after
secret_dependent_routine,382156639043100,382156639071900,28800,after
secret_dependent_routine,382156639072900,382156639101500,28600,after
secret_dependent_routine,382156639102600,382156639131500,28900,after
secret_dependent_routine,382156639132500,382156639161000,28500,after
secret_dependent_routine,382156639161900,382156639190900,29000,after
secret_dependent_routine,382156639191900,382156639220700,28800,after
secret_dependent_routine,382156639221700,382156639251000,29300,after
secret_dependent_routine,382156639252000,382156639280800,28800,after
secret_dependent_routine,382156639281800,382156639316600,34800,after
secret_dependent_routine,382156639317900,382156639346800,28900,after
secret_dependent_routine,382156639347800,382156639376300,28500,after
secret_dependent_routine,382156639377200,382156639406200,29000,after
secret_dependent_routine,382156639407200,382156639438100,30900,after
secret_dependent_routine,382156639439300,382156639471700,32400,after
secret_dependent_routine,382156639472800,382156639504700,31900,after
secret_dependent_routine,382156639505800,382156639541900,36100,after
secret_dependent_routine,382156639543200,382156639579400,36200,after
secret_dependent_routine,382156639580600,382156639612600,32000,after
secret_dependent_routine,382156639613600,382156639642300,28700,after
secret_dependent_routine,382156639643300,382156639673500,30200,after
secret_dependent_routine,382156639674500,382156639703400,28900,after
secret_dependent_routine,382156639704400,382156639733300,28900,after
secret_dependent_routine,382156639734300,382156639763100,28800,after
secret_dependent_routine,382156639764000,382156639792600,28600,after
secret_dependent_routine,382156639793600,382156639822300,28700,after
secret_dependent_routine,382156639824400,382156639852900,28500,after
secret_dependent_routine,382156639853900,382156639882500,28600,after
secret_dependent_routine,382156639883500,382156639912200,28700,after
secret_dependent_routine,382156639913200,382156639941900,28700,after
secret_dependent_routine,382156639943000,382156639970900,27900,after
secret_dependent_routine,382156639972900,382156640001700,28800,after
secret_dependent_routine,382156640002600,382156640031300,28700,after
secret_dependent_routine,382156640032300,382156640061300,29000,after
secret_dependent_routine,382156640062300,382156640091500,29200,after
secret_dependent_routine,382156640092500,382156640120900,28400,after
secret_dependent_routine,382156640121900,382156640150700,28800,after
secret_dependent_routine,382156640151800,382156640181100,29300,after
secret_dependent_routine,382156640182100,382156640210800,28700,after
secret_dependent_routine,382156640211800,382156640240500,28700,after
secret_dependent_routine,382156640241500,382156640269800,28300,after
secret_dependent_routine,382156640270800,382156640299700,28900,after
secret_dependent_routine,382156640300700,382156640329200,28500,after
secret_dependent_routine,382156640330200,382156640358700,28500,after
secret_dependent_routine,382156640359800,382156640388600,28800,after
secret_dependent_routine,382156640389600,382156640418800,29200,after
secret_dependent_routine,382156640419800,382156640451700,31900,after
secret_dependent_routine,382156640452800,382156640484300,31500,after
secret_dependent_routine,382156640485400,382156640519800,34400,after
secret_dependent_routine,382156640521000,382156640557000,36000,after
secret_dependent_routine,382156640558300,382156640595500,37200,after
secret_dependent_routine,382156640598300,382156640632000,33700,after
secret_dependent_routine,382156640633100,382156640661500,28400,after
secret_dependent_routine,382156640662500,382156640690600,28100,after
secret_dependent_routine,382156640691500,382156640719700,28200,after
secret_dependent_routine,382156640720700,382156640748700,28000,after
secret_dependent_routine,382156640749600,382156640778300,28700,after
secret_dependent_routine,382156640779300,382156640807800,28500,after
secret_dependent_routine,382156640808800,382156640837100,28300,after
secret_dependent_routine,382156640838100,382156640865900,27800,after
secret_dependent_routine,382156640866900,382156640895300,28400,after
secret_dependent_routine,382156640896300,382156640924300,28000,after
secret_dependent_routine,382156640934400,382156640963900,29500,after
secret_dependent_routine,382156640965000,382156640995500,30500,after
secret_dependent_routine,382156640996800,382156641024600,27800,after
secret_dependent_routine,382156641025700,382156641053900,28200,after
secret_dependent_routine,382156641054900,382156641082800,27900,after
secret_dependent_routine,382156641083800,382156641111800,28000,after
secret_dependent_routine,382156641112800,382156641140800,28000,after
secret_dependent_routine,382156641141700,382156641171900,30200,after
secret_dependent_routine,382156641173000,382156641204100,31100,after
secret_dependent_routine,382156641205200,382156641236700,31500,after
secret_dependent_routine,382156641237800,382156641273100,35300,after
secret_dependent_routine,382156641274400,382156641316200,41800,after
secret_dependent_routine,382156641318400,382156641355100,36700,after
secret_dependent_routine,382156641356400,382156641392200,35800,after
secret_dependent_routine,382156641393400,382156641444700,51300,after
secret_dependent_routine,382156641446400,382156641500200,53800,after
secret_dependent_routine,382156641502000,382156641559700,57700,after
secret_dependent_routine,382156641562000,382156641621000,59000,after
secret_dependent_routine,382156641623400,382156641659600,36200,after
secret_dependent_routine,382156641661000,382156641696100,35100,after
secret_dependent_routine,382156641697300,382156641731500,34200,after
secret_dependent_routine,382156641732700,382156641768300,35600,after
secret_dependent_routine,382156641769500,382156641805200,35700,after
secret_dependent_routine,382156641806400,382156641842400,36000,after
secret_dependent_routine,382156641843800,382156641879100,35300,after
secret_dependent_routine,382156641880400,382156641911700,31300,after
secret_dependent_routine,382156641912700,382156641941000,28300,after
secret_dependent_routine,382156641942000,382156641969600,27600,after
secret_dependent_routine,382156641970600,382156641998300,27700,after
secret_dependent_routine,382156641999200,382156642026700,27500,after
secret_dependent_routine,382156642027600,382156642055300,27700,after
secret_dependent_routine,382156642056300,382156642084000,27700,after
secret_dependent_routine,382156642084900,382156642112700,27800,after
secret_dependent_routine,382156642113600,382156642141500,27900,after
secret_dependent_routine,382156642142400,382156642170000,27600,after
secret_dependent_routine,382156642171000,382156642200800,29800,after
secret_dependent_routine,382156642202100,382156642232800,30700,after
secret_dependent_routine,382156642233900,382156642264900,31000,after
secret_dependent_routine,382156642266000,382156642301300,35300,after
secret_dependent_routine,382156642302500,382156642359800,57300,after
secret_dependent_routine,382156642361200,382156642397400,36200,after
secret_dependent_routine,382156642398700,382156642434500,35800,after
secret_dependent_routine,382156642435700,382156642471000,35300,after
secret_dependent_routine,382156642472200,382156642508100,35900,after
secret_dependent_routine,382156642509300,382156642565100,55800,after
secret_dependent_routine,382156642567200,382156642629500,62300,after
secret_dependent_routine,382156642631600,382156642691400,59800,after
secret_dependent_routine,382156642693900,382156642750100,56200,after
secret_dependent_routine,382156642758300,382156642831400,73100,after
secret_dependent_routine,382156642833700,382156642904400,70700,after
secret_dependent_routine,382156642907200,382156642965900,58700,after
secret_dependent_routine,382156642968000,382156643039100,71100,after
secret_dependent_routine,382156643041400,382156643102100,60700,after
secret_dependent_routine,382156643110400,382156643181200,70800,after
secret_dependent_routine,382156643184000,382156643224300,40300,after
secret_dependent_routine,382156643226200,382156643298300,72100,after
secret_dependent_routine,382156643300700,382156643347000,46300,after
secret_dependent_routine,382156643349100,382156643384600,35500,after
secret_dependent_routine,382156643385900,382156643420800,34900,after
secret_dependent_routine,382156643422000,382156643460200,38200,after
secret_dependent_routine,382156643461300,382156643489700,28400,after
secret_dependent_routine,382156643490700,382156643518800,28100,after
secret_dependent_routine,382156643519800,382156643547200,27400,after
secret_dependent_routine,382156643548200,382156643576300,28100,after
secret_dependent_routine,382156643577300,382156643605200,27900,after
secret_dependent_routine,382156643606200,382156643634900,28700,after
secret_dependent_routine,382156643635900,382156643664000,28100,after
secret_dependent_routine,382156643665000,382156643693400,28400,after
secret_dependent_routine,382156643694400,382156643722700,28300,after
secret_dependent_routine,382156643723700,382156643752200,28500,after
secret_dependent_routine,382156643753200,382156643781700,28500,after
secret_dependent_routine,382156643782800,382156643811000,28200,after
secret_dependent_routine,382156643812200,382156643840100,27900,after
secret_dependent_routine,382156643841100,382156643868900,27800,after
secret_dependent_routine,382156643869900,382156643898700,28800,after
secret_dependent_routine,382156643899700,382156643928800,29100,after
secret_dependent_routine,382156643929800,382156643961700,31900,after
secret_dependent_routine,382156643962700,382156643994000,31300,after
secret_dependent_routine,382156643995100,382156644027900,32800,after
secret_dependent_routine,382156644029100,382156644064700,35600,after
secret_dependent_routine,382156644066000,382156644101200,35200,after
secret_dependent_routine,382156644102500,382156644138500,36000,after
secret_dependent_routine,382156644139800,382156644174900,35100,after
secret_dependent_routine,382156644176100,382156644211400,35300,after
secret_dependent_routine,382156644212600,382156644247400,34800,after
secret_dependent_routine,382156644248300,382156644277300,29000,after
secret_dependent_routine,382156644278300,382156644306600,28300,after
secret_dependent_routine,382156644307600,382156644335800,28200,after
secret_dependent_routine,382156644336800,382156644364300,27500,after
secret_dependent_routine,382156644365200,382156644393300,28100,after
secret_dependent_routine,382156644394300,382156644422000,27700,after
secret_dependent_routine,382156644423000,382156644450900,27900,after
secret_dependent_routine,382156644451900,382156644479900,28000,after
secret_dependent_routine,382156644482500,382156644514800,32300,after
secret_dependent_routine,382156644515900,382156644547500,31600,after
secret_dependent_routine,382156644548500,382156644580900,32400,after
secret_dependent_routine,382156644582300,382156644616600,34300,after
secret_dependent_routine,382156644617800,382156644652700,34900,after
secret_dependent_routine,382156644654000,382156644688100,34100,after
secret_dependent_routine,382156644689300,382156644724100,34800,after
secret_dependent_routine,382156644725400,382156644759500,34100,after
secret_dependent_routine,382156644760700,382156644795600,34900,after
secret_dependent_routine,382156644796800,382156644831300,34500,after
secret_dependent_routine,382156644832800,382156644867600,34800,after
secret_dependent_routine,382156644868800,382156644902300,33500,after
secret_dependent_routine,382156644903700,382156644937700,34000,after
secret_dependent_routine,382156644939000,382156644974300,35300,after
secret_dependent_routine,382156644976600,382156645039700,63100,after
secret_dependent_routine,382156645041600,382156645104400,62800,after
secret_dependent_routine,382156645107800,382156645172500,64700,after
secret_dependent_routine,382156645175200,382156645249000,73800,after
secret_dependent_routine,382156645255900,382156645315400,59500,after
secret_dependent_routine,382156645318600,382156645376900,58300,after
secret_dependent_routine,382156645380800,382156645421400,40600,after
secret_dependent_routine,382156645423100,382156645454100,31000,after
secret_dependent_routine,382156645455200,382156645484600,29400,after
secret_dependent_routine,382156645485600,382156645514100,28500,after
secret_dependent_routine,382156645515100,382156645543900,28800,after
secret_dependent_routine,382156645545000,382156645574500,29500,after
secret_dependent_routine,382156645575500,382156645605500,30000,after
secret_dependent_routine,382156645606600,382156645636000,29400,after
secret_dependent_routine,382156645637100,382156645666000,28900,after
secret_dependent_routine,382156645667000,382156645695900,28900,after
secret_dependent_routine,382156645697000,382156645726800,29800,after
secret_dependent_routine,382156645727800,382156645756100,28300,after
secret_dependent_routine,382156645760600,382156645790400,29800,after
secret_dependent_routine,382156645791500,382156645820300,28800,after
secret_dependent_routine,382156645821300,382156645850500,29200,after
secret_dependent_routine,382156645851600,382156645880100,28500,after
secret_dependent_routine,382156645881100,382156645910100,29000,after
secret_dependent_routine,382156645911100,382156645939400,28300,after
secret_dependent_routine,382156645940500,382156645969800,29300,after
secret_dependent_routine,382156645970900,382156645999300,28400,after
secret_dependent_routine,382156646000400,382156646029200,28800,after
secret_dependent_routine,382156646030400,382156646060300,29900,after
secret_dependent_routine,382156646061400,382156646093000,31600,after
secret_dependent_routine,382156646094100,382156646124900,30800,after
secret_dependent_routine,382156646126000,382156646159500,33500,after
secret_dependent_routine,382156646160700,382156646202300,41600,after
secret_dependent_routine,382156646204600,382156646258700,54100,after
secret_dependent_routine,382156646261100,382156646301400,40300,after
secret_dependent_routine,382156646303200,382156646337500,34300,after
secret_dependent_routine,382156646338800,382156646374300,35500,after
secret_dependent_routine,382156646375600,382156646413700,38100,after
secret_dependent_routine,382156646415800,382156646475700,59900,after
secret_dependent_routine,382156646479700,382156646530300,50600,after
secret_dependent_routine,382156646535800,382156646582800,47000,after
secret_dependent_routine,382156646584600,382156646613800,29200,after
secret_dependent_routine,382156646614900,382156646644000,29100,after
secret_dependent_routine,382156646645000,382156646674500,29500,after
secret_dependent_routine,382156646676100,382156646704800,28700,after
secret_dependent_routine,382156646705800,382156646742500,36700,after
secret_dependent_routine,382156646744000,382156646773500,29500,after
secret_dependent_routine,382156646774800,382156646804500,29700,after
secret_dependent_routine,382156646805600,382156646834500,28900,after
secret_dependent_routine,382156646835600,382156646865400,29800,after
secret_dependent_routine,382156646866400,382156646895400,29000,after
secret_dependent_routine,382156646896400,382156646925100,28700,after
secret_dependent_routine,382156646926100,382156646955500,29400,after
secret_dependent_routine,382156646956500,382156646985800,29300,after
secret_dependent_routine,382156646986800,382156647016400,29600,after
secret_dependent_routine,382156647017500,382156647047000,29500,after
secret_dependent_routine,382156647048500,382156647080200,31700,after
secret_dependent_routine,382156647081300,382156647112600,31300,after
secret_dependent_routine,382156647113700,382156647148000,34300,after
secret_dependent_routine,382156647149200,382156647188100,38900,after
secret_dependent_routine,382156647190300,382156647247400,57100,after
secret_dependent_routine,382156647249100,382156647306900,57800,after
secret_dependent_routine,382156647309100,382156647368700,59600,after
secret_dependent_routine,382156647371300,382156647443600,72300,after
secret_dependent_routine,382156647447200,382156647494600,47400,after
secret_dependent_routine,382156647496200,382156647532100,35900,after
secret_dependent_routine,382156647533700,382156647562200,28500,after
secret_dependent_routine,382156647563500,382156647592800,29300,after
secret_dependent_routine,382156647593800,382156647622900,29100,after
secret_dependent_routine,382156647623900,382156647653200,29300,after
secret_dependent_routine,382156647654200,382156647683600,29400,after
secret_dependent_routine,382156647684600,382156647713800,29200,after
secret_dependent_routine,382156647714800,382156647744200,29400,after
secret_dependent_routine,382156647745200,382156647774600,29400,after
secret_dependent_routine,382156647775600,382156647805900,30300,after
secret_dependent_routine,382156647807200,382156647836600,29400,after
secret_dependent_routine,382156647839000,382156647870600,31600,after
secret_dependent_routine,382156647871700,382156647903500,31800,after
secret_dependent_routine,382156647904500,382156647935900,31400,after
secret_dependent_routine,382156647937000,382156647969300,32300,after
secret_dependent_routine,382156647970500,382156648002300,31800,after
secret_dependent_routine,382156648003300,382156648035300,32000,after
secret_dependent_routine,382156648036400,382156648069400,33000,after
secret_dependent_routine,382156648070500,382156648104800,34300,after
secret_dependent_routine,382156648105800,382156648140200,34400,after
secret_dependent_routine,382156648141400,382156648180400,39000,after
secret_dependent_routine,382156648181700,382156648220400,38700,after
secret_dependent_routine,382156648221400,382156648252100,30700,after
secret_dependent_routine,382156648253100,382156648285000,31900,after
secret_dependent_routine,382156648286100,382156648316900,30800,after
secret_dependent_routine,382156648317900,382156648348700,30800,after
secret_dependent_routine,382156648349600,382156648380700,31100,after
secret_dependent_routine,382156648381700,382156648412400,30700,after
secret_dependent_routine,382156648413300,382156648444500,31200,after
secret_dependent_routine,382156648445500,382156648476500,31000,after
secret_dependent_routine,382156648477600,382156648508800,31200,after
secret_dependent_routine,382156648509800,382156648540100,30300,after
secret_dependent_routine,382156648541100,382156648571500,30400,after
secret_dependent_routine,382156648572500,382156648602900,30400,after
secret_dependent_routine,382156648606600,382156648638400,31800,after
secret_dependent_routine,382156648639500,382156648670600,31100,after
secret_dependent_routine,382156648671600,382156648703100,31500,after
secret_dependent_routine,382156648704100,382156648741600,37500,after
secret_dependent_routine,382156648743200,382156648773500,30300,after
secret_dependent_routine,382156648774500,382156648804600,30100,after
secret_dependent_routine,382156648805600,382156648835500,29900,after
secret_dependent_routine,382156648836500,382156648866100,29600,after
secret_dependent_routine,382156648867100,382156648897000,29900,after
secret_dependent_routine,382156648898000,382156648926700,28700,after
secret_dependent_routine,382156648927800,382156648956500,28700,after
secret_dependent_routine,382156648957500,382156648986800,29300,after
secret_dependent_routine,382156648988000,382156649017100,29100,after
secret_dependent_routine,382156649018100,382156649047700,29600,after
secret_dependent_routine,382156649048800,382156649080100,31300,after
secret_dependent_routine,382156649081100,382156649112000,30900,after
secret_dependent_routine,382156649113100,382156649147000,33900,after
secret_dependent_routine,382156649148200,382156649186500,38300,after
secret_dependent_routine,382156649187800,382156649224000,36200,after
secret_dependent_routine,382156649226100,382156649254700,28600,after
secret_dependent_routine,382156649255800,382156649284700,28900,after
secret_dependent_routine,382156649285700,382156649314800,29100,after
secret_dependent_routine,382156649315800,382156649344700,28900,after
secret_dependent_routine,382156649345700,382156649374500,28800,after
secret_dependent_routine,382156649375600,382156649404500,28900,after
secret_dependent_routine,382156649405700,382156649434200,28500,after
secret_dependent_routine,382156649435200,382156649463900,28700,after
secret_dependent_routine,382156649464900,382156649493500,28600,after
secret_dependent_routine,382156649494500,382156649523600,29100,after
secret_dependent_routine,382156649524600,382156649553600,29000,after
secret_dependent_routine,382156649554600,382156649584500,29900,after
secret_dependent_routine,382156649585500,382156649614000,28500,after
secret_dependent_routine,382156649615000,382156649643800,28800,after
secret_dependent_routine,382156649644900,382156649673100,28200,after
secret_dependent_routine,382156649674100,382156649703700,29600,after
secret_dependent_routine,382156649704700,382156649733300,28600,after
secret_dependent_routine,382156649734400,382156649763300,28900,after
secret_dependent_routine,382156649764300,382156649792800,28500,after
secret_dependent_routine,382156649793800,382156649822900,29100,after
secret_dependent_routine,382156649823900,382156649852200,28300,after
secret_dependent_routine,382156649853200,382156649882200,29000,after
secret_dependent_routine,382156649883200,382156649912100,28900,after
secret_dependent_routine,382156649913200,382156649941800,28600,after
secret_dependent_routine,382156649942800,382156649971400,28600,after
secret_dependent_routine,382156649972400,382156650001400,29000,after
secret_dependent_routine,382156650002400,382156650031200,28800,after
secret_dependent_routine,382156650032200,382156650062300,30100,after
secret_dependent_routine,382156650063400,382156650094500,31100,after
secret_dependent_routine,382156650095600,382156650126200,30600,after
secret_dependent_routine,382156650127400,382156650161100,33700,after
secret_dependent_routine,382156650162400,382156650199100,36700,after
secret_dependent_routine,382156650200400,382156650234500,34100,after
secret_dependent_routine,382156650235800,382156650266400,30600,after
secret_dependent_routine,382156650267400,382156650294100,26700,after
secret_dependent_routine,382156650295100,382156650322900,27800,after
secret_dependent_routine,382156650323800,382156650350900,27100,after
secret_dependent_routine,382156650351900,382156650379600,27700,after
secret_dependent_routine,382156650380600,382156650407700,27100,after
secret_dependent_routine,382156650408700,382156650436300,27600,after
secret_dependent_routine,382156650437200,382156650464500,27300,after
secret_dependent_routine,382156650465400,382156650492900,27500,after
secret_dependent_routine,382156650494900,382156650522800,27900,after
secret_dependent_routine,382156650523800,382156650554200,30400,after
secret_dependent_routine,382156650555100,382156650583800,28700,after
secret_dependent_routine,382156650584800,382156650614600,29800,after
secret_dependent_routine,382156650615500,382156650645100,29600,after
secret_dependent_routine,382156650646300,382156650678100,31800,after
secret_dependent_routine,382156650679200,382156650714300,35100,after
secret_dependent_routine,382156650715400,382156650757800,42400,after
secret_dependent_routine,382156650759500,382156650794500,35000,after
secret_dependent_routine,382156650795800,382156650830400,34600,after
secret_dependent_routine,382156650831600,382156650866200,34600,after
secret_dependent_routine,382156650867500,382156650910600,43100,after
secret_dependent_routine,382156650912500,382156650964400,51900,after
secret_dependent_routine,382156650966600,382156651017000,50400,after
secret_dependent_routine,382156651019100,382156651076200,57100,after
secret_dependent_routine,382156651079200,382156651115400,36200,after
secret_dependent_routine,382156651116800,382156651151400,34600,after
secret_dependent_routine,382156651152700,382156651209400,56700,after
secret_dependent_routine,382156651211900,382156651264900,53000,after
secret_dependent_routine,382156651269200,382156651312100,42900,after
secret_dependent_routine,382156651314100,382156651349200,35100,after
secret_dependent_routine,382156651350700,382156651385600,34900,after
secret_dependent_routine,382156651387500,382156651421400,33900,after
secret_dependent_routine,382156651422800,382156651452700,29900,after
secret_dependent_routine,382156651456200,382156651486700,30500,after
secret_dependent_routine,382156651490400,382156651526500,36100,after
secret_dependent_routine,382156651527700,382156651578500,50800,after
secret_dependent_routine,382156651584100,382156651639800,55700,after
secret_dependent_routine,382156651641300,382156651694300,53000,after
secret_dependent_routine,382156651696100,382156651746200,50100,after
secret_dependent_routine,382156651748300,382156651956100,207800,after
secret_dependent_routine,382156651966000,382156652028400,62400,after
secret_dependent_routine,382156652031700,382156652101400,69700,after
secret_dependent_routine,382156652109000,382156652187300,78300,after
secret_dependent_routine,382156652198400,382156652258800,60400,after
secret_dependent_routine,382156652261800,382156652311000,49200,after
secret_dependent_routine,382156652312800,382156652384100,71300,after
secret_dependent_routine,382156652386600,382156652449300,62700,after
secret_dependent_routine,382156652452600,382156652522100,69500,after
secret_dependent_routine,382156652525200,382156652584000,58800,after
secret_dependent_routine,382156652586200,382156652624600,38400,after
secret_dependent_routine,382156652626500,382156652661900,35400,after
secret_dependent_routine,382156652663200,382156652694600,31400,after
secret_dependent_routine,382156652702000,382156652732800,30800,after
secret_dependent_routine,382156652733800,382156652763900,30100,after
secret_dependent_routine,382156652764900,382156652795200,30300,after
secret_dependent_routine,382156652796200,382156652826300,30100,after
secret_dependent_routine,382156652827300,382156652857600,30300,after
secret_dependent_routine,382156652858600,382156652889000,30400,after
secret_dependent_routine,382156652890100,382156652920300,30200,after
secret_dependent_routine,382156652921300,382156652951400,30100,after
secret_dependent_routine,382156652952400,382156652982900,30500,after
secret_dependent_routine,382156652983900,382156653014000,30100,after
secret_dependent_routine,382156653015000,382156653045300,30300,after
secret_dependent_routine,382156653046400,382156653076900,30500,after
secret_dependent_routine,382156653077900,382156653110100,32200,after
secret_dependent_routine,382156653111200,382156653144300,33100,after
secret_dependent_routine,382156653145500,382156653179100,33600,after
secret_dependent_routine,382156653180300,382156653216900,36600,after
secret_dependent_routine,382156653218200,382156653257000,38800,after
secret_dependent_routine,382156653259900,382156653346900,87000,after
secret_dependent_routine,382156653353500,382156653410100,56600,after
secret_dependent_routine,382156653412500,382156653466200,53700,after
secret_dependent_routine,382156653468400,382156653522300,53900,after
secret_dependent_routine,382156653524500,382156653579500,55000,after
secret_dependent_routine,382156653583800,382156653632300,48500,after
secret_dependent_routine,382156653634600,382156653686200,51600,after
secret_dependent_routine,382156653688700,382156653739500,50800,after
secret_dependent_routine,382156653742100,382156653796800,54700,after
secret_dependent_routine,382156653799200,382156653851400,52200,after
secret_dependent_routine,382156653853900,382156653927900,74000,after
secret_dependent_routine,382156653930600,382156653992400,61800,after
secret_dependent_routine,382156653994800,382156654044700,49900,after
secret_dependent_routine,382156654046500,382156654081500,35000,after
secret_dependent_routine,382156654082900,382156654116900,34000,after
secret_dependent_routine,382156654118100,382156654153000,34900,after
secret_dependent_routine,382156654154500,382156654183900,29400,after
secret_dependent_routine,382156654185000,382156654214300,29300,after
secret_dependent_routine,382156654215300,382156654249500,34200,after
secret_dependent_routine,382156654250700,382156654286000,35300,after
secret_dependent_routine,382156654287300,382156654322800,35500,after
secret_dependent_routine,382156654323900,382156654358700,34800,after
secret_dependent_routine,382156654359600,382156654388300,28700,after
secret_dependent_routine,382156654389300,382156654418100,28800,after
secret_dependent_routine,382156654419100,382156654447900,28800,after
secret_dependent_routine,382156654449000,382156654477500,28500,after
secret_dependent_routine,382156654482500,382156654511700,29200,after
secret_dependent_routine,382156654512800,382156654541300,28500,after
secret_dependent_routine,382156654542400,382156654577100,34700,after
secret_dependent_routine,382156654578400,382156654611000,32600,after
secret_dependent_routine,382156654612200,382156654658000,45800,after
secret_dependent_routine,382156654660100,382156654707100,47000,after
secret_dependent_routine,382156654708800,382156654742000,33200,after
secret_dependent_routine,382156654743000,382156654778000,35000,after
secret_dependent_routine,382156654779300,382156654814100,34800,after
secret_dependent_routine,382156654815400,382156654851500,36100,after
secret_dependent_routine,382156654853700,382156654883100,29400,after
secret_dependent_routine,382156654884200,382156654914500,30300,after
secret_dependent_routine,382156654915800,382156654949900,34100,after
secret_dependent_routine,382156654951100,382156654986600,35500,after
secret_dependent_routine,382156654987800,382156655031100,43300,after
secret_dependent_routine,382156655032900,382156655068200,35300,after
secret_dependent_routine,382156655069400,382156655104200,34800,after
secret_dependent_routine,382156655105400,382156655139700,34300,after
secret_dependent_routine,382156655140900,382156655175300,34400,after
secret_dependent_routine,382156655176600,382156655211300,34700,after
secret_dependent_routine,382156655212600,382156655248100,35500,after
secret_dependent_routine,382156655249300,382156655306400,57100,after
secret_dependent_routine,382156655309000,382156655366500,57500,after
secret_dependent_routine,382156655368400,382156655401600,33200,after
secret_dependent_routine,382156655402700,382156655433400,30700,after
secret_dependent_routine,382156655434800,382156655472700,37900,after
secret_dependent_routine,382156655473900,382156655511300,37400,after
secret_dependent_routine,382156655512500,382156655549500,37000,after
secret_dependent_routine,382156655550700,382156655587600,36900,after
secret_dependent_routine,382156655588800,382156655641100,52300,after
secret_dependent_routine,382156655643900,382156655700000,56100,after
secret_dependent_routine,382156655701600,382156655735400,33800,after
secret_dependent_routine,382156655736800,382156655773900,37100,after
secret_dependent_routine,382156655775200,382156655811000,35800,after
secret_dependent_routine,382156655812300,382156655846500,34200,after
secret_dependent_routine,382156655847500,382156655877300,29800,after
secret_dependent_routine,382156655878300,382156655906400,28100,after
secret_dependent_routine,382156655907400,382156655936400,29000,after
secret_dependent_routine,382156655937400,382156655965600,28200,after
secret_dependent_routine,382156655966700,382156655995700,29000,after
secret_dependent_routine,382156655996700,382156656024600,27900,after
secret_dependent_routine,382156656029700,382156656058000,28300,after
secret_dependent_routine,382156656060500,382156656088800,28300,after
secret_dependent_routine,382156656089800,382156656118600,28800,after
secret_dependent_routine,382156656119600,382156656147600,28000,after
secret_dependent_routine,382156656148600,382156656176600,28000,after
secret_dependent_routine,382156656177500,382156656205500,28000,after
secret_dependent_routine,382156656207500,382156656235400,27900,after
secret_dependent_routine,382156656236400,382156656264300,27900,after
secret_dependent_routine,382156656265300,382156656295900,30600,after
secret_dependent_routine,382156656296900,382156656327900,31000,after
secret_dependent_routine,382156656329000,382156656360400,31400,after
secret_dependent_routine,382156656363100,382156656399000,35900,after
secret_dependent_routine,382156656400200,382156656436300,36100,after
secret_dependent_routine,382156656437400,382156656471800,34400,after
secret_dependent_routine,382156656472900,382156656505600,32700,after
secret_dependent_routine,382156656509900,382156656542000,32100,after
secret_dependent_routine,382156656543100,382156656574100,31000,after
secret_dependent_routine,382156656575000,382156656602700,27700,after
secret_dependent_routine,382156656603600,382156656631500,27900,after
secret_dependent_routine,382156656632500,382156656660600,28100,after
secret_dependent_routine,382156656661600,382156656690000,28400,after
secret_dependent_routine,382156656691000,382156656719200,28200,after
secret_dependent_routine,382156656720200,382156656748000,27800,after
secret_dependent_routine,382156656749000,382156656776400,27400,after
secret_dependent_routine,382156656777400,382156656805300,27900,after
secret_dependent_routine,382156656806200,382156656833500,27300,after
secret_dependent_routine,382156656834500,382156656862600,28100,after
secret_dependent_routine,382156656863600,382156656891200,27600,after
secret_dependent_routine,382156656892200,382156656919900,27700,after
secret_dependent_routine,382156656920800,382156656948300,27500,after
secret_dependent_routine,382156656949400,382156656977800,28400,after
secret_dependent_routine,382156656978700,382156657007500,28800,after
secret_dependent_routine,382156657008500,382156657043600,35100,after
secret_dependent_routine,382156657045200,382156657073700,28500,after
secret_dependent_routine,382156657074700,382156657102800,28100,after
secret_dependent_routine,382156657103800,382156657131600,27800,after
secret_dependent_routine,382156657132600,382156657160400,27800,after
secret_dependent_routine,382156657161300,382156657188800,27500,after
secret_dependent_routine,382156657189800,382156657217800,28000,after
secret_dependent_routine,382156657218800,382156657246100,27300,after
secret_dependent_routine,382156657247100,382156657275100,28000,after
secret_dependent_routine,382156657276300,382156657307500,31200,after
secret_dependent_routine,382156657310100,382156657342200,32100,after
secret_dependent_routine,382156657344500,382156657376200,31700,after
secret_dependent_routine,382156657377400,382156657409100,31700,after
secret_dependent_routine,382156657410200,382156657463300,53100,after
secret_dependent_routine,382156657465700,382156657518100,52400,after
secret_dependent_routine,382156657519700,382156657557000,37300,after
secret_dependent_routine,382156657558500,382156657600700,42200,after
secret_dependent_routine,382156657602200,382156657644500,42300,after
secret_dependent_routine,382156657645900,382156657681500,35600,after
secret_dependent_routine,382156657682700,382156657715800,33100,after
secret_dependent_routine,382156657716800,382156657746300,29500,after
secret_dependent_routine,382156657747400,382156657777100,29700,after
secret_dependent_routine,382156657778000,382156657807800,29800,after
secret_dependent_routine,382156657808800,382156657838500,29700,after
secret_dependent_routine,382156657839500,382156657869300,29800,after
secret_dependent_routine,382156657870300,382156657899600,29300,after
secret_dependent_routine,382156657900600,382156657930600,30000,after
secret_dependent_routine,382156657931600,382156657961400,29800,after
secret_dependent_routine,382156657962400,382156657992100,29700,after
secret_dependent_routine,382156657993100,382156658023100,30000,after
secret_dependent_routine,382156658024100,382156658054500,30400,after
secret_dependent_routine,382156658055500,382156658085300,29800,after
secret_dependent_routine,382156658086300,382156658116600,30300,after
secret_dependent_routine,382156658117700,382156658146900,29200,after
secret_dependent_routine,382156658147900,382156658178200,30300,after
secret_dependent_routine,382156658179100,382156658208000,28900,after
secret_dependent_routine,382156658209000,382156658239100,30100,after
secret_dependent_routine,382156658240000,382156658269600,29600,after
secret_dependent_routine,382156658270500,382156658302000,31500,after
secret_dependent_routine,382156658303100,382156658335500,32400,after
secret_dependent_routine,382156658336500,382156658369100,32600,after
secret_dependent_routine,382156658370200,382156658407100,36900,after
secret_dependent_routine,382156658408300,382156658445500,37200,after
secret_dependent_routine,382156658446600,382156658481100,34500,after
secret_dependent_routine,382156658482200,382156658512500,30300,after
secret_dependent_routine,382156658513600,382156658543200,29600,after
secret_dependent_routine,382156658545400,382156658574300,28900,after
secret_dependent_routine,382156658575300,382156658604000,28700,after
secret_dependent_routine,382156658605000,382156658635000,30000,after
secret_dependent_routine,382156658635900,382156658664800,28900,after
secret_dependent_routine,382156658665800,382156658695000,29200,after
secret_dependent_routine,382156658696000,382156658724700,28700,after
secret_dependent_routine,382156658725700,382156658755100,29400,after
secret_dependent_routine,382156658756100,382156658785500,29400,after
secret_dependent_routine,382156658787600,382156658818100,30500,after
secret_dependent_routine,382156658819300,382156658851600,32300,after
secret_dependent_routine,382156658852700,382156658885500,32800,after
secret_dependent_routine,382156658886500,382156658918500,32000,after
secret_dependent_routine,382156658919600,382156658949600,30000,after
secret_dependent_routine,382156659021200,382156659058400,37200,after
secret_dependent_routine,382156659060000,382156659091500,31500,after
secret_dependent_routine,382156659092500,382156659121500,29000,after
secret_dependent_routine,382156659122600,382156659152300,29700,after
secret_dependent_routine,382156659153300,382156659183100,29800,after
secret_dependent_routine,382156659184200,382156659213700,29500,after
secret_dependent_routine,382156659215000,382156659244100,29100,after
secret_dependent_routine,382156659245200,382156659275000,29800,after
secret_dependent_routine,382156659276100,382156659307100,31000,after
secret_dependent_routine,382156659308200,382156659339200,31000,after
secret_dependent_routine,382156659340300,382156659372100,31800,after
secret_dependent_routine,382156659373400,382156659410200,36800,after
secret_dependent_routine,382156659411500,382156659447500,36000,after
secret_dependent_routine,382156659448700,382156659480900,32200,after
secret_dependent_routine,382156659481900,382156659511100,29200,after
secret_dependent_routine,382156659512100,382156659541800,29700,after
secret_dependent_routine,382156659542800,382156659572200,29400,after
secret_dependent_routine,382156659573200,382156659602900,29700,after
secret_dependent_routine,382156659604000,382156659632900,28900,after
secret_dependent_routine,382156659634000,382156659663700,29700,after
secret_dependent_routine,382156659664800,382156659694000,29200,after
secret_dependent_routine,382156659697500,382156659729100,31600,after
secret_dependent_routine,382156659730400,382156659760500,30100,after
secret_dependent_routine,382156659762600,382156659793100,30500,after
secret_dependent_routine,382156659794200,382156659824600,30400,after
secret_dependent_routine,382156659825700,382156659855800,30100,after
secret_dependent_routine,382156659856900,382156659888300,31400,after
secret_dependent_routine,382156659889300,382156659919300,30000,after
secret_dependent_routine,382156659920600,382156659947800,27200,after
secret_dependent_routine,382156659948900,382156659976200,27300,after
secret_dependent_routine,382156659977200,382156660003800,26600,after
secret_dependent_routine,382156660004800,382156660031700,26900,after
secret_dependent_routine,382156660032800,382156660059200,26400,after
secret_dependent_routine,382156660060100,382156660087200,27100,after
secret_dependent_routine,382156660088200,382156660114500,26300,after
secret_dependent_routine,382156660115500,382156660142500,27000,after
secret_dependent_routine,382156660143400,382156660169500,26100,after
secret_dependent_routine,382156660170500,382156660197400,26900,after
secret_dependent_routine,382156660199600,382156660226500,26900,after
secret_dependent_routine,382156660227500,382156660255200,27700,after
secret_dependent_routine,382156660256200,382156660284400,28200,after
secret_dependent_routine,382156660285500,382156660316400,30900,after
secret_dependent_routine,382156660317500,382156660347600,30100,after
secret_dependent_routine,382156660348700,382156660382400,33700,after
secret_dependent_routine,382156660383600,382156660417700,34100,after
secret_dependent_routine,382156660419000,382156660453700,34700,after
secret_dependent_routine,382156660454700,382156660481600,26900,after
secret_dependent_routine,382156660482600,382156660509800,27200,after
secret_dependent_routine,382156660510700,382156660537600,26900,after
secret_dependent_routine,382156660538500,382156660565900,27400,after
secret_dependent_routine,382156660566900,382156660593600,26700,after
secret_dependent_routine,382156660594600,382156660621800,27200,after
secret_dependent_routine,382156660622700,382156660649800,27100,after
secret_dependent_routine,382156660650800,382156660678400,27600,after
secret_dependent_routine,382156660679300,382156660706100,26800,after
secret_dependent_routine,382156660707100,382156660734500,27400,after
secret_dependent_routine,382156660735400,382156660762200,26800,after
secret_dependent_routine,382156660763200,382156660794300,31100,after
secret_dependent_routine,382156660795700,382156660822600,26900,after
secret_dependent_routine,382156660823600,382156660850900,27300,after
secret_dependent_routine,382156660853000,382156660880300,27300,after
secret_dependent_routine,382156660881300,382156660908400,27100,after
secret_dependent_routine,382156660909300,382156660936100,26800,after
secret_dependent_routine,382156660937100,382156660964100,27000,after
secret_dependent_routine,382156660965100,382156660991800,26700,after
secret_dependent_routine,382156660992800,382156661020200,27400,after
secret_dependent_routine,382156661021200,382156661047900,26700,after
secret_dependent_routine,382156661048900,382156661076100,27200,after
secret_dependent_routine,382156661077100,382156661103800,26700,after
secret_dependent_routine,382156661104700,382156661133000,28300,after
secret_dependent_routine,382156661134000,382156661162500,28500,after
secret_dependent_routine,382156661163600,382156661194200,30600,after
secret_dependent_routine,382156661195300,382156661225300,30000,after
secret_dependent_routine,382156661226400,382156661258700,32300,after
secret_dependent_routine,382156661260000,382156661294200,34200,after
secret_dependent_routine,382156661295600,382156661330400,34800,after
secret_dependent_routine,382156661331700,382156661364700,33000,after
secret_dependent_routine,382156661366000,382156661398900,32900,after
secret_dependent_routine,382156661400300,382156661432900,32600,after
secret_dependent_routine,382156661434200,382156661467800,33600,after
secret_dependent_routine,382156661471000,382156661506200,35200,after
secret_dependent_routine,382156661507700,382156661544100,36400,after
secret_dependent_routine,382156661545300,382156661581400,36100,after
secret_dependent_routine,382156661582900,382156661618900,36000,after
secret_dependent_routine,382156661620100,382156661655200,35100,after
secret_dependent_routine,382156661656500,382156661693400,36900,after
secret_dependent_routine,382156661694800,382156661730500,35700,after
secret_dependent_routine,382156661732000,382156661776500,44500,after
secret_dependent_routine,382156661778600,382156661827800,49200,after
secret_dependent_routine,382156661830100,382156661883600,53500,after
secret_dependent_routine,382156661885800,382156661920200,34400,after
secret_dependent_routine,382156661921800,382156661956600,34800,after
secret_dependent_routine,382156661958500,382156661992000,33500,after
secret_dependent_routine,382156661993300,382156662027800,34500,after
secret_dependent_routine,382156662028800,382156662056400,27600,after
secret_dependent_routine,382156662057400,382156662084900,27500,after
secret_dependent_routine,382156662087500,382156662114500,27000,after
secret_dependent_routine,382156662115600,382156662143800,28200,after
secret_dependent_routine,382156662144900,382156662172900,28000,after
secret_dependent_routine,382156662173900,382156662202200,28300,after
secret_dependent_routine,382156662203200,382156662231700,28500,after
secret_dependent_routine,382156662232700,382156662261400,28700,after
secret_dependent_routine,382156662262400,382156662291200,28800,after
secret_dependent_routine,382156662292300,382156662324300,32000,after
secret_dependent_routine,382156662325400,382156662357100,31700,after
secret_dependent_routine,382156662358200,382156662391700,33500,after
secret_dependent_routine,382156662393000,382156662427800,34800,after
secret_dependent_routine,382156662429100,382156662467800,38700,after
secret_dependent_routine,382156662469700,382156662524400,54700,after
secret_dependent_routine,382156662527100,382156662580200,53100,after
secret_dependent_routine,382156662582000,382156662627700,45700,after
secret_dependent_routine,382156662629500,382156662683600,54100,after
secret_dependent_routine,382156662685600,382156662741400,55800,after
secret_dependent_routine,382156662743000,382156662793900,50900,after
secret_dependent_routine,382156662795700,382156662835800,40100,after
secret_dependent_routine,382156662837500,382156662864300,26800,after
secret_dependent_routine,382156662865400,382156662891800,26400,after
secret_dependent_routine,382156662892900,382156662920700,27800,after
secret_dependent_routine,382156662921700,382156662949200,27500,after
secret_dependent_routine,382156662950200,382156662977400,27200,after
secret_dependent_routine,382156662978400,382156663004900,26500,after
secret_dependent_routine,382156663005900,382156663032800,26900,after
secret_dependent_routine,382156663035000,382156663062000,27000,after
secret_dependent_routine,382156663063100,382156663090100,27000,after
secret_dependent_routine,382156663091100,382156663118000,26900,after
secret_dependent_routine,382156663119000,382156663146100,27100,after
secret_dependent_routine,382156663147100,382156663173400,26300,after
secret_dependent_routine,382156663174400,382156663201700,27300,after
secret_dependent_routine,382156663202600,382156663229200,26600,after
secret_dependent_routine,382156663230200,382156663257000,26800,after
secret_dependent_routine,382156663258000,382156663287200,29200,after
secret_dependent_routine,382156663288300,382156663318600,30300,after
secret_dependent_routine,382156663321000,382156663351600,30600,after
secret_dependent_routine,382156663352800,382156663386400,33600,after
secret_dependent_routine,382156663387600,382156663421200,33600,after
secret_dependent_routine,382156663422400,382156663456100,33700,after
secret_dependent_routine,382156663457100,382156663485300,28200,after
secret_dependent_routine,382156663486300,382156663513300,27000,after
secret_dependent_routine,382156663514300,382156663540800,26500,after
secret_dependent_routine,382156663541900,382156663569100,27200,after
secret_dependent_routine,382156663570000,382156663597800,27800,after
secret_dependent_routine,382156663598800,382156663625500,26700,after
secret_dependent_routine,382156663626400,382156663653200,26800,after
secret_dependent_routine,382156663654300,382156663681000,26700,after
secret_dependent_routine,382156663682000,382156663708700,26700,after
secret_dependent_routine,382156663709700,382156663736800,27100,after
secret_dependent_routine,382156663737800,382156663764400,26600,after
secret_dependent_routine,382156663765400,382156663792500,27100,after
secret_dependent_routine,382156663793400,382156663820100,26700,after
secret_dependent_routine,382156663824500,382156663851600,27100,after
secret_dependent_routine,382156663852600,382156663879500,26900,after
secret_dependent_routine,382156663880500,382156663907700,27200,after
secret_dependent_routine,382156663908600,382156663936300,27700,after
secret_dependent_routine,382156663937300,382156663964200,26900,after
secret_dependent_routine,382156663965200,382156663994100,28900,after
secret_dependent_routine,382156663995200,382156664022500,27300,after
secret_dependent_routine,382156664023500,382156664050000,26500,after
secret_dependent_routine,382156664051000,382156664077700,26700,after
secret_dependent_routine,382156664078600,382156664105100,26500,after
secret_dependent_routine,382156664106000,382156664132600,26600,after
secret_dependent_routine,382156664133600,382156664160300,26700,after
secret_dependent_routine,382156664161300,382156664188200,26900,after
secret_dependent_routine,382156664189100,382156664215800,26700,after
secret_dependent_routine,382156664216800,382156664243900,27100,after
secret_dependent_routine,382156664244900,382156664271600,26700,after
secret_dependent_routine,382156664286800,382156664317200,30400,after
secret_dependent_routine,382156664318400,382156664348200,29800,after
secret_dependent_routine,382156664349300,382156664382000,32700,after
secret_dependent_routine,382156664384500,382156664419200,34700,after
secret_dependent_routine,382156664420700,382156664454500,33800,after
secret_dependent_routine,382156664455700,382156664510800,55100,after
secret_dependent_routine,382156664513000,382156664571100,58100,after
secret_dependent_routine,382156664573500,382156664634400,60900,after
secret_dependent_routine,382156664636800,382156664702300,65500,after
secret_dependent_routine,382156664704500,382156664745300,40800,after
secret_dependent_routine,382156664746800,382156664790500,43700,after
secret_dependent_routine,382156664792500,382156664846300,53800,after
secret_dependent_routine,382156664848800,382156664906000,57200,after
secret_dependent_routine,382156664907800,382156664962500,54700,after
secret_dependent_routine,382156664964300,382156665007400,43100,after
secret_dependent_routine,382156665009400,382156665093200,83800,after
secret_dependent_routine,382156665095300,382156665160100,64800,after
secret_dependent_routine,382156665163200,382156665222900,59700,after
secret_dependent_routine,382156665224600,382156665262100,37500,after
secret_dependent_routine,382156665263400,382156665296600,33200,after
secret_dependent_routine,382156665297900,382156665332400,34500,after
secret_dependent_routine,382156665333600,382156665363600,30000,after
secret_dependent_routine,382156665364600,382156665393400,28800,after
secret_dependent_routine,382156665394400,382156665422000,27600,after
secret_dependent_routine,382156665423000,382156665451000,28000,after
secret_dependent_routine,382156665452000,382156665480100,28100,after
secret_dependent_routine,382156665481200,382156665509800,28600,after
secret_dependent_routine,382156665510800,382156665538500,27700,after
secret_dependent_routine,382156665539500,382156665567900,28400,after
secret_dependent_routine,382156665568900,382156665596600,27700,after
secret_dependent_routine,382156665597700,382156665626000,28300,after
secret_dependent_routine,382156665627000,382156665656300,29300,after
secret_dependent_routine,382156665657400,382156665691200,33800,after
secret_dependent_routine,382156665692500,382156665721000,28500,after
secret_dependent_routine,382156665722200,382156665752300,30100,after
secret_dependent_routine,382156665753500,382156665783400,29900,after
secret_dependent_routine,382156665784500,382156665815200,30700,after
secret_dependent_routine,382156665816400,382156665849600,33200,after
secret_dependent_routine,382156665850900,382156665884000,33100,after
secret_dependent_routine,382156665885300,382156665916400,31100,after
secret_dependent_routine,382156665918500,382156665947100,28600,after
secret_dependent_routine,382156665948200,382156665976400,28200,after
secret_dependent_routine,382156665977500,382156666005800,28300,after
secret_dependent_routine,382156666007900,382156666038300,30400,after
secret_dependent_routine,382156666039400,382156666070800,31400,after
secret_dependent_routine,382156666071800,382156666102200,30400,after
secret_dependent_routine,382156666103200,382156666132000,28800,after
secret_dependent_routine,382156666133000,382156666163900,30900,after
secret_dependent_routine,382156666164900,382156666196100,31200,after
secret_dependent_routine,382156666197200,382156666225300,28100,after
secret_dependent_routine,382156666226400,382156666255400,29000,after
secret_dependent_routine,382156666256400,382156666284900,28500,after
secret_dependent_routine,382156666285900,382156666314600,28700,after
secret_dependent_routine,382156666315600,382156666343800,28200,after
secret_dependent_routine,382156666344900,382156666373700,28800,after
secret_dependent_routine,382156666374800,382156666404000,29200,after
secret_dependent_routine,382156666405000,382156666433400,28400,after
secret_dependent_routine,382156666434400,382156666462900,28500,after
secret_dependent_routine,382156666464000,382156666492300,28300,after
secret_dependent_routine,382156666493300,382156666527100,33800,after
secret_dependent_routine,382156666528500,382156666556900,28400,after
secret_dependent_routine,382156666558100,382156666586500,28400,after
secret_dependent_routine,382156666587500,382156666615900,28400,after
secret_dependent_routine,382156666616900,382156666645400,28500,after
secret_dependent_routine,382156666646500,382156666674500,28000,after
secret_dependent_routine,382156666675600,382156666704100,28500,after
secret_dependent_routine,382156666705200,382156666734500,29300,after
secret_dependent_routine,382156666735500,382156666765900,30400,after
secret_dependent_routine,382156666767100,382156666797600,30500,after
secret_dependent_routine,382156666798700,382156666835200,36500,after
secret_dependent_routine,382156666837100,382156666909600,72500,after
secret_dependent_routine,382156666912600,382156666971400,58800,after
secret_dependent_routine,382156666973700,382156667008300,34600,after
secret_dependent_routine,382156667009600,382156667039000,29400,after
secret_dependent_routine,382156667040200,382156667072000,31800,after
secret_dependent_routine,382156667073100,382156667103100,30000,after
secret_dependent_routine,382156667105900,382156667137600,31700,after
secret_dependent_routine,382156667138700,382156667166400,27700,after
secret_dependent_routine,382156667167500,382156667195700,28200,after
secret_dependent_routine,382156667196700,382156667224300,27600,after
secret_dependent_routine,382156667225300,382156667253600,28300,after
secret_dependent_routine,382156667254600,382156667282400,27800,after
secret_dependent_routine,382156667283400,382156667311600,28200,after
secret_dependent_routine,382156667312500,382156667340300,27800,after
secret_dependent_routine,382156667341300,382156667369400,28100,after
secret_dependent_routine,382156667371500,382156667398800,27300,after
secret_dependent_routine,382156667399900,382156667428000,28100,after
secret_dependent_routine,382156667429100,382156667456300,27200,after
secret_dependent_routine,382156667457400,382156667485500,28100,after
secret_dependent_routine,382156667486500,382156667514000,27500,after
secret_dependent_routine,382156667515000,382156667543100,28100,after
secret_dependent_routine,382156667544100,382156667572100,28000,after
secret_dependent_routine,382156667573100,382156667601300,28200,after
secret_dependent_routine,382156667602300,382156667630100,27800,after
secret_dependent_routine,382156667631100,382156667659300,28200,after
secret_dependent_routine,382156667660300,382156667687600,27300,after
secret_dependent_routine,382156667688600,382156667716800,28200,after
secret_dependent_routine,382156667717900,382156667746200,28300,after
secret_dependent_routine,382156667747200,382156667775600,28400,after
secret_dependent_routine,382156667776600,382156667804500,27900,after
secret_dependent_routine,382156667805500,382156667834000,28500,after
secret_dependent_routine,382156667835000,382156667864800,29800,after
secret_dependent_routine,382156667865900,382156667893700,27800,after
secret_dependent_routine,382156667894800,382156667922100,27300,after
secret_dependent_routine,382156667923100,382156667950800,27700,after
secret_dependent_routine,382156667951800,382156667979300,27500,after
secret_dependent_routine,382156667980300,382156668007900,27600,after
secret_dependent_routine,382156668009000,382156668036200,27200,after
secret_dependent_routine,382156668037300,382156668065000,27700,after
secret_dependent_routine,382156668066100,382156668095600,29500,after
secret_dependent_routine,382156668096800,382156668127000,30200,after
secret_dependent_routine,382156668128100,382156668157500,29400,after
secret_dependent_routine,382156668159800,382156668190300,30500,after
secret_dependent_routine,382156668191300,382156668221200,29900,after
secret_dependent_routine,382156668222300,382156668256600,34300,after
secret_dependent_routine,382156668258300,382156668481600,223300,after
secret_dependent_routine,382156668504200,382156668604000,99800,after
secret_dependent_routine,382156668608400,382156668659000,50600,after
secret_dependent_routine,382156668661300,382156668717000,55700,after
secret_dependent_routine,382156668719200,382156668777900,58700,after
secret_dependent_routine,382156668780300,382156668843500,63200,after
secret_dependent_routine,382156668845600,382156668914200,68600,after
secret_dependent_routine,382156668916600,382156668980000,63400,after
secret_dependent_routine,382156668982300,382156669069300,87000,after
secret_dependent_routine,382156669088400,382156669156200,67800,after
secret_dependent_routine,382156669161100,382156669198400,37300,after
secret_dependent_routine,382156669200200,382156669235700,35500,after
secret_dependent_routine,382156669244400,382156669278900,34500,after
secret_dependent_routine,382156669290000,382156669333600,43600,after
secret_dependent_routine,382156669335500,382156669370000,34500,after
secret_dependent_routine,382156669371300,382156669406300,35000,after
secret_dependent_routine,382156669407600,382156669442700,35100,after
secret_dependent_routine,382156669443800,382156669473900,30100,after
secret_dependent_routine,382156669475000,382156669505100,30100,after
secret_dependent_routine,382156669506200,382156669536300,30100,after
secret_dependent_routine,382156669537400,382156669567800,30400,after
secret_dependent_routine,382156669568900,382156669602400,33500,after
secret_dependent_routine,382156669604300,382156669638300,34000,after
secret_dependent_routine,382156669639600,382156669669600,30000,after
secret_dependent_routine,382156669670700,382156669700800,30100,after
secret_dependent_routine,382156669701900,382156669732300,30400,after
secret_dependent_routine,382156669733400,382156669763600,30200,after
secret_dependent_routine,382156669764700,382156669794800,30100,after
secret_dependent_routine,382156669795900,382156669826100,30200,after
secret_dependent_routine,382156669827200,382156669857300,30100,after
secret_dependent_routine,382156669858400,382156669888800,30400,after
secret_dependent_routine,382156669889900,382156669919700,29800,after
secret_dependent_routine,382156669920800,382156669951000,30200,after
secret_dependent_routine,382156669953500,382156669985900,32400,after
secret_dependent_routine,382156669987000,382156670018400,31400,after
secret_dependent_routine,382156670019600,382156670051900,32300,after
secret_dependent_routine,382156670053200,382156670085100,31900,after
secret_dependent_routine,382156670086200,382156670118000,31800,after
secret_dependent_routine,382156670119200,382156670150300,31100,after
secret_dependent_routine,382156670151400,382156670183200,31800,after
secret_dependent_routine,382156670184300,382156670215900,31600,after
secret_dependent_routine,382156670217000,382156670249400,32400,after
secret_dependent_routine,382156670250400,382156670282000,31600,after
secret_dependent_routine,382156670283200,382156670315400,32200,after
secret_dependent_routine,382156670316500,382156670347300,30800,after
secret_dependent_routine,382156670348500,382156670380100,31600,after
secret_dependent_routine,382156670381300,382156670412200,30900,after
secret_dependent_routine,382156670413300,382156670444700,31400,after
secret_dependent_routine,382156670445800,382156670478000,32200,after
secret_dependent_routine,382156670479200,382156670510800,31600,after
secret_dependent_routine,382156670511800,382156670543000,31200,after
secret_dependent_routine,382156670544200,382156670575300,31100,after
secret_dependent_routine,382156670576500,382156670611600,35100,after
secret_dependent_routine,382156670612900,382156670642900,30000,after
secret_dependent_routine,382156670644000,382156670674300,30300,after
secret_dependent_routine,382156670676700,382156670707700,31000,after
secret_dependent_routine,382156670708900,382156670739000,30100,after
secret_dependent_routine,382156670740100,382156670770400,30300,after
secret_dependent_routine,382156670771500,382156670801900,30400,after
secret_dependent_routine,382156670803000,382156670833100,30100,after
secret_dependent_routine,382156670834200,382156670864300,30100,after
secret_dependent_routine,382156670865400,382156670895800,30400,after
secret_dependent_routine,382156670896900,382156670927100,30200,after
secret_dependent_routine,382156670928200,382156670958200,30000,after
secret_dependent_routine,382156670959200,382156670989000,29800,after
secret_dependent_routine,382156670990100,382156671020300,30200,after
secret_dependent_routine,382156671021400,382156671051000,29600,after
secret_dependent_routine,382156671052100,382156671083100,31000,after
secret_dependent_routine,382156671084300,382156671115900,31600,after
secret_dependent_routine,382156671117000,382156671147400,30400,after
secret_dependent_routine,382156671149700,382156671180000,30300,after
secret_dependent_routine,382156671181100,382156671211400,30300,after
secret_dependent_routine,382156671212600,382156671243200,30600,after
secret_dependent_routine,382156671244300,382156671274600,30300,after
secret_dependent_routine,382156671275700,382156671305500,29800,after
secret_dependent_routine,382156671310800,382156671341700,30900,after
secret_dependent_routine,382156671343100,382156671373100,30000,after
secret_dependent_routine,382156671374300,382156671404100,29800,after
secret_dependent_routine,382156671405200,382156671435200,30000,after
secret_dependent_routine,382156671436300,382156671466700,30400,after
secret_dependent_routine,382156671467900,382156671497500,29600,after
secret_dependent_routine,382156671498600,382156671528500,29900,after
secret_dependent_routine,382156671529700,382156671559200,29500,after
secret_dependent_routine,382156671560300,382156671590300,30000,after
secret_dependent_routine,382156671591400,382156671628000,36600,after
secret_dependent_routine,382156671629200,382156671660300,31100,after
secret_dependent_routine,382156671661400,382156671695700,34300,after
secret_dependent_routine,382156671696900,382156671739000,42100,after
secret_dependent_routine,382156671740600,382156671770700,30100,after
secret_dependent_routine,382156671772000,382156671802100,30100,after
secret_dependent_routine,382156671803200,382156671833800,30600,after
secret_dependent_routine,382156671834900,382156671865500,30600,after
secret_dependent_routine,382156671866500,382156671896800,30300,after
secret_dependent_routine,382156671897900,382156671928100,30200,after
secret_dependent_routine,382156671929200,382156671958900,29700,after
secret_dependent_routine,382156671959900,382156671990500,30600,after
secret_dependent_routine,382156671991500,382156672021900,30400,after
secret_dependent_routine,382156672023200,382156672053300,30100,after
secret_dependent_routine,382156672054700,382156672084900,30200,after
secret_dependent_routine,382156672086000,382156672116000,30000,after
secret_dependent_routine,382156672117000,382156672147200,30200,after
secret_dependent_routine,382156672148300,382156672178500,30200,after
secret_dependent_routine,382156672179500,382156672210000,30500,after
secret_dependent_routine,382156672211100,382156672241200,30100,after
secret_dependent_routine,382156672242300,382156672272300,30000,after
secret_dependent_routine,382156672273300,382156672303800,30500,after
secret_dependent_routine,382156672305200,382156672336100,30900,after
secret_dependent_routine,382156672337200,382156672367400,30200,after
secret_dependent_routine,382156672368400,382156672398800,30400,after
secret_dependent_routine,382156672399900,382156672430100,30200,after
secret_dependent_routine,382156672431200,382156672461700,30500,after
secret_dependent_routine,382156672462700,382156672493300,30600,after
secret_dependent_routine,382156672494300,382156672525500,31200,after
secret_dependent_routine,382156672526500,382156672556900,30400,after
secret_dependent_routine,382156672557900,382156672588500,30600,after
secret_dependent_routine,382156672589600,382156672626900,37300,after
secret_dependent_routine,382156672628200,382156672657900,29700,after
secret_dependent_routine,382156672659000,382156672692700,33700,after
secret_dependent_routine,382156672693900,382156672727200,33300,after
secret_dependent_routine,382156672728500,382156672762200,33700,after
secret_dependent_routine,382156672763400,382156672796700,33300,after
secret_dependent_routine,382156672797800,382156672831400,33600,after
secret_dependent_routine,382156672832700,382156672866400,33700,after
secret_dependent_routine,382156672867700,382156672901700,34000,after
secret_dependent_routine,382156672902900,382156672935900,33000,after
secret_dependent_routine,382156672937100,382156672969800,32700,after
secret_dependent_routine,382156672971000,382156673003600,32600,after
secret_dependent_routine,382156673004800,382156673038100,33300,after
secret_dependent_routine,382156673039300,382156673080700,41400,after
secret_dependent_routine,382156673082500,382156673117300,34800,after
secret_dependent_routine,382156673118500,382156673148700,30200,after
secret_dependent_routine,382156673149800,382156673180200,30400,after
secret_dependent_routine,382156673181300,382156673211300,30000,after
secret_dependent_routine,382156673212400,382156673242300,29900,after
secret_dependent_routine,382156673243400,382156673273400,30000,after
secret_dependent_routine,382156673274500,382156673304800,30300,after
secret_dependent_routine,382156673306000,382156673336000,30000,after
secret_dependent_routine,382156673337000,382156673367400,30400,after
secret_dependent_routine,382156673368600,382156673398600,30000,after
secret_dependent_routine,382156673399700,382156673430100,30400,after
secret_dependent_routine,382156673431500,382156673461500,30000,after
secret_dependent_routine,382156673462600,382156673492900,30300,after
secret_dependent_routine,382156673494400,382156673524600,30200,after
secret_dependent_routine,382156673525600,382156673556000,30400,after
secret_dependent_routine,382156673557100,382156673586600,29500,after
secret_dependent_routine,382156673587700,382156673617900,30200,after
secret_dependent_routine,382156673619000,382156673649200,30200,after
secret_dependent_routine,382156673650300,382156673680400,30100,after
secret_dependent_routine,382156673681400,382156673711200,29800,after
secret_dependent_routine,382156673712400,382156673742900,30500,after
secret_dependent_routine,382156673744000,382156673774300,30300,after
secret_dependent_routine,382156673775400,382156673805600,30200,after
secret_dependent_routine,382156673806600,382156673836500,29900,after
secret_dependent_routine,382156673837600,382156673868100,30500,after
secret_dependent_routine,382156673869200,382156673899200,30000,after
secret_dependent_routine,382156673900400,382156673930500,30100,after
secret_dependent_routine,382156673931500,382156673961700,30200,after
secret_dependent_routine,382156673962700,382156673992800,30100,after
secret_dependent_routine,382156673993900,382156674023800,29900,after
secret_dependent_routine,382156674024800,382156674055000,30200,after
secret_dependent_routine,382156674056100,382156674086200,30100,after
secret_dependent_routine,382156674087300,382156674126800,39500,after
secret_dependent_routine,382156674128200,382156674158600,30400,after
secret_dependent_routine,382156674159700,382156674198300,38600,after
secret_dependent_routine,382156674199700,382156674234200,34500,after
secret_dependent_routine,382156674235500,382156674269200,33700,after
secret_dependent_routine,382156674270500,382156674304400,33900,after
secret_dependent_routine,382156674305700,382156674338800,33100,after
secret_dependent_routine,382156674340000,382156674372400,32400,after
secret_dependent_routine,382156674373600,382156674406800,33200,after
secret_dependent_routine,382156674407900,382156674440700,32800,after
secret_dependent_routine,382156674441900,382156674476100,34200,after
secret_dependent_routine,382156674477300,382156674507300,30000,after
secret_dependent_routine,382156674511000,382156674541200,30200,after
secret_dependent_routine,382156674542300,382156674572100,29800,after
secret_dependent_routine,382156674573200,382156674603200,30000,after
secret_dependent_routine,382156674604300,382156674633900,29600,after
secret_dependent_routine,382156674635000,382156674664700,29700,after
secret_dependent_routine,382156674666000,382156674695700,29700,after
secret_dependent_routine,382156674696800,382156674726600,29800,after
secret_dependent_routine,382156674727700,382156674757200,29500,after
secret_dependent_routine,382156674758300,382156674788500,30200,after
secret_dependent_routine,382156674789800,382156674819800,30000,after
secret_dependent_routine,382156674820900,382156674851200,30300,after
secret_dependent_routine,382156674852300,382156674898200,45900,after
secret_dependent_routine,382156674900100,382156674970200,70100,after
secret_dependent_routine,382156674971700,382156675035700,64000,after
secret_dependent_routine,382156675037900,382156675122900,85000,after
secret_dependent_routine,382156675126100,382156675192700,66600,after
secret_dependent_routine,382156675195200,382156675263500,68300,after
secret_dependent_routine,382156675270400,382156675310400,40000,after
secret_dependent_routine,382156675312300,382156675351700,39400,after
secret_dependent_routine,382156675353200,382156675389100,35900,after
secret_dependent_routine,382156675390500,382156675424500,34000,after
secret_dependent_routine,382156675425900,382156675460200,34300,after
secret_dependent_routine,382156675461500,382156675495500,34000,after
secret_dependent_routine,382156675496800,382156675531200,34400,after
secret_dependent_routine,382156675532500,382156675566300,33800,after
secret_dependent_routine,382156675567600,382156675601600,34000,after
secret_dependent_routine,382156675602900,382156675637200,34300,after
secret_dependent_routine,382156675638400,382156675672300,33900,after
secret_dependent_routine,382156675673500,382156675707400,33900,after
secret_dependent_routine,382156675708600,382156675742400,33800,after
secret_dependent_routine,382156675743600,382156675778000,34400,after
secret_dependent_routine,382156675779200,382156675813700,34500,after
secret_dependent_routine,382156675814900,382156675849600,34700,after
secret_dependent_routine,382156675850800,382156675883700,32900,after
secret_dependent_routine,382156675884800,382156675914900,30100,after
secret_dependent_routine,382156675915900,382156675945900,30000,after
secret_dependent_routine,382156675946900,382156675977300,30400,after
secret_dependent_routine,382156675978400,382156676008000,29600,after
secret_dependent_routine,382156676009100,382156676039300,30200,after
secret_dependent_routine,382156676040400,382156676069900,29500,after
secret_dependent_routine,382156676071000,382156676101400,30400,after
secret_dependent_routine,382156676102500,382156676138300,35800,after
secret_dependent_routine,382156676140100,382156676170900,30800,after
secret_dependent_routine,382156676172100,382156676202600,30500,after
secret_dependent_routine,382156676203700,382156676234000,30300,after
secret_dependent_routine,382156676235100,382156676265700,30600,after
secret_dependent_routine,382156676266800,382156676297300,30500,after
secret_dependent_routine,382156676298400,382156676328600,30200,after
secret_dependent_routine,382156676329800,382156676360300,30500,after
secret_dependent_routine,382156676361400,382156676391900,30500,after
secret_dependent_routine,382156676393000,382156676424400,31400,after
secret_dependent_routine,382156676425500,382156676456600,31100,after
secret_dependent_routine,382156676457900,382156676489300,31400,after
secret_dependent_routine,382156676490300,382156676521100,30800,after
secret_dependent_routine,382156676522200,382156676552100,29900,after
secret_dependent_routine,382156676553200,382156676583800,30600,after
secret_dependent_routine,382156676585000,382156676615300,30300,after
secret_dependent_routine,382156676616400,382156676647000,30600,after
secret_dependent_routine,382156676648100,382156676678800,30700,after
secret_dependent_routine,382156676680000,382156676710200,30200,after
secret_dependent_routine,382156676711300,382156676741700,30400,after
secret_dependent_routine,382156676742800,382156676774000,31200,after
secret_dependent_routine,382156676775000,382156676805800,30800,after
secret_dependent_routine,382156676806900,382156676837700,30800,after
secret_dependent_routine,382156676838900,382156676869500,30600,after
secret_dependent_routine,382156676870600,382156676901400,30800,after
secret_dependent_routine,382156676902500,382156676933300,30800,after
secret_dependent_routine,382156676934400,382156676964900,30500,after
secret_dependent_routine,382156676966000,382156676996800,30800,after
secret_dependent_routine,382156676997900,382156677028400,30500,after
secret_dependent_routine,382156677029600,382156677059900,30300,after
secret_dependent_routine,382156677061000,382156677092100,31100,after
secret_dependent_routine,382156677093200,382156677148300,55100,after
secret_dependent_routine,382156677151400,382156677236900,85500,after
secret_dependent_routine,382156677247500,382156677296400,48900,after
secret_dependent_routine,382156677298800,382156677339200,40400,after
secret_dependent_routine,382156677344100,382156677377900,33800,after
secret_dependent_routine,382156677379100,382156677416200,37100,after
secret_dependent_routine,382156677417700,382156677448200,30500,after
secret_dependent_routine,382156677449400,382156677480100,30700,after
secret_dependent_routine,382156677481100,382156677511400,30300,after
secret_dependent_routine,382156677512500,382156677542000,29500,after
secret_dependent_routine,382156677543000,382156677573600,30600,after
secret_dependent_routine,382156677574700,382156677607300,32600,after
secret_dependent_routine,382156677608500,382156677642600,34100,after
secret_dependent_routine,382156677644000,382156677672600,28600,after
secret_dependent_routine,382156677673700,382156677702300,28600,after
secret_dependent_routine,382156677703300,382156677731100,27800,after
secret_dependent_routine,382156677732200,382156677760900,28700,after
secret_dependent_routine,382156677762000,382156677791100,29100,after
secret_dependent_routine,382156677792100,382156677821200,29100,after
secret_dependent_routine,382156677822300,382156677851800,29500,after
secret_dependent_routine,382156677852900,382156677883200,30300,after
secret_dependent_routine,382156677884300,382156677915200,30900,after
secret_dependent_routine,382156677916400,382156677947100,30700,after
secret_dependent_routine,382156677949500,382156677980600,31100,after
secret_dependent_routine,382156677981700,382156678014000,32300,after
secret_dependent_routine,382156678015300,382156678050300,35000,after
secret_dependent_routine,382156678051500,382156678087400,35900,after
secret_dependent_routine,382156678088700,382156678123500,34800,after
secret_dependent_routine,382156678124800,382156678160100,35300,after
secret_dependent_routine,382156678161400,382156678196900,35500,after
secret_dependent_routine,382156678198200,382156678233600,35400,after
secret_dependent_routine,382156678234900,382156678270400,35500,after
secret_dependent_routine,382156678271600,382156678307400,35800,after
secret_dependent_routine,382156678308600,382156678343400,34800,after
secret_dependent_routine,382156678344700,382156678380100,35400,after
secret_dependent_routine,382156678381400,382156678415400,34000,after
secret_dependent_routine,382156678416600,382156678459100,42500,after
secret_dependent_routine,382156678460800,382156678510900,50100,after
secret_dependent_routine,382156678512900,382156678567100,54200,after
secret_dependent_routine,382156678569700,382156678604600,34900,after
secret_dependent_routine,382156678606000,382156678640600,34600,after
secret_dependent_routine,382156678641900,382156678676600,34700,after
secret_dependent_routine,382156678678100,382156678712800,34700,after
secret_dependent_routine,382156678714000,382156678743000,29000,after
secret_dependent_routine,382156678744100,382156678773100,29000,after
secret_dependent_routine,382156678774200,382156678802600,28400,after
secret_dependent_routine,382156678803600,382156678832800,29200,after
secret_dependent_routine,382156678833900,382156678862000,28100,after
secret_dependent_routine,382156678863000,382156678891800,28800,after
secret_dependent_routine,382156678892900,382156678931200,38300,after
secret_dependent_routine,382156678932700,382156678962000,29300,after
secret_dependent_routine,382156678963000,382156678991700,28700,after
secret_dependent_routine,382156678992800,382156679021600,28800,after
secret_dependent_routine,382156679022700,382156679051200,28500,after
secret_dependent_routine,382156679052200,382156679082100,29900,after
secret_dependent_routine,382156679083200,382156679112800,29600,after
secret_dependent_routine,382156679113900,382156679142600,28700,after
secret_dependent_routine,382156679143700,382156679173500,29800,after
secret_dependent_routine,382156679174500,382156679205000,30500,after
secret_dependent_routine,382156679206100,382156679237400,31300,after
secret_dependent_routine,382156679238800,382156679272500,33700,after
secret_dependent_routine,382156679273700,382156679311900,38200,after
secret_dependent_routine,382156679313700,382156679369200,55500,after
secret_dependent_routine,382156679371600,382156679425100,53500,after
secret_dependent_routine,382156679429800,382156679489700,59900,after
secret_dependent_routine,382156679493700,382156679534000,40300,after
secret_dependent_routine,382156679535700,382156679580900,45200,after
secret_dependent_routine,382156679582700,382156679632400,49700,after
secret_dependent_routine,382156679634000,382156679673200,39200,after
secret_dependent_routine,382156679676300,382156679746400,70100,after
secret_dependent_routine,382156679748700,382156679803600,54900,after
secret_dependent_routine,382156679805300,382156679837600,32300,after
secret_dependent_routine,382156679838800,382156679871000,32200,after
secret_dependent_routine,382156679872000,382156679898900,26900,after
secret_dependent_routine,382156679900000,382156679927500,27500,after
secret_dependent_routine,382156679928500,382156679955500,27000,after
secret_dependent_routine,382156679956600,382156679983900,27300,after
secret_dependent_routine,382156679984800,382156680011800,27000,after
secret_dependent_routine,382156680013100,382156680040200,27100,after
secret_dependent_routine,382156680041200,382156680068200,27000,after
secret_dependent_routine,382156680069400,382156680098400,29000,after
secret_dependent_routine,382156680099400,382156680126500,27100,after
secret_dependent_routine,382156680127500,382156680156000,28500,after
secret_dependent_routine,382156680157200,382156680187000,29800,after
secret_dependent_routine,382156680188100,382156680218000,29900,after
secret_dependent_routine,382156680219100,382156680250100,31000,after
secret_dependent_routine,382156680251200,382156680284500,33300,after
secret_dependent_routine,382156680285700,382156680318200,32500,after
secret_dependent_routine,382156680321600,382156680348600,27000,after
secret_dependent_routine,382156680349500,382156680376400,26900,after
secret_dependent_routine,382156680377400,382156680404000,26600,after
secret_dependent_routine,382156680405000,382156680431800,26800,after
secret_dependent_routine,382156680432800,382156680459500,26700,after
secret_dependent_routine,382156680460500,382156680487800,27300,after
secret_dependent_routine,382156680488700,382156680516000,27300,after
secret_dependent_routine,382156680517000,382156680543900,26900,after
secret_dependent_routine,382156680544900,382156680573700,28800,after
secret_dependent_routine,382156680574800,382156680601900,27100,after
secret_dependent_routine,382156680602900,382156680630000,27100,after
secret_dependent_routine,382156680631000,382156680658100,27100,after
secret_dependent_routine,382156680659100,382156680686200,27100,after
secret_dependent_routine,382156680687200,382156680713900,26700,after
secret_dependent_routine,382156680714900,382156680741900,27000,after
secret_dependent_routine,382156680742900,382156680769400,26500,after
secret_dependent_routine,382156680770500,382156680797600,27100,after
secret_dependent_routine,382156680798500,382156680825200,26700,after
secret_dependent_routine,382156680826200,382156680853300,27100,after
secret_dependent_routine,382156680855300,382156680882700,27400,after
secret_dependent_routine,382156680888500,382156680923800,35300,after
secret_dependent_routine,382156680925200,382156680952900,27700,after
secret_dependent_routine,382156680954000,382156680981000,27000,after
secret_dependent_routine,382156680982100,382156681008700,26600,after
secret_dependent_routine,382156681009700,382156681037000,27300,after
secret_dependent_routine,382156681038000,382156681064400,26400,after
secret_dependent_routine,382156681065400,382156681092700,27300,after
secret_dependent_routine,382156681094300,382156681120700,26400,after
secret_dependent_routine,382156681121700,382156681150700,29000,after
secret_dependent_routine,382156681151800,382156681181800,30000,after
secret_dependent_routine,382156681182900,382156681213000,30100,after
secret_dependent_routine,382156681214100,382156681246100,32000,after
secret_dependent_routine,382156681247300,382156681280200,32900,after
secret_dependent_routine,382156681281400,382156681313500,32100,after
secret_dependent_routine,382156681314400,382156681341200,26800,after
secret_dependent_routine,382156681342200,382156681368700,26500,after
secret_dependent_routine,382156681369700,382156681396500,26800,after
secret_dependent_routine,382156681397400,382156681424000,26600,after
secret_dependent_routine,382156681425000,382156681451900,26900,after
secret_dependent_routine,382156681452900,382156681479800,26900,after
secret_dependent_routine,382156681480800,382156681508200,27400,after
secret_dependent_routine,382156681509100,382156681535900,26800,after
secret_dependent_routine,382156681536800,382156681564100,27300,after
secret_dependent_routine,382156681565100,382156681592700,27600,after
secret_dependent_routine,382156681593700,382156681620700,27000,after
secret_dependent_routine,382156681621600,382156681648400,26800,after
secret_dependent_routine,382156681649300,382156681676200,26900,after
secret_dependent_routine,382156681677200,382156681703200,26000,after
secret_dependent_routine,382156681704200,382156681730900,26700,after
secret_dependent_routine,382156681731800,382156681758400,26600,after
secret_dependent_routine,382156681759400,382156681786400,27000,after
secret_dependent_routine,382156681787400,382156681814900,27500,after
secret_dependent_routine,382156681816000,382156681843100,27100,after
secret_dependent_routine,382156681844100,382156681871000,26900,after
secret_dependent_routine,382156681872000,382156681899900,27900,after
secret_dependent_routine,382156681900900,382156681927700,26800,after
secret_dependent_routine,382156681928700,382156681956300,27600,after
secret_dependent_routine,382156681957300,382156681984200,26900,after
secret_dependent_routine,382156681985200,382156682012600,27400,after
secret_dependent_routine,382156682013600,382156682041400,27800,after
secret_dependent_routine,382156682042400,382156682069500,27100,after
secret_dependent_routine,382156682070500,382156682097000,26500,after
secret_dependent_routine,382156682099100,382156682126500,27400,after
secret_dependent_routine,382156682128600,382156682159300,30700,after
secret_dependent_routine,382156682160500,382156682192400,31900,after
secret_dependent_routine,382156682193600,382156682225400,31800,after
secret_dependent_routine,382156682226600,382156682262400,35800,after
secret_dependent_routine,382156682263600,382156682297300,33700,after
secret_dependent_routine,382156682298600,382156682331100,32500,after
secret_dependent_routine,382156682332000,382156682359800,27800,after
secret_dependent_routine,382156682360800,382156682389600,28800,after
secret_dependent_routine,382156682390600,382156682418600,28000,after
secret_dependent_routine,382156682419600,382156682448300,28700,after
secret_dependent_routine,382156682449200,382156682477100,27900,after
secret_dependent_routine,382156682478000,382156682506000,28000,after
secret_dependent_routine,382156682507000,382156682536100,29100,after
secret_dependent_routine,382156682537100,382156682566200,29100,after
secret_dependent_routine,382156682567200,382156682594200,27000,after
secret_dependent_routine,382156682595100,382156682624600,29500,after
secret_dependent_routine,382156682625600,382156682656200,30600,after
secret_dependent_routine,382156682657600,382156682685400,27800,after
secret_dependent_routine,382156682686400,382156682713300,26900,after
secret_dependent_routine,382156682714300,382156682742000,27700,after
secret_dependent_routine,382156682743000,382156682770100,27100,after
secret_dependent_routine,382156682771100,382156682798500,27400,after
secret_dependent_routine,382156682799400,382156682825900,26500,after
secret_dependent_routine,382156682826900,382156682853800,26900,after
secret_dependent_routine,382156682854800,382156682881100,26300,after
secret_dependent_routine,382156682882100,382156682908800,26700,after
secret_dependent_routine,382156682909800,382156682935900,26100,after
secret_dependent_routine,382156682936900,382156682964400,27500,after
secret_dependent_routine,382156682965400,382156682991800,26400,after
secret_dependent_routine,382156682992800,382156683019300,26500,after
secret_dependent_routine,382156683020300,382156683047800,27500,after
secret_dependent_routine,382156683048800,382156683078400,29600,after
secret_dependent_routine,382156683079700,382156683108500,28800,after
secret_dependent_routine,382156683109700,382156683140400,30700,after
secret_dependent_routine,382156683141400,382156683171000,29600,after
secret_dependent_routine,382156683172100,382156683203800,31700,after
secret_dependent_routine,382156683206200,382156683239100,32900,after
secret_dependent_routine,382156683240400,382156683403500,163100,after
secret_dependent_routine,382156683442300,382156683496900,54600,after
secret_dependent_routine,382156683500300,382156683537800,37500,after
secret_dependent_routine,382156683539500,382156683576000,36500,after
secret_dependent_routine,382156683577600,382156683614000,36400,after
secret_dependent_routine,382156683620800,382156683655200,34400,after
secret_dependent_routine,382156683656600,382156683691200,34600,after
secret_dependent_routine,382156683692400,382156683733200,40800,after
secret_dependent_routine,382156683734600,382156683767600,33000,after
secret_dependent_routine,382156683768800,382156683801600,32800,after
secret_dependent_routine,382156683802800,382156683847500,44700,after
secret_dependent_routine,382156683849700,382156683900100,50400,after
secret_dependent_routine,382156683902000,382156683957600,55600,after
secret_dependent_routine,382156683959500,382156684021200,61700,after
secret_dependent_routine,382156684023800,382156684078000,54200,after
secret_dependent_routine,382156684080200,382156684129100,48900,after
secret_dependent_routine,382156684130900,382156684184200,53300,after
secret_dependent_routine,382156684186100,382156684235700,49600,after
secret_dependent_routine,382156684237600,382156684290100,52500,after
secret_dependent_routine,382156684292100,382156684342500,50400,after
secret_dependent_routine,382156684344200,382156684391300,47100,after
secret_dependent_routine,382156684392900,382156684440800,47900,after
secret_dependent_routine,382156684442700,382156684478900,36200,after
secret_dependent_routine,382156684480400,382156684513600,33200,after
secret_dependent_routine,382156684514800,382156684547900,33100,after
secret_dependent_routine,382156684549100,382156684582600,33500,after
secret_dependent_routine,382156684584000,382156684617000,33000,after
secret_dependent_routine,382156684618200,382156684650700,32500,after
secret_dependent_routine,382156684651900,382156684684900,33000,after
secret_dependent_routine,382156684686100,382156684718600,32500,after
secret_dependent_routine,382156684719900,382156684753500,33600,after
secret_dependent_routine,382156684754600,382156684787900,33300,after
secret_dependent_routine,382156684789000,382156684888700,99700,after
secret_dependent_routine,382156684893600,382156684947300,53700,after
secret_dependent_routine,382156684949200,382156684990600,41400,after
secret_dependent_routine,382156684996000,382156685031100,35100,after
secret_dependent_routine,382156685032400,382156685066700,34300,after
secret_dependent_routine,382156685068300,382156685101300,33000,after
secret_dependent_routine,382156685102600,382156685135900,33300,after
secret_dependent_routine,382156685137200,382156685170400,33200,after
secret_dependent_routine,382156685171600,382156685205900,34300,after
secret_dependent_routine,382156685207100,382156685247700,40600,after
secret_dependent_routine,382156685249400,382156685283300,33900,after
secret_dependent_routine,382156685284500,382156685318800,34300,after
secret_dependent_routine,382156685320100,382156685355300,35200,after
secret_dependent_routine,382156685356800,382156685391100,34300,after
secret_dependent_routine,382156685392700,382156685428000,35300,after
secret_dependent_routine,382156685430800,382156685467400,36600,after
secret_dependent_routine,382156685468900,382156685505700,36800,after
secret_dependent_routine,382156685507000,382156685544100,37100,after
secret_dependent_routine,382156685545700,382156685582900,37200,after
secret_dependent_routine,382156685584300,382156685621500,37200,after
secret_dependent_routine,382156685622800,382156685660300,37500,after
secret_dependent_routine,382156685661700,382156685707700,46000,after
secret_dependent_routine,382156685709200,382156685743200,34000,after
secret_dependent_routine,382156685744500,382156685807600,63100,after
secret_dependent_routine,382156685809700,382156685859900,50200,after
secret_dependent_routine,382156685862100,382156685897400,35300,after
secret_dependent_routine,382156685898800,382156685933000,34200,after
secret_dependent_routine,382156685934400,382156685969100,34700,after
secret_dependent_routine,382156685970400,382156686005000,34600,after
secret_dependent_routine,382156686006200,382156686040300,34100,after
secret_dependent_routine,382156686041500,382156686075900,34400,after
secret_dependent_routine,382156686077200,382156686111300,34100,after
secret_dependent_routine,382156686112500,382156686146700,34200,after
secret_dependent_routine,382156686147800,382156686177700,29900,after
secret_dependent_routine,382156686178800,382156686211100,32300,after
secret_dependent_routine,382156686212900,382156686247000,34100,after
secret_dependent_routine,382156686248300,382156686282600,34300,after
secret_dependent_routine,382156686284000,382156686317600,33600,after
secret_dependent_routine,382156686318900,382156686354000,35100,after
secret_dependent_routine,382156686355200,382156686385500,30300,after
secret_dependent_routine,382156686387800,382156686418300,30500,after
secret_dependent_routine,382156686419400,382156686448400,29000,after
secret_dependent_routine,382156686449400,382156686479400,30000,after
secret_dependent_routine,382156686480500,382156686510000,29500,after
secret_dependent_routine,382156686511200,382156686541400,30200,after
secret_dependent_routine,382156686542500,382156686572200,29700,after
secret_dependent_routine,382156686573300,382156686604600,31300,after
secret_dependent_routine,382156686605700,382156686635000,29300,after
secret_dependent_routine,382156686636200,382156686666500,30300,after
secret_dependent_routine,382156686667500,382156686697300,29800,after
secret_dependent_routine,382156686698400,382156686728200,29800,after
secret_dependent_routine,382156686729300,382156686759100,29800,after
secret_dependent_routine,382156686760300,382156686790100,29800,after
secret_dependent_routine,382156686791200,382156686821300,30100,after
secret_dependent_routine,382156686822400,382156686852900,30500,after
secret_dependent_routine,382156686853900,382156686884600,30700,after
secret_dependent_routine,382156686885700,382156686916600,30900,after
secret_dependent_routine,382156686918900,382156686949000,30100,after
secret_dependent_routine,382156686950200,382156686980500,30300,after
secret_dependent_routine,382156686981600,382156687011300,29700,after
secret_dependent_routine,382156687012400,382156687042500,30100,after
secret_dependent_routine,382156687043700,382156687073900,30200,after
secret_dependent_routine,382156687075100,382156687105400,30300,after
secret_dependent_routine,382156687106500,382156687137800,31300,after
secret_dependent_routine,382156687138900,382156687169300,30400,after
secret_dependent_routine,382156687170500,382156687200000,29500,after
secret_dependent_routine,382156687201200,382156687237300,36100,after
secret_dependent_routine,382156687238900,382156687269000,30100,after
secret_dependent_routine,382156687270100,382156687322500,52400,after
secret_dependent_routine,382156687325900,382156687364900,39000,after
secret_dependent_routine,382156687366500,382156687405200,38700,after
secret_dependent_routine,382156687406500,382156687445400,38900,after
secret_dependent_routine,382156687446900,382156687486800,39900,after
secret_dependent_routine,382156687488800,382156687523100,34300,after
secret_dependent_routine,382156687524400,382156687559300,34900,after
secret_dependent_routine,382156687560600,382156687595000,34400,after
secret_dependent_routine,382156687597900,382156687634200,36300,after
secret_dependent_routine,382156687635400,382156687666000,30600,after
secret_dependent_routine,382156687667100,382156687698100,31000,after
secret_dependent_routine,382156687699200,382156687729400,30200,after
secret_dependent_routine,382156687730500,382156687761000,30500,after
secret_dependent_routine,382156687762100,382156687791900,29800,after
secret_dependent_routine,382156687793000,382156687823200,30200,after
secret_dependent_routine,382156687828600,382156687859300,30700,after
secret_dependent_routine,382156687860900,382156687891700,30800,after
secret_dependent_routine,382156687892700,382156687923500,30800,after
secret_dependent_routine,382156687924700,382156687955800,31100,after
secret_dependent_routine,382156687956900,382156687987100,30200,after
secret_dependent_routine,382156687988200,382156688018800,30600,after
secret_dependent_routine,382156688019900,382156688051600,31700,after
secret_dependent_routine,382156688052800,382156688083200,30400,after
secret_dependent_routine,382156688084300,382156688114800,30500,after
secret_dependent_routine,382156688121500,382156688153000,31500,after
secret_dependent_routine,382156688154100,382156688184600,30500,after
secret_dependent_routine,382156688185700,382156688222600,36900,after
secret_dependent_routine,382156688224000,382156688255600,31600,after
secret_dependent_routine,382156688256700,382156688291700,35000,after
secret_dependent_routine,382156688293100,382156688329100,36000,after
secret_dependent_routine,382156688330400,382156688367700,37300,after
secret_dependent_routine,382156688369200,382156688404900,35700,after
secret_dependent_routine,382156688407900,382156688443600,35700,after
secret_dependent_routine,382156688444800,382156688484900,40100,after
secret_dependent_routine,382156688486100,382156688524500,38400,after
secret_dependent_routine,382156688525800,382156688564800,39000,after
secret_dependent_routine,382156688566000,382156688601800,35800,after
secret_dependent_routine,382156688603000,382156688641900,38900,after
secret_dependent_routine,382156688644200,382156688677800,33600,after
secret_dependent_routine,382156688678800,382156688710000,31200,after
secret_dependent_routine,382156688711000,382156688742800,31800,after
secret_dependent_routine,382156688743800,382156688775200,31400,after
secret_dependent_routine,382156688776300,382156688807400,31100,after
secret_dependent_routine,382156688808500,382156688839600,31100,after
secret_dependent_routine,382156688841900,382156688871900,30000,after
secret_dependent_routine,382156688873000,382156688902500,29500,after
secret_dependent_routine,382156688903700,382156688933800,30100,after
secret_dependent_routine,382156688934900,382156688965000,30100,after
secret_dependent_routine,382156688966100,382156688996100,30000,after
secret_dependent_routine,382156688997200,382156689027800,30600,after
secret_dependent_routine,382156689028900,382156689059400,30500,after
secret_dependent_routine,382156689060500,382156689091000,30500,after
secret_dependent_routine,382156689092100,382156689122800,30700,after
secret_dependent_routine,382156689123900,382156689153900,30000,after
secret_dependent_routine,382156689155000,382156689184700,29700,after
secret_dependent_routine,382156689185700,382156689223400,37700,after
secret_dependent_routine,382156689224600,382156689255100,30500,after
secret_dependent_routine,382156689256200,382156689290000,33800,after
secret_dependent_routine,382156689291200,382156689349000,57800,after
secret_dependent_routine,382156689351600,382156689407400,55800,after
secret_dependent_routine,382156689410000,382156689471300,61300,after
secret_dependent_routine,382156689473700,382156689553900,80200,after
secret_dependent_routine,382156689557000,382156689623300,66300,after
secret_dependent_routine,382156689626100,382156689666800,40700,after
secret_dependent_routine,382156689668600,382156689707500,38900,after
secret_dependent_routine,382156689709700,382156689744300,34600,after
secret_dependent_routine,382156689745700,382156689778700,33000,after
secret_dependent_routine,382156689780000,382156689813500,33500,after
secret_dependent_routine,382156689814700,382156689854500,39800,after
secret_dependent_routine,382156689856200,382156689890900,34700,after
secret_dependent_routine,382156689892200,382156689926800,34600,after
secret_dependent_routine,382156689928100,382156689962400,34300,after
secret_dependent_routine,382156689963600,382156689998000,34400,after
secret_dependent_routine,382156689999200,382156690033200,34000,after
secret_dependent_routine,382156690034500,382156690068700,34200,after
secret_dependent_routine,382156690072300,382156690104900,32600,after
secret_dependent_routine,382156690106000,382156690138700,32700,after
secret_dependent_routine,382156690139800,382156690172800,33000,after
secret_dependent_routine,382156690173900,382156690206300,32400,after
secret_dependent_routine,382156690207600,382156690245600,38000,after
secret_dependent_routine,382156690248100,382156690279700,31600,after
secret_dependent_routine,382156690281100,382156690313800,32700,after
secret_dependent_routine,382156690315100,382156690347900,32800,after
secret_dependent_routine,382156690349100,382156690382200,33100,after
secret_dependent_routine,382156690383500,382156690416500,33000,after
secret_dependent_routine,382156690417700,382156690450300,32600,after
secret_dependent_routine,382156690451500,382156690484300,32800,after
secret_dependent_routine,382156690485500,382156690518000,32500,after
secret_dependent_routine,382156690519200,382156690553000,33800,after
secret_dependent_routine,382156690554300,382156690587600,33300,after
secret_dependent_routine,382156690588700,382156690621800,33100,after
secret_dependent_routine,382156690622900,382156690653500,30600,after
secret_dependent_routine,382156690654600,382156690684200,29600,after
secret_dependent_routine,382156690685200,382156690718800,33600,after
secret_dependent_routine,382156690720800,382156690751700,30900,after
secret_dependent_routine,382156690753000,382156690783000,30000,after
secret_dependent_routine,382156690784200,382156690814400,30200,after
secret_dependent_routine,382156690815500,382156690844800,29300,after
secret_dependent_routine,382156690845900,382156690875800,29900,after
secret_dependent_routine,382156690876900,382156690906800,29900,after
secret_dependent_routine,382156690907900,382156690938700,30800,after
secret_dependent_routine,382156690939800,382156690969900,30100,after
secret_dependent_routine,382156690971000,382156691001700,30700,after
secret_dependent_routine,382156691002800,382156691033200,30400,after
secret_dependent_routine,382156691034200,382156691064800,30600,after
secret_dependent_routine,382156691065900,382156691096000,30100,after
secret_dependent_routine,382156691097100,382156691128300,31200,after
secret_dependent_routine,382156691129500,382156691159600,30100,after
secret_dependent_routine,382156691160800,382156691191400,30600,after
secret_dependent_routine,382156691192600,382156691222300,29700,after
secret_dependent_routine,382156691223400,382156691253300,29900,after
secret_dependent_routine,382156691254400,382156691284300,29900,after
secret_dependent_routine,382156691285400,382156691315700,30300,after
secret_dependent_routine,382156691316800,382156691346600,29800,after
secret_dependent_routine,382156691347700,382156691377900,30200,after
secret_dependent_routine,382156691379000,382156691408900,29900,after
secret_dependent_routine,382156691410100,382156691440700,30600,after
secret_dependent_routine,382156691443900,382156691475900,32000,after
secret_dependent_routine,382156691477000,382156691509400,32400,after
secret_dependent_routine,382156691510500,382156691541900,31400,after
secret_dependent_routine,382156691543000,382156691574800,31800,after
secret_dependent_routine,382156691575900,382156691607100,31200,after
secret_dependent_routine,382156691608200,382156691640400,32200,after
secret_dependent_routine,382156691641500,382156691673000,31500,after
secret_dependent_routine,382156691674100,382156691706200,32100,after
secret_dependent_routine,382156691707300,382156691743300,36000,after
secret_dependent_routine,382156691744500,382156691774700,30200,after
secret_dependent_routine,382156691777700,382156691814300,36600,after
secret_dependent_routine,382156691816100,382156691854000,37900,after
secret_dependent_routine,382156691855900,382156691889400,33500,after
secret_dependent_routine,382156691890700,382156691924100,33400,after
secret_dependent_routine,382156691925300,382156691959100,33800,after
secret_dependent_routine,382156691960400,382156691993900,33500,after
secret_dependent_routine,382156691995100,382156692028400,33300,after
secret_dependent_routine,382156692029600,382156692063300,33700,after
secret_dependent_routine,382156692064400,382156692097400,33000,after
secret_dependent_routine,382156692098600,382156692130700,32100,after
secret_dependent_routine,382156692131900,382156692164400,32500,after
secret_dependent_routine,382156692165600,382156692198000,32400,after
secret_dependent_routine,382156692199200,382156692231900,32700,after
secret_dependent_routine,382156692233000,382156692265900,32900,after
secret_dependent_routine,382156692267000,382156692296900,29900,after
secret_dependent_routine,382156692298000,382156692327800,29800,after
secret_dependent_routine,382156692328900,382156692358800,29900,after
secret_dependent_routine,382156692359900,382156692390000,30100,after
secret_dependent_routine,382156692391000,382156692421000,30000,after
secret_dependent_routine,382156692422200,382156692452400,30200,after
secret_dependent_routine,382156692453500,382156692484100,30600,after
secret_dependent_routine,382156692485200,382156692516200,31000,after
secret_dependent_routine,382156692517300,382156692547500,30200,after
secret_dependent_routine,382156692548600,382156692578600,30000,after
secret_dependent_routine,382156692579700,382156692609800,30100,after
secret_dependent_routine,382156692610900,382156692641000,30100,after
secret_dependent_routine,382156692643300,382156692673500,30200,after
secret_dependent_routine,382156692674600,382156692704700,30100,after
secret_dependent_routine,382156692705700,382156692740700,35000,after
secret_dependent_routine,382156692741900,382156692773800,31900,after
secret_dependent_routine,382156692774900,382156692804600,29700,after
secret_dependent_routine,382156692805800,382156692835900,30100,after
secret_dependent_routine,382156692838200,382156692868900,30700,after
secret_dependent_routine,382156692870000,382156692899800,29800,after
secret_dependent_routine,382156692901000,382156692930700,29700,after
secret_dependent_routine,382156692931800,382156692962200,30400,after
secret_dependent_routine,382156692963300,382156692993500,30200,after
secret_dependent_routine,382156692994600,382156693024500,29900,after
secret_dependent_routine,382156693025600,382156693057200,31600,after
secret_dependent_routine,382156693058400,382156693088500,30100,after
secret_dependent_routine,382156693089600,382156693120000,30400,after
secret_dependent_routine,382156693121000,382156693151200,30200,after
secret_dependent_routine,382156693152400,382156693183000,30600,after
secret_dependent_routine,382156693184100,382156693214100,30000,after
secret_dependent_routine,382156693215200,382156693245800,30600,after
secret_dependent_routine,382156693246900,382156693277300,30400,after
secret_dependent_routine,382156693278300,382156693308900,30600,after
secret_dependent_routine,382156693310000,382156693340600,30600,after
secret_dependent_routine,382156693341600,382156693373000,31400,after
secret_dependent_routine,382156693374100,382156693404100,30000,after
secret_dependent_routine,382156693405200,382156693435400,30200,after
secret_dependent_routine,382156693436500,382156693466800,30300,after
secret_dependent_routine,382156693467900,382156693498300,30400,after
secret_dependent_routine,382156693499400,382156693529600,30200,after
secret_dependent_routine,382156693530700,382156693560800,30100,after
secret_dependent_routine,382156693561800,382156693591700,29900,after
secret_dependent_routine,382156693592800,382156693623100,30300,after
secret_dependent_routine,382156693624200,382156693654200,30000,after
secret_dependent_routine,382156693655300,382156693685600,30300,after
secret_dependent_routine,382156693686700,382156693716800,30100,after
secret_dependent_routine,382156693717800,382156693748300,30500,after
secret_dependent_routine,382156693809500,382156693843600,34100,after
secret_dependent_routine,382156693846600,382156693876900,30300,after
secret_dependent_routine,382156693878000,382156693908000,30000,after
secret_dependent_routine,382156693909100,382156693940100,31000,after
secret_dependent_routine,382156693941200,382156693971300,30100,after
secret_dependent_routine,382156693972400,382156694002200,29800,after
secret_dependent_routine,382156694003400,382156694033300,29900,after
secret_dependent_routine,382156694034400,382156694064400,30000,after
secret_dependent_routine,382156694065500,382156694095300,29800,after
secret_dependent_routine,382156694096400,382156694126700,30300,after
secret_dependent_routine,382156694127900,382156694157900,30000,after
secret_dependent_routine,382156694159000,382156694189200,30200,after
secret_dependent_routine,382156694190300,382156694220400,30100,after
secret_dependent_routine,382156694221500,382156694258500,37000,after
secret_dependent_routine,382156694261100,382156694298000,36900,after
secret_dependent_routine,382156694299400,382156694332800,33400,after
secret_dependent_routine,382156694334100,382156694367300,33200,after
secret_dependent_routine,382156694368600,382156694402300,33700,after
secret_dependent_routine,382156694403500,382156694435400,31900,after
secret_dependent_routine,382156694436600,382156694473900,37300,after
secret_dependent_routine,382156694475500,382156694520600,45100,after
secret_dependent_routine,382156694522100,382156694554500,32400,after
secret_dependent_routine,382156694555900,382156694588000,32100,after
secret_dependent_routine,382156694589500,382156694621700,32200,after
secret_dependent_routine,382156694623200,382156694655100,31900,after
secret_dependent_routine,382156694656500,382156694690000,33500,after
secret_dependent_routine,382156694691500,382156694723700,32200,after
secret_dependent_routine,382156694725100,382156694757600,32500,after
secret_dependent_routine,382156694759100,382156694791100,32000,after
secret_dependent_routine,382156694792600,382156694825900,33300,after
secret_dependent_routine,382156694827500,382156694860100,32600,after
secret_dependent_routine,382156694862200,382156694928200,66000,after
secret_dependent_routine,382156694935500,382156695015000,79500,after
secret_dependent_routine,382156695017200,382156695076700,59500,after
secret_dependent_routine,382156695084600,382156695145700,61100,after
secret_dependent_routine,382156695148800,382156695182000,33200,after
secret_dependent_routine,382156695183800,382156695216500,32700,after
secret_dependent_routine,382156695220600,382156695260500,39900,after
secret_dependent_routine,382156695262300,382156695296100,33800,after
secret_dependent_routine,382156695297300,382156695330800,33500,after
secret_dependent_routine,382156695332100,382156695365900,33800,after
secret_dependent_routine,382156695367100,382156695400000,32900,after
secret_dependent_routine,382156695401300,382156695434500,33200,after
secret_dependent_routine,382156695435800,382156695468900,33100,after
secret_dependent_routine,382156695470100,382156695504100,34000,after
secret_dependent_routine,382156695505300,382156695536400,31100,after
secret_dependent_routine,382156695537500,382156695571100,33600,after
secret_dependent_routine,382156695572500,382156695602800,30300,after
secret_dependent_routine,382156695604000,382156695635200,31200,after
secret_dependent_routine,382156695636300,382156695667600,31300,after
secret_dependent_routine,382156695668700,382156695699800,31100,after
secret_dependent_routine,382156695700900,382156695731800,30900,after
secret_dependent_routine,382156695733000,382156695763900,30900,after
secret_dependent_routine,382156695765000,382156695796200,31200,after
secret_dependent_routine,382156695797300,382156695828300,31000,after
secret_dependent_routine,382156695829500,382156695860800,31300,after
secret_dependent_routine,382156695861900,382156695893000,31100,after
secret_dependent_routine,382156695895400,382156695928800,33400,after
secret_dependent_routine,382156695930100,382156695963100,33000,after
secret_dependent_routine,382156695964200,382156695996800,32600,after
secret_dependent_routine,382156695997800,382156696027900,30100,after
secret_dependent_routine,382156696029100,382156696061400,32300,after
secret_dependent_routine,382156696062500,382156696095000,32500,after
secret_dependent_routine,382156696096100,382156696126500,30400,after
secret_dependent_routine,382156696135200,382156696166100,30900,after
secret_dependent_routine,382156696167500,382156696198500,31000,after
secret_dependent_routine,382156696199700,382156696246500,46800,after
secret_dependent_routine,382156696248900,382156696331000,82100,after
secret_dependent_routine,382156696342200,382156696420700,78500,after
secret_dependent_routine,382156696428000,382156696475300,47300,after
secret_dependent_routine,382156696478200,382156696543600,65400,after
secret_dependent_routine,382156696546200,382156696586000,39800,after
secret_dependent_routine,382156696587500,382156696647400,59900,after
secret_dependent_routine,382156696649700,382156696720100,70400,after
secret_dependent_routine,382156696726600,382156696780900,54300,after
secret_dependent_routine,382156696787500,382156696822600,35100,after
secret_dependent_routine,382156696824200,382156696895400,71200,after
secret_dependent_routine,382156696901600,382156696970100,68500,after
secret_dependent_routine,382156696973500,382156697034900,61400,after
secret_dependent_routine,382156697039400,382156697086400,47000,after
secret_dependent_routine,382156697088700,382156697155600,66900,after
secret_dependent_routine,382156697157700,382156697224500,66800,after
secret_dependent_routine,382156697226800,382156697306000,79200,after
secret_dependent_routine,382156697308200,382156697339300,31100,after
secret_dependent_routine,382156697340700,382156697372300,31600,after
secret_dependent_routine,382156697373500,382156697404200,30700,after
secret_dependent_routine,382156697405400,382156697436500,31100,after
secret_dependent_routine,382156697437600,382156697468400,30800,after
secret_dependent_routine,382156697469600,382156697503700,34100,after
secret_dependent_routine,382156697504800,382156697536000,31200,after
secret_dependent_routine,382156697537100,382156697567700,30600,after
secret_dependent_routine,382156697568900,382156697599400,30500,after
secret_dependent_routine,382156697600600,382156697630900,30300,after
secret_dependent_routine,382156697632000,382156697663100,31100,after
secret_dependent_routine,382156697664300,382156697695100,30800,after
secret_dependent_routine,382156697696300,382156697727600,31300,after
secret_dependent_routine,382156697728700,382156697759000,30300,after
secret_dependent_routine,382156697760100,382156697790000,29900,after
secret_dependent_routine,382156697791100,382156697821100,30000,after
secret_dependent_routine,382156697823500,382156697854600,31100,after
secret_dependent_routine,382156697855800,382156697886200,30400,after
secret_dependent_routine,382156697887400,382156697917900,30500,after
secret_dependent_routine,382156697919000,382156697950300,31300,after
secret_dependent_routine,382156697951400,382156697983100,31700,after
secret_dependent_routine,382156697984400,382156698018900,34500,after
secret_dependent_routine,382156698020200,382156698055300,35100,after
secret_dependent_routine,382156698056600,382156698092000,35400,after
secret_dependent_routine,382156698093300,382156698128300,35000,after
secret_dependent_routine,382156698129600,382156698176600,47000,after
secret_dependent_routine,382156698178500,382156698230300,51800,after
secret_dependent_routine,382156698234700,382156698272700,38000,after
secret_dependent_routine,382156698274800,382156698527000,252200,after
secret_dependent_routine,382156698534000,382156698609200,75200,after
secret_dependent_routine,382156698613000,382156698692100,79100,after
secret_dependent_routine,382156698696200,382156698767100,70900,after
secret_dependent_routine,382156698770200,382156698865400,95200,after
secret_dependent_routine,382156698869300,382156698948500,79200,after
secret_dependent_routine,382156698951700,382156699028200,76500,after
secret_dependent_routine,382156699031400,382156699111500,80100,after
secret_dependent_routine,382156699114900,382156699193700,78800,after
secret_dependent_routine,382156699197000,382156699269200,72200,after
secret_dependent_routine,382156699271700,382156699344800,73100,after
secret_dependent_routine,382156699347500,382156699413200,65700,after
secret_dependent_routine,382156699417200,382156699485700,68500,after
secret_dependent_routine,382156699488300,382156699544400,56100,after
secret_dependent_routine,382156699546500,382156699605200,58700,after
secret_dependent_routine,382156699608000,382156699672100,64100,after
secret_dependent_routine,382156699674000,382156699730500,56500,after
secret_dependent_routine,382156699732200,382156699791400,59200,after
secret_dependent_routine,382156699793100,382156699848200,55100,after
secret_dependent_routine,382156699850500,382156699906500,56000,after
secret_dependent_routine,382156699908500,382156699965200,56700,after
secret_dependent_routine,382156699967300,382156700020800,53500,after
secret_dependent_routine,382156700022700,382156700078400,55700,after
secret_dependent_routine,382156700081100,382156700138000,56900,after
secret_dependent_routine,382156700140100,382156700191900,51800,after
secret_dependent_routine,382156700196300,382156700263900,67600,after
secret_dependent_routine,382156700266200,382156700322900,56700,after
secret_dependent_routine,382156700324900,382156700377200,52300,after
secret_dependent_routine,382156700379400,382156700437000,57600,after
secret_dependent_routine,382156700439800,382156700504400,64600,after
secret_dependent_routine,382156700511200,382156700565500,54300,after
secret_dependent_routine,382156700568200,382156700622500,54300,after
secret_dependent_routine,382156700624600,382156700678800,54200,after
secret_dependent_routine,382156700681500,382156700738500,57000,after
secret_dependent_routine,382156700740800,382156700805200,64400,after
secret_dependent_routine,382156700809200,382156700862500,53300,after
secret_dependent_routine,382156700864700,382156700934300,69600,after
secret_dependent_routine,382156700936300,382156700992700,56400,after
secret_dependent_routine,382156700995200,382156701058100,62900,after
secret_dependent_routine,382156701060000,382156701114600,54600,after
secret_dependent_routine,382156701116900,382156701172100,55200,after
secret_dependent_routine,382156701174000,382156701226700,52700,after
secret_dependent_routine,382156701229600,382156701284700,55100,after
secret_dependent_routine,382156701286600,382156701346600,60000,after
secret_dependent_routine,382156701348900,382156701407200,58300,after
secret_dependent_routine,382156701409700,382156701466200,56500,after
secret_dependent_routine,382156701468500,382156701526800,58300,after
secret_dependent_routine,382156701529300,382156701589500,60200,after
secret_dependent_routine,382156701591800,382156701651400,59600,after
secret_dependent_routine,382156701653500,382156701711900,58400,after
secret_dependent_routine,382156701714300,382156701770700,56400,after
secret_dependent_routine,382156701773500,382156701831400,57900,after
secret_dependent_routine,382156701834100,382156701893000,58900,after
secret_dependent_routine,382156701895200,382156701955600,60400,after
secret_dependent_routine,382156701957800,382156702018900,61100,after
secret_dependent_routine,382156702021300,382156702081700,60400,after
secret_dependent_routine,382156702085100,382156702147900,62800,after
secret_dependent_routine,382156702155200,382156702213500,58300,after
secret_dependent_routine,382156702215700,382156702272600,56900,after
secret_dependent_routine,382156702274800,382156702331800,57000,after
secret_dependent_routine,382156702334600,382156702391200,56600,after
secret_dependent_routine,382156702394100,382156702450200,56100,after
secret_dependent_routine,382156702452600,382156702513600,61000,after
secret_dependent_routine,382156702515900,382156702571300,55400,after
secret_dependent_routine,382156702573600,382156702628900,55300,after
secret_dependent_routine,382156702631700,382156702688700,57000,after
secret_dependent_routine,382156702690700,382156702746200,55500,after
secret_dependent_routine,382156702748200,382156702812100,63900,after
secret_dependent_routine,382156702815400,382156702871800,56400,after
secret_dependent_routine,382156702874000,382156702930600,56600,after
secret_dependent_routine,382156702932700,382156702988300,55600,after
secret_dependent_routine,382156702999800,382156703062100,62300,after
secret_dependent_routine,382156703064200,382156703123400,59200,after
secret_dependent_routine,382156703127500,382156703191900,64400,after
secret_dependent_routine,382156703194300,382156703261200,66900,after
secret_dependent_routine,382156703263600,382156703326500,62900,after
secret_dependent_routine,382156703329300,382156703391000,61700,after
secret_dependent_routine,382156703393800,382156703450800,57000,after
secret_dependent_routine,382156703453100,382156703510100,57000,after
secret_dependent_routine,382156703512400,382156703568900,56500,after
secret_dependent_routine,382156703570800,382156703625900,55100,after
secret_dependent_routine,382156703628200,382156703683600,55400,after
secret_dependent_routine,382156703685900,382156703740500,54600,after
secret_dependent_routine,382156703742500,382156703798100,55600,after
secret_dependent_routine,382156703800800,382156703856200,55400,after
secret_dependent_routine,382156703858900,382156703915800,56900,after
secret_dependent_routine,382156703918100,382156703974500,56400,after
secret_dependent_routine,382156703976900,382156704044000,67100,after
secret_dependent_routine,382156704046400,382156704108100,61700,after
secret_dependent_routine,382156704110300,382156704175300,65000,after
secret_dependent_routine,382156704178000,382156704240600,62600,after
secret_dependent_routine,382156704242700,382156704299100,56400,after
secret_dependent_routine,382156704301100,382156704356800,55700,after
secret_dependent_routine,382156704358700,382156704414000,55300,after
secret_dependent_routine,382156704416000,382156704473100,57100,after
secret_dependent_routine,382156704475100,382156704531900,56800,after
secret_dependent_routine,382156704534000,382156704589400,55400,after
secret_dependent_routine,382156704591400,382156704650600,59200,after
secret_dependent_routine,382156704652600,382156704714900,62300,after
secret_dependent_routine,382156704716900,382156704780000,63100,after
secret_dependent_routine,382156704782400,382156704866100,83700,after
secret_dependent_routine,382156704871900,382156704938200,66300,after
secret_dependent_routine,382156704941100,382156705004700,63600,after
secret_dependent_routine,382156705007000,382156705067300,60300,after
secret_dependent_routine,382156705069700,382156705140800,71100,after
secret_dependent_routine,382156705145000,382156705218100,73100,after
secret_dependent_routine,382156705222100,382156705289800,67700,after
secret_dependent_routine,382156705293500,382156705364300,70800,after
secret_dependent_routine,382156705372000,382156705439300,67300,after
secret_dependent_routine,382156705441600,382156705500200,58600,after
secret_dependent_routine,382156705502600,382156705559600,57000,after
secret_dependent_routine,382156705562200,382156705619700,57500,after
secret_dependent_routine,382156705622300,382156705677700,55400,after
secret_dependent_routine,382156705680100,382156705740300,60200,after
secret_dependent_routine,382156705742800,382156705803300,60500,after
secret_dependent_routine,382156705805600,382156705875700,70100,after
secret_dependent_routine,382156705883400,382156705945000,61600,after
secret_dependent_routine,382156705947800,382156706011800,64000,after
secret_dependent_routine,382156706014600,382156706087100,72500,after
secret_dependent_routine,382156706089700,382156706160200,70500,after
secret_dependent_routine,382156706162800,382156706235000,72200,after
secret_dependent_routine,382156706238700,382156706309400,70700,after
secret_dependent_routine,382156706313400,382156706377500,64100,after
secret_dependent_routine,382156706379700,382156706437000,57300,after
secret_dependent_routine,382156706439100,382156706495700,56600,after
secret_dependent_routine,382156706497900,382156706552900,55000,after
secret_dependent_routine,382156706555100,382156706611700,56600,after
secret_dependent_routine,382156706613900,382156706669200,55300,after
secret_dependent_routine,382156706671700,382156706728900,57200,after
secret_dependent_routine,382156706731000,382156706791500,60500,after
secret_dependent_routine,382156706793700,382156706870700,77000,after
secret_dependent_routine,382156706874000,382156706941600,67600,after
secret_dependent_routine,382156706945000,382156707016100,71100,after
secret_dependent_routine,382156707018400,382156707075100,56700,after
secret_dependent_routine,382156707077300,382156707133200,55900,after
secret_dependent_routine,382156707135400,382156707191300,55900,after
secret_dependent_routine,382156707193400,382156707248700,55300,after
secret_dependent_routine,382156707250800,382156707305900,55100,after
secret_dependent_routine,382156707307800,382156707362400,54600,after
secret_dependent_routine,382156707364300,382156707417100,52800,after
secret_dependent_routine,382156707419100,382156707474200,55100,after
secret_dependent_routine,382156707476500,382156707531600,55100,after
secret_dependent_routine,382156707533400,382156707587600,54200,after
secret_dependent_routine,382156707589400,382156707643000,53600,after
secret_dependent_routine,382156707648500,382156707704000,55500,after
secret_dependent_routine,382156707705700,382156707778100,72400,after
secret_dependent_routine,382156707781000,382156707843600,62600,after
secret_dependent_routine,382156707846000,382156707915200,69200,after
secret_dependent_routine,382156707918400,382156707987000,68600,after
secret_dependent_routine,382156707989500,382156708056800,67300,after
secret_dependent_routine,382156708059700,382156708124600,64900,after
secret_dependent_routine,382156708127600,382156708193500,65900,after
secret_dependent_routine,382156708197000,382156708264500,67500,after
secret_dependent_routine,382156708267400,382156708334300,66900,after
secret_dependent_routine,382156708337200,382156708402100,64900,after
secret_dependent_routine,382156708405400,382156708471800,66400,after
secret_dependent_routine,382156708474400,382156708537700,63300,after
secret_dependent_routine,382156708541300,382156708604300,63000,after
secret_dependent_routine,382156708609900,382156708664400,54500,after
secret_dependent_routine,382156708666500,382156708721900,55400,after
secret_dependent_routine,382156708724100,382156708786200,62100,after
secret_dependent_routine,382156708788900,382156708862300,73400,after
secret_dependent_routine,382156708866100,382156708921600,55500,after
secret_dependent_routine,382156708924300,382156708978100,53800,after
secret_dependent_routine,382156708980200,382156709025100,44900,after
secret_dependent_routine,382156709027400,382156709080700,53300,after
secret_dependent_routine,382156709083100,382156709136600,53500,after
secret_dependent_routine,382156709139000,382156709192600,53600,after
secret_dependent_routine,382156709194900,382156709249400,54500,after
secret_dependent_routine,382156709251700,382156709305900,54200,after
secret_dependent_routine,382156709308000,382156709361500,53500,after
secret_dependent_routine,382156709363200,382156709416800,53600,after
secret_dependent_routine,382156709418700,382156709472200,53500,after
secret_dependent_routine,382156709474400,382156709526200,51800,after
secret_dependent_routine,382156709528700,382156709582400,53700,after
secret_dependent_routine,382156709584500,382156709639200,54700,after
secret_dependent_routine,382156709641100,382156709694300,53200,after
secret_dependent_routine,382156709696400,382156709757800,61400,after
secret_dependent_routine,382156709760000,382156709818600,58600,after
secret_dependent_routine,382156709821800,382156709886100,64300,after
secret_dependent_routine,382156709897300,382156709955000,57700,after
secret_dependent_routine,382156709957500,382156710014500,57000,after
secret_dependent_routine,382156710017000,382156710074800,57800,after
secret_dependent_routine,382156710077200,382156710132300,55100,after
secret_dependent_routine,382156710134200,382156710190800,56600,after
secret_dependent_routine,382156710192800,382156710248700,55900,after
secret_dependent_routine,382156710250600,382156710305500,54900,after
secret_dependent_routine,382156710307400,382156710362400,55000,after
secret_dependent_routine,382156710364500,382156710419300,54800,after
secret_dependent_routine,382156710421400,382156710479400,58000,after
secret_dependent_routine,382156710481300,382156710535300,54000,after
secret_dependent_routine,382156710537400,382156710590500,53100,after
secret_dependent_routine,382156710592400,382156710646800,54400,after
secret_dependent_routine,382156710649700,382156710704200,54500,after
secret_dependent_routine,382156710706600,382156710765300,58700,after
secret_dependent_routine,382156710767700,382156710842900,75200,after
secret_dependent_routine,382156710846200,382156710915400,69200,after
secret_dependent_routine,382156710918200,382156710990200,72000,after
secret_dependent_routine,382156710996700,382156711053600,56900,after
secret_dependent_routine,382156711055700,382156711113100,57400,after
secret_dependent_routine,382156711118100,382156711174400,56300,after
secret_dependent_routine,382156711177300,382156711241100,63800,after
secret_dependent_routine,382156711243700,382156711310600,66900,after
secret_dependent_routine,382156711312900,382156711380800,67900,after
secret_dependent_routine,382156711383700,382156711449200,65500,after
secret_dependent_routine,382156711452100,382156711519400,67300,after
secret_dependent_routine,382156711522100,382156711586900,64800,after
secret_dependent_routine,382156711589500,382156711657900,68400,after
secret_dependent_routine,382156711660800,382156711728500,67700,after
secret_dependent_routine,382156711746700,382156711814000,67300,after
secret_dependent_routine,382156711820100,382156711886700,66600,after
secret_dependent_routine,382156711890100,382156711956200,66100,after
secret_dependent_routine,382156711959100,382156712017900,58800,after
secret_dependent_routine,382156712020200,382156712073100,52900,after
secret_dependent_routine,382156712075700,382156712129100,53400,after
secret_dependent_routine,382156712131600,382156712184900,53300,after
secret_dependent_routine,382156712191100,382156712244600,53500,after
secret_dependent_routine,382156712246800,382156712302400,55600,after
secret_dependent_routine,382156712304800,382156712361200,56400,after
secret_dependent_routine,382156712363000,382156712418300,55300,after
secret_dependent_routine,382156712420600,382156712476900,56300,after
secret_dependent_routine,382156712479500,382156712537200,57700,after
secret_dependent_routine,382156712539600,382156712595900,56300,after
secret_dependent_routine,382156712598400,382156712653000,54600,after
secret_dependent_routine,382156712655400,382156712712500,57100,after
secret_dependent_routine,382156712714600,382156712774200,59600,after
secret_dependent_routine,382156712776400,382156712852700,76300,after
secret_dependent_routine,382156712856900,382156712926800,69900,after
secret_dependent_routine,382156712929400,382156712997600,68200,after
secret_dependent_routine,382156713000100,382156713068200,68100,after
secret_dependent_routine,382156713070700,382156713137700,67000,after
secret_dependent_routine,382156713140100,382156713208200,68100,after
secret_dependent_routine,382156713210800,382156713283600,72800,after
secret_dependent_routine,382156713286500,382156713350200,63700,after
secret_dependent_routine,382156713352300,382156713407900,55600,after
secret_dependent_routine,382156713409900,382156713464700,54800,after
secret_dependent_routine,382156713466700,382156713520200,53500,after
secret_dependent_routine,382156713522000,382156713577200,55200,after
secret_dependent_routine,382156713579500,382156713634200,54700,after
secret_dependent_routine,382156713636700,382156713691400,54700,after
secret_dependent_routine,382156713693800,382156713747600,53800,after
secret_dependent_routine,382156713749800,382156713804200,54400,after
secret_dependent_routine,382156713806700,382156713859100,52400,after
secret_dependent_routine,382156713864400,382156713918700,54300,after
secret_dependent_routine,382156713921000,382156713980300,59300,after
secret_dependent_routine,382156713982400,382156714039000,56600,after
secret_dependent_routine,382156714041300,382156714098900,57600,after
secret_dependent_routine,382156714101000,382156714158300,57300,after
secret_dependent_routine,382156714160200,382156714216400,56200,after
secret_dependent_routine,382156714218200,382156714273300,55100,after
secret_dependent_routine,382156714275600,382156714331300,55700,after
secret_dependent_routine,382156714333200,382156714394700,61500,after
secret_dependent_routine,382156714396900,382156714462800,65900,after
secret_dependent_routine,382156714468800,382156714685400,216600,after
secret_dependent_routine,382156714696700,382156714759900,63200,after
secret_dependent_routine,382156714762500,382156714823400,60900,after
secret_dependent_routine,382156714825900,382156714884500,58600,after
secret_dependent_routine,382156714887200,382156714949800,62600,after
secret_dependent_routine,382156714952600,382156715012100,59500,after
secret_dependent_routine,382156715014600,382156715078700,64100,after
secret_dependent_routine,382156715081500,382156715159300,77800,after
secret_dependent_routine,382156715163000,382156715233000,70000,after
secret_dependent_routine,382156715237600,382156715304400,66800,after
secret_dependent_routine,382156715307400,382156715374900,67500,after
secret_dependent_routine,382156715381200,382156715440200,59000,after
secret_dependent_routine,382156715442600,382156715515100,72500,after
secret_dependent_routine,382156715518000,382156715589600,71600,after
secret_dependent_routine,382156715591700,382156715652100,60400,after
secret_dependent_routine,382156715654300,382156715713500,59200,after
secret_dependent_routine,382156715715800,382156715776500,60700,after
secret_dependent_routine,382156715778800,382156715836200,57400,after
secret_dependent_routine,382156715838400,382156715893700,55300,after
secret_dependent_routine,382156715895900,382156715951700,55800,after
secret_dependent_routine,382156715953900,382156716008300,54400,after
secret_dependent_routine,382156716010600,382156716073900,63300,after
secret_dependent_routine,382156716076200,382156716140200,64000,after
secret_dependent_routine,382156716142700,382156716199800,57100,after
secret_dependent_routine,382156716202000,382156716258700,56700,after
secret_dependent_routine,382156716260800,382156716314900,54100,after
secret_dependent_routine,382156716317000,382156716371700,54700,after
secret_dependent_routine,382156716373700,382156716430500,56800,after
secret_dependent_routine,382156716432700,382156716497400,64700,after
secret_dependent_routine,382156716499500,382156716562900,63400,after
secret_dependent_routine,382156716565300,382156716635700,70400,after
secret_dependent_routine,382156716637800,382156716708700,70900,after
secret_dependent_routine,382156716711300,382156716781500,70200,after
secret_dependent_routine,382156716789900,382156716843400,53500,after
secret_dependent_routine,382156716845600,382156716901100,55500,after
secret_dependent_routine,382156716902900,382156716958600,55700,after
secret_dependent_routine,382156716962700,382156717018000,55300,after
secret_dependent_routine,382156717020000,382156717085800,65800,after
secret_dependent_routine,382156717087600,382156717157500,69900,after
secret_dependent_routine,382156717160200,382156717233100,72900,after
secret_dependent_routine,382156717235600,382156717307200,71600,after
secret_dependent_routine,382156717309800,382156717382200,72400,after
secret_dependent_routine,382156717384500,382156717444100,59600,after
secret_dependent_routine,382156717446200,382156717502300,56100,after
secret_dependent_routine,382156717504100,382156717561600,57500,after
secret_dependent_routine,382156717563900,382156717624400,60500,after
secret_dependent_routine,382156717626500,382156717679100,52600,after
secret_dependent_routine,382156717681200,382156717740200,59000,after
secret_dependent_routine,382156717742100,382156717795700,53600,after
secret_dependent_routine,382156717797200,382156717845900,48700,after
secret_dependent_routine,382156717847700,382156717901400,53700,after
secret_dependent_routine,382156717903400,382156717959400,56000,after
secret_dependent_routine,382156717961400,382156718017400,56000,after
secret_dependent_routine,382156718019200,382156718073800,54600,after
secret_dependent_routine,382156718075600,382156718129000,53400,after
secret_dependent_routine,382156718131100,382156718184600,53500,after
secret_dependent_routine,382156718186700,382156718244100,57400,after
secret_dependent_routine,382156718246200,382156718308400,62200,after
secret_dependent_routine,382156718310700,382156718377500,66800,after
secret_dependent_routine,382156718380500,382156718448400,67900,after
secret_dependent_routine,382156718451000,382156718519900,68900,after
secret_dependent_routine,382156718522300,382156718592000,69700,after
secret_dependent_routine,382156718594400,382156718663000,68600,after
secret_dependent_routine,382156718665400,382156718732900,67500,after
secret_dependent_routine,382156718735400,382156718808800,73400,after
secret_dependent_routine,382156718811400,382156718878000,66600,after
secret_dependent_routine,382156718880600,382156718951400,70800,after
secret_dependent_routine,382156718953600,382156719028100,74500,after
secret_dependent_routine,382156719030500,382156719088900,58400,after
secret_dependent_routine,382156719091000,382156719153300,62300,after
secret_dependent_routine,382156719156000,382156719224300,68300,after
secret_dependent_routine,382156719226700,382156719300000,73300,after
secret_dependent_routine,382156719305500,382156719369200,63700,after
secret_dependent_routine,382156719371200,382156719428500,57300,after
secret_dependent_routine,382156719430200,382156719486200,56000,after
secret_dependent_routine,382156719489500,382156719546500,57000,after
secret_dependent_routine,382156719548500,382156719605300,56800,after
secret_dependent_routine,382156719607300,382156719664200,56900,after
secret_dependent_routine,382156719666000,382156719722500,56500,after
secret_dependent_routine,382156719724200,382156719778400,54200,after
secret_dependent_routine,382156719780300,382156719834400,54100,after
secret_dependent_routine,382156719836300,382156719891600,55300,after
secret_dependent_routine,382156719893700,382156719950200,56500,after
secret_dependent_routine,382156719952200,382156720007700,55500,after
secret_dependent_routine,382156720009700,382156720068100,58400,after
secret_dependent_routine,382156720070000,382156720123300,53300,after
secret_dependent_routine,382156720125100,382156720174900,49800,after
secret_dependent_routine,382156720176500,382156720238600,62100,after
secret_dependent_routine,382156720240600,382156720302200,61600,after
secret_dependent_routine,382156720304500,382156720373200,68700,after
secret_dependent_routine,382156720375700,382156720443800,68100,after
secret_dependent_routine,382156720446300,382156720507400,61100,after
secret_dependent_routine,382156720509300,382156720563800,54500,after
secret_dependent_routine,382156720566600,382156720618600,52000,after
secret_dependent_routine,382156720620900,382156720667800,46900,after
secret_dependent_routine,382156720669800,382156720722000,52200,after
secret_dependent_routine,382156720724000,382156720775600,51600,after
secret_dependent_routine,382156720777500,382156720828200,50700,after
secret_dependent_routine,382156720830000,382156720884700,54700,after
secret_dependent_routine,382156720886800,382156720938600,51800,after
secret_dependent_routine,382156720940400,382156720993500,53100,after
secret_dependent_routine,382156720995400,382156721047300,51900,after
secret_dependent_routine,382156721049100,382156721103100,54000,after
secret_dependent_routine,382156721105200,382156721171000,65800,after
secret_dependent_routine,382156721173600,382156721239600,66000,after
secret_dependent_routine,382156721241800,382156721306500,64700,after
secret_dependent_routine,382156721309100,382156721378100,69000,after
secret_dependent_routine,382156721380100,382156721433500,53400,after
secret_dependent_routine,382156721437900,382156721492500,54600,after
secret_dependent_routine,382156721494500,382156721548300,53800,after
secret_dependent_routine,382156721550200,382156721603000,52800,after
secret_dependent_routine,382156721605200,382156721659600,54400,after
secret_dependent_routine,382156721662500,382156721718300,55800,after
secret_dependent_routine,382156721720700,382156721775700,55000,after
secret_dependent_routine,382156721777900,382156721833100,55200,after
secret_dependent_routine,382156721835200,382156721889700,54500,after
secret_dependent_routine,382156721891700,382156721945900,54200,after
secret_dependent_routine,382156721950800,382156722003700,52900,after
secret_dependent_routine,382156722005600,382156722058200,52600,after
secret_dependent_routine,382156722060100,382156722113200,53100,after
secret_dependent_routine,382156722115200,382156722166600,51400,after
secret_dependent_routine,382156722168600,382156722224800,56200,after
secret_dependent_routine,382156722227000,382156722286000,59000,after
secret_dependent_routine,382156722288400,382156722356600,68200,after
secret_dependent_routine,382156722359600,382156722416000,56400,after
secret_dependent_routine,382156722418200,382156722471000,52800,after
secret_dependent_routine,382156722473200,382156722525300,52100,after
secret_dependent_routine,382156722527800,382156722580600,52800,after
secret_dependent_routine,382156722582900,382156722636500,53600,after
secret_dependent_routine,382156722638900,382156722693700,54800,after
secret_dependent_routine,382156722696100,382156722752300,56200,after
secret_dependent_routine,382156722754400,382156722808600,54200,after
secret_dependent_routine,382156722810900,382156722866400,55500,after
secret_dependent_routine,382156722868500,382156722923900,55400,after
secret_dependent_routine,382156722926200,382156722978700,52500,after
secret_dependent_routine,382156722980700,382156723034800,54100,after
secret_dependent_routine,382156723037000,382156723094400,57400,after
secret_dependent_routine,382156723097200,382156723163200,66000,after
secret_dependent_routine,382156723166100,382156723231000,64900,after
secret_dependent_routine,382156723233800,382156723294800,61000,after
secret_dependent_routine,382156723297600,382156723367200,69600,after
secret_dependent_routine,382156723370600,382156723427400,56800,after
secret_dependent_routine,382156723429900,382156723487900,58000,after
secret_dependent_routine,382156723490300,382156723548200,57900,after
secret_dependent_routine,382156723550300,382156723606400,56100,after
secret_dependent_routine,382156723611200,382156723665900,54700,after
secret_dependent_routine,382156723668100,382156723725000,56900,after
secret_dependent_routine,382156723727500,382156723783300,55800,after
secret_dependent_routine,382156723785700,382156723841200,55500,after
secret_dependent_routine,382156723843500,382156723902700,59200,after
secret_dependent_routine,382156723905100,382156723962500,57400,after
secret_dependent_routine,382156723965100,382156724025200,60100,after
secret_dependent_routine,382156724027400,382156724088200,60800,after
secret_dependent_routine,382156724090700,382156724151800,61100,after
secret_dependent_routine,382156724154500,382156724213100,58600,after
secret_dependent_routine,382156724217000,382156724281300,64300,after
secret_dependent_routine,382156724284400,382156724351800,67400,after
secret_dependent_routine,382156724354800,382156724417700,62900,after
secret_dependent_routine,382156724420100,382156724478700,58600,after
secret_dependent_routine,382156724481100,382156724539500,58400,after
secret_dependent_routine,382156724545700,382156724604000,58300,after
secret_dependent_routine,382156724606400,382156724664600,58200,after
secret_dependent_routine,382156724666800,382156724725700,58900,after
secret_dependent_routine,382156724727600,382156724782300,54700,after
secret_dependent_routine,382156724784500,382156724848800,64300,after
secret_dependent_routine,382156724851400,382156724909100,57700,after
secret_dependent_routine,382156724912300,382156724976500,64200,after
secret_dependent_routine,382156724978900,382156725043900,65000,after
secret_dependent_routine,382156725046200,382156725110300,64100,after
secret_dependent_routine,382156725113000,382156725191900,78900,after
secret_dependent_routine,382156725195100,382156725267900,72800,after
secret_dependent_routine,382156725270400,382156725345600,75200,after
secret_dependent_routine,382156725348200,382156725417700,69500,after
secret_dependent_routine,382156725420500,382156725492400,71900,after
secret_dependent_routine,382156725495100,382156725563400,68300,after
secret_dependent_routine,382156725566100,382156725636500,70400,after
secret_dependent_routine,382156725638900,382156725710400,71500,after
secret_dependent_routine,382156725712900,382156725781200,68300,after
secret_dependent_routine,382156725784100,382156725853000,68900,after
secret_dependent_routine,382156725856200,382156725922800,66600,after
secret_dependent_routine,382156725925400,382156725995000,69600,after
secret_dependent_routine,382156726005900,382156726061900,56000,after
secret_dependent_routine,382156726063900,382156726119300,55400,after
secret_dependent_routine,382156726121300,382156726176600,55300,after
secret_dependent_routine,382156726178300,382156726242200,63900,after
secret_dependent_routine,382156726244100,382156726308500,64400,after
secret_dependent_routine,382156726310800,382156726379700,68900,after
secret_dependent_routine,382156726382200,382156726443900,61700,after
secret_dependent_routine,382156726445800,382156726514300,68500,after
secret_dependent_routine,382156726516600,382156726587000,70400,after
secret_dependent_routine,382156726589000,382156726658900,69900,after
secret_dependent_routine,382156726662200,382156726718700,56500,after
secret_dependent_routine,382156726721700,382156726778000,56300,after
secret_dependent_routine,382156726780700,382156726835200,54500,after
secret_dependent_routine,382156726837500,382156726892900,55400,after
secret_dependent_routine,382156726895000,382156726948700,53700,after
secret_dependent_routine,382156726959100,382156727021500,62400,after
secret_dependent_routine,382156727023700,382156727102300,78600,after
secret_dependent_routine,382156727105200,382156727179400,74200,after
secret_dependent_routine,382156727181800,382156727242800,61000,after
secret_dependent_routine,382156727245000,382156727304600,59600,after
secret_dependent_routine,382156727306500,382156727361600,55100,after
secret_dependent_routine,382156727363500,382156727415500,52000,after
secret_dependent_routine,382156727420900,382156727475800,54900,after
secret_dependent_routine,382156727478200,382156727533000,54800,after
secret_dependent_routine,382156727535200,382156727589400,54200,after
secret_dependent_routine,382156727592200,382156727646900,54700,after
secret_dependent_routine,382156727649200,382156727701600,52400,after
secret_dependent_routine,382156727703700,382156727755100,51400,after
secret_dependent_routine,382156727757500,382156727813500,56000,after
secret_dependent_routine,382156727822700,382156727883600,60900,after
secret_dependent_routine,382156727886900,382156727946200,59300,after
secret_dependent_routine,382156727949000,382156728008000,59000,after
secret_dependent_routine,382156728010300,382156728073900,63600,after
secret_dependent_routine,382156728076600,382156728142600,66000,after
secret_dependent_routine,382156728145300,382156728211800,66500,after
secret_dependent_routine,382156728214600,382156728280100,65500,after
secret_dependent_routine,382156728286700,382156728354200,67500,after
secret_dependent_routine,382156728356600,382156728420400,63800,after
secret_dependent_routine,382156728423100,382156728490600,67500,after
secret_dependent_routine,382156728493400,382156728560600,67200,after
secret_dependent_routine,382156728562900,382156728628100,65200,after
secret_dependent_routine,382156728630800,382156728694200,63400,after
secret_dependent_routine,382156728696900,382156728759200,62300,after
secret_dependent_routine,382156728762200,382156728817900,55700,after
secret_dependent_routine,382156728820200,382156728872600,52400,after
secret_dependent_routine,382156728874600,382156728925900,51300,after
secret_dependent_routine,382156728928800,382156728985700,56900,after
secret_dependent_routine,382156728988200,382156729047900,59700,after
secret_dependent_routine,382156729050400,382156729114600,64200,after
secret_dependent_routine,382156729117700,382156729195100,77400,after
secret_dependent_routine,382156729198800,382156729266700,67900,after
secret_dependent_routine,382156729269600,382156729338000,68400,after
secret_dependent_routine,382156729340900,382156729408500,67600,after
secret_dependent_routine,382156729410900,382156729461000,50100,after
secret_dependent_routine,382156729463800,382156729501000,37200,after
secret_dependent_routine,382156729503100,382156729553700,50600,after
secret_dependent_routine,382156729555500,382156729625900,70400,after
secret_dependent_routine,382156729627700,382156729701900,74200,after
secret_dependent_routine,382156729704500,382156729765600,61100,after
secret_dependent_routine,382156729768100,382156729808100,40000,after
secret_dependent_routine,382156729810000,382156729851000,41000,after
secret_dependent_routine,382156729853100,382156729907500,54400,after
secret_dependent_routine,382156729909100,382156729945900,36800,after
secret_dependent_routine,382156729962300,382156730222400,260100,after
secret_dependent_routine,382156730243000,382156730309400,66400,after
secret_dependent_routine,382156730314000,382156730375400,61400,after
secret_dependent_routine,382156730377700,382156730431200,53500,after
secret_dependent_routine,382156730433600,382156730489700,56100,after
secret_dependent_routine,382156730492100,382156730548200,56100,after
secret_dependent_routine,382156730550100,382156730592100,42000,after
secret_dependent_routine,382156730593800,382156730630100,36300,after
secret_dependent_routine,382156730631500,382156730668800,37300,after
secret_dependent_routine,382156730673800,382156730707400,33600,after
secret_dependent_routine,382156730708700,382156730743600,34900,after
secret_dependent_routine,382156730744900,382156730788800,43900,after
secret_dependent_routine,382156730790600,382156730825400,34800,after
secret_dependent_routine,382156730826700,382156730861100,34400,after
secret_dependent_routine,382156730862300,382156730897300,35000,after
secret_dependent_routine,382156730898500,382156730933300,34800,after
secret_dependent_routine,382156730934700,382156730975900,41200,after
secret_dependent_routine,382156730977300,382156731010900,33600,after
secret_dependent_routine,382156731012300,382156731045900,33600,after
secret_dependent_routine,382156731047200,382156731080600,33400,after
secret_dependent_routine,382156731081900,382156731115600,33700,after
secret_dependent_routine,382156731116900,382156731150800,33900,after
secret_dependent_routine,382156731152100,382156731186200,34100,after
secret_dependent_routine,382156731187500,382156731222000,34500,after
secret_dependent_routine,382156731223300,382156731257600,34300,after
secret_dependent_routine,382156731258800,382156731293300,34500,after
secret_dependent_routine,382156731294500,382156731328300,33800,after
secret_dependent_routine,382156731329600,382156731363200,33600,after
secret_dependent_routine,382156731364400,382156731398300,33900,after
secret_dependent_routine,382156731399500,382156731434200,34700,after
secret_dependent_routine,382156731435400,382156731470000,34600,after
secret_dependent_routine,382156731471300,382156731505200,33900,after
secret_dependent_routine,382156731506400,382156731542400,36000,after
secret_dependent_routine,382156731543600,382156731577900,34300,after
secret_dependent_routine,382156731579200,382156731613400,34200,after
secret_dependent_routine,382156731614700,382156731650400,35700,after
secret_dependent_routine,382156731651800,382156731685900,34100,after
secret_dependent_routine,382156731687200,382156731721900,34700,after
secret_dependent_routine,382156731723200,382156731758300,35100,after
secret_dependent_routine,382156731759500,382156731794100,34600,after
secret_dependent_routine,382156731795400,382156731828300,32900,after
secret_dependent_routine,382156731829500,382156731863000,33500,after
secret_dependent_routine,382156731864100,382156731897400,33300,after
secret_dependent_routine,382156731900000,382156731934000,34000,after
secret_dependent_routine,382156731935300,382156731977600,42300,after
secret_dependent_routine,382156731979000,382156732014000,35000,after
secret_dependent_routine,382156732016700,382156732050400,33700,after
secret_dependent_routine,382156732051900,382156732088400,36500,after
secret_dependent_routine,382156732089600,382156732125700,36100,after
secret_dependent_routine,382156732127000,382156732162500,35500,after
secret_dependent_routine,382156732163900,382156732200200,36300,after
secret_dependent_routine,382156732201500,382156732237000,35500,after
secret_dependent_routine,382156732238200,382156732274100,35900,after
secret_dependent_routine,382156732275300,382156732311300,36000,after
secret_dependent_routine,382156732312700,382156732348600,35900,after
secret_dependent_routine,382156732349800,382156732386000,36200,after
secret_dependent_routine,382156732387300,382156732423400,36100,after
secret_dependent_routine,382156732424700,382156732460500,35800,after
secret_dependent_routine,382156732461800,382156732497300,35500,after
secret_dependent_routine,382156732498500,382156732534300,35800,after
secret_dependent_routine,382156732535500,382156732572000,36500,after
secret_dependent_routine,382156732573200,382156732609300,36100,after
secret_dependent_routine,382156732610500,382156732646800,36300,after
secret_dependent_routine,382156732648000,382156732683800,35800,after
secret_dependent_routine,382156732685000,382156732722200,37200,after
secret_dependent_routine,382156732723400,382156732759000,35600,after
secret_dependent_routine,382156732760200,382156732800200,40000,after
secret_dependent_routine,382156732802100,382156732835300,33200,after
secret_dependent_routine,382156732836500,382156732870000,33500,after
secret_dependent_routine,382156732871300,382156732904400,33100,after
secret_dependent_routine,382156732905600,382156732938700,33100,after
secret_dependent_routine,382156732940000,382156732973500,33500,after
secret_dependent_routine,382156732974700,382156733007800,33100,after
secret_dependent_routine,382156733009000,382156733041800,32800,after
secret_dependent_routine,382156733043100,382156733076200,33100,after
secret_dependent_routine,382156733077400,382156733112000,34600,after
secret_dependent_routine,382156733113300,382156733149700,36400,after
secret_dependent_routine,382156733151000,382156733183500,32500,after
secret_dependent_routine,382156733184700,382156733217900,33200,after
secret_dependent_routine,382156733219100,382156733251800,32700,after
secret_dependent_routine,382156733253000,382156733285700,32700,after
secret_dependent_routine,382156733286900,382156733320000,33100,after
secret_dependent_routine,382156733322800,382156733356800,34000,after
secret_dependent_routine,382156733358000,382156733391800,33800,after
secret_dependent_routine,382156733393000,382156733426500,33500,after
secret_dependent_routine,382156733427700,382156733469200,41500,after
secret_dependent_routine,382156733472800,382156733512600,39800,after
secret_dependent_routine,382156733514000,382156733547200,33200,after
secret_dependent_routine,382156733548500,382156733582200,33700,after
secret_dependent_routine,382156733583500,382156733617400,33900,after
secret_dependent_routine,382156733618700,382156733652400,33700,after
secret_dependent_routine,382156733653600,382156733687000,33400,after
secret_dependent_routine,382156733688200,382156733721200,33000,after
secret_dependent_routine,382156733722400,382156733755000,32600,after
secret_dependent_routine,382156733756200,382156733790000,33800,after
secret_dependent_routine,382156733791200,382156733824700,33500,after
secret_dependent_routine,382156733826000,382156733859400,33400,after
secret_dependent_routine,382156733860800,382156733893700,32900,after
secret_dependent_routine,382156733894900,382156733927700,32800,after
secret_dependent_routine,382156733928900,382156733962000,33100,after
secret_dependent_routine,382156733963200,382156734007500,44300,after
secret_dependent_routine,382156734008800,382156734041000,32200,after
secret_dependent_routine,382156734042200,382156734074500,32300,after
secret_dependent_routine,382156734075700,382156734107500,31800,after
secret_dependent_routine,382156734108700,382156734140900,32200,after
secret_dependent_routine,382156734142100,382156734174200,32100,after
secret_dependent_routine,382156734175400,382156734207600,32200,after
secret_dependent_routine,382156734208800,382156734240800,32000,after
secret_dependent_routine,382156734242000,382156734275100,33100,after
secret_dependent_routine,382156734276300,382156734308200,31900,after
secret_dependent_routine,382156734309400,382156734341600,32200,after
secret_dependent_routine,382156734342900,382156734374900,32000,after
secret_dependent_routine,382156734376100,382156734408500,32400,after
secret_dependent_routine,382156734409700,382156734442200,32500,after
secret_dependent_routine,382156734443300,382156734476200,32900,after
secret_dependent_routine,382156734477300,382156734509900,32600,after
secret_dependent_routine,382156734515300,382156734548300,33000,after
secret_dependent_routine,382156734550000,382156734584000,34000,after
secret_dependent_routine,382156734586600,382156734623100,36500,after
secret_dependent_routine,382156734624900,382156734657700,32800,after
secret_dependent_routine,382156734659000,382156734692000,33000,after
secret_dependent_routine,382156734693300,382156734726200,32900,after
secret_dependent_routine,382156734727400,382156734760200,32800,after
secret_dependent_routine,382156734761400,382156734793600,32200,after
secret_dependent_routine,382156734794700,382156734827500,32800,after
secret_dependent_routine,382156734828800,382156734861800,33000,after
secret_dependent_routine,382156734863000,382156734924800,61800,after
secret_dependent_routine,382156734932200,382156735008300,76100,after
secret_dependent_routine,382156735011000,382156735045200,34200,after
secret_dependent_routine,382156735048100,382156735081900,33800,after
secret_dependent_routine,382156735083200,382156735117600,34400,after
secret_dependent_routine,382156735118900,382156735153800,34900,after
secret_dependent_routine,382156735155300,382156735190100,34800,after
secret_dependent_routine,382156735191600,382156735226000,34400,after
secret_dependent_routine,382156735228300,382156735272200,43900,after
secret_dependent_routine,382156735273800,382156735307000,33200,after
secret_dependent_routine,382156735308200,382156735342100,33900,after
secret_dependent_routine,382156735343500,382156735377900,34400,after
secret_dependent_routine,382156735379200,382156735414300,35100,after
secret_dependent_routine,382156735415500,382156735450500,35000,after
secret_dependent_routine,382156735451900,382156735486900,35000,after
secret_dependent_routine,382156735488200,382156735522800,34600,after
secret_dependent_routine,382156735524100,382156735560700,36600,after
secret_dependent_routine,382156735562200,382156735601500,39300,after
secret_dependent_routine,382156735602800,382156735644500,41700,after
secret_dependent_routine,382156735645900,382156735682200,36300,after
secret_dependent_routine,382156735683500,382156735718700,35200,after
secret_dependent_routine,382156735720000,382156735755400,35400,after
secret_dependent_routine,382156735756600,382156735791600,35000,after
secret_dependent_routine,382156735792800,382156735828300,35500,after
secret_dependent_routine,382156735829500,382156735864600,35100,after
secret_dependent_routine,382156735865900,382156735901200,35300,after
secret_dependent_routine,382156735902500,382156735937900,35400,after
secret_dependent_routine,382156735939300,382156735974800,35500,after
secret_dependent_routine,382156735977400,382156736016700,39300,after
secret_dependent_routine,382156736018100,382156736059300,41200,after
secret_dependent_routine,382156736060800,382156736094000,33200,after
secret_dependent_routine,382156736095200,382156736128100,32900,after
secret_dependent_routine,382156736129300,382156736162300,33000,after
secret_dependent_routine,382156736163600,382156736196800,33200,after
secret_dependent_routine,382156736198000,382156736232200,34200,after
secret_dependent_routine,382156736233500,382156736268400,34900,after
secret_dependent_routine,382156736269500,382156736304000,34500,after
secret_dependent_routine,382156736305300,382156736339300,34000,after
secret_dependent_routine,382156736340500,382156736375500,35000,after
secret_dependent_routine,382156736376700,382156736410600,33900,after
secret_dependent_routine,382156736411800,382156736447100,35300,after
secret_dependent_routine,382156736448200,382156736482200,34000,after
secret_dependent_routine,382156736483500,382156736523000,39500,after
secret_dependent_routine,382156736524700,382156736558600,33900,after
secret_dependent_routine,382156736559900,382156736594000,34100,after
secret_dependent_routine,382156736596600,382156736631900,35300,after
secret_dependent_routine,382156736633200,382156736667900,34700,after
secret_dependent_routine,382156736669000,382156736704000,35000,after
secret_dependent_routine,382156736705200,382156736740200,35000,after
secret_dependent_routine,382156736741400,382156736776300,34900,after
secret_dependent_routine,382156736777600,382156736812000,34400,after
secret_dependent_routine,382156736813200,382156736847800,34600,after
secret_dependent_routine,382156736849200,382156736883800,34600,after
secret_dependent_routine,382156736885200,382156736920600,35400,after
secret_dependent_routine,382156736921900,382156736956800,34900,after
secret_dependent_routine,382156736958200,382156737001400,43200,after
secret_dependent_routine,382156737004400,382156737088100,83700,after
secret_dependent_routine,382156737101100,382156737170700,69600,after
secret_dependent_routine,382156737174400,382156737236400,62000,after
secret_dependent_routine,382156737239000,382156737302700,63700,after
secret_dependent_routine,382156737305000,382156737367000,62000,after
secret_dependent_routine,382156737369200,382156737431000,61800,after
secret_dependent_routine,382156737433100,382156737492200,59100,after
secret_dependent_routine,382156737494300,382156737550900,56600,after
secret_dependent_routine,382156737552900,382156737614000,61100,after
secret_dependent_routine,382156737620500,382156737681300,60800,after
secret_dependent_routine,382156737684100,382156737746900,62800,after
secret_dependent_routine,382156737749200,382156737810200,61000,after
secret_dependent_routine,382156737812500,382156737873500,61000,after
secret_dependent_routine,382156737875700,382156737934000,58300,after
secret_dependent_routine,382156737935800,382156737995200,59400,after
secret_dependent_routine,382156737997400,382156738059800,62400,after
secret_dependent_routine,382156738063100,382156738125900,62800,after
secret_dependent_routine,382156738128500,382156738197000,68500,after
secret_dependent_routine,382156738200100,382156738263700,63600,after
secret_dependent_routine,382156738265800,382156738321100,55300,after
secret_dependent_routine,382156738323100,382156738381800,58700,after
secret_dependent_routine,382156738383900,382156738438000,54100,after
secret_dependent_routine,382156738440000,382156738493200,53200,after
secret_dependent_routine,382156738495300,382156738550400,55100,after
secret_dependent_routine,382156738552400,382156738607400,55000,after
secret_dependent_routine,382156738609300,382156738664200,54900,after
secret_dependent_routine,382156738666100,382156738719400,53300,after
secret_dependent_routine,382156738722200,382156738778600,56400,after
secret_dependent_routine,382156738780600,382156738846400,65800,after
secret_dependent_routine,382156738848900,382156738900400,51500,after
secret_dependent_routine,382156738902500,382156738954700,52200,after
secret_dependent_routine,382156738959400,382156739013300,53900,after
secret_dependent_routine,382156739015400,382156739076600,61200,after
secret_dependent_routine,382156739078800,382156739142700,63900,after
secret_dependent_routine,382156739144500,382156739211600,67100,after
secret_dependent_routine,382156739214000,382156739281800,67800,after
secret_dependent_routine,382156739284200,382156739352700,68500,after
secret_dependent_routine,382156739355100,382156739424800,69700,after
secret_dependent_routine,382156739427900,382156739496600,68700,after
secret_dependent_routine,382156739499200,382156739562300,63100,after
secret_dependent_routine,382156739564800,382156739632300,67500,after
secret_dependent_routine,382156739634800,382156739704000,69200,after
secret_dependent_routine,382156739706300,382156739777700,71400,after
secret_dependent_routine,382156739780700,382156739851700,71000,after
secret_dependent_routine,382156739854100,382156739921000,66900,after
secret_dependent_routine,382156739937200,382156740003800,66600,after
secret_dependent_routine,382156740006300,382156740070500,64200,after
secret_dependent_routine,382156740073100,382156740133700,60600,after
secret_dependent_routine,382156740135600,382156740188700,53100,after
secret_dependent_routine,382156740190700,382156740244000,53300,after
secret_dependent_routine,382156740246000,382156740298200,52200,after
secret_dependent_routine,382156740300300,382156740352100,51800,after
secret_dependent_routine,382156740354100,382156740408600,54500,after
secret_dependent_routine,382156740410700,382156740466500,55800,after
secret_dependent_routine,382156740468600,382156740523500,54900,after
secret_dependent_routine,382156740525700,382156740579600,53900,after
secret_dependent_routine,382156740581500,382156740636800,55300,after
secret_dependent_routine,382156740638800,382156740692200,53400,after
secret_dependent_routine,382156740694100,382156740748000,53900,after
secret_dependent_routine,382156740750100,382156740813800,63700,after
secret_dependent_routine,382156740816200,382156740868300,52100,after
secret_dependent_routine,382156740870500,382156740924200,53700,after
secret_dependent_routine,382156740926500,382156740979300,52800,after
secret_dependent_routine,382156740981500,382156741042000,60500,after
secret_dependent_routine,382156741044300,382156741103400,59100,after
secret_dependent_routine,382156741105900,382156741171800,65900,after
secret_dependent_routine,382156741174200,382156741231100,56900,after
secret_dependent_routine,382156741233300,382156741286600,53300,after
secret_dependent_routine,382156741288800,382156741342300,53500,after
secret_dependent_routine,382156741344400,382156741398600,54200,after
secret_dependent_routine,382156741401000,382156741452400,51400,after
secret_dependent_routine,382156741454700,382156741508200,53500,after
secret_dependent_routine,382156741510500,382156741564100,53600,after
secret_dependent_routine,382156741566300,382156741620900,54600,after
secret_dependent_routine,382156741626500,382156741683200,56700,after
secret_dependent_routine,382156741685800,382156741741400,55600,after
secret_dependent_routine,382156741743900,382156741798200,54300,after
secret_dependent_routine,382156741800300,382156741856500,56200,after
secret_dependent_routine,382156741858500,382156741914100,55600,after
secret_dependent_routine,382156741916200,382156741970900,54700,after
secret_dependent_routine,382156741972800,382156742031400,58600,after
secret_dependent_routine,382156742038200,382156742101100,62900,after
secret_dependent_routine,382156742103500,382156742172000,68500,after
secret_dependent_routine,382156742176600,382156742231700,55100,after
secret_dependent_routine,382156742234100,382156742288500,54400,after
secret_dependent_routine,382156742290700,382156742345900,55200,after
secret_dependent_routine,382156742348100,382156742402300,54200,after
secret_dependent_routine,382156742404500,382156742458900,54400,after
secret_dependent_routine,382156742460800,382156742515900,55100,after
secret_dependent_routine,382156742517800,382156742573800,56000,after
secret_dependent_routine,382156742575800,382156742629500,53700,after
secret_dependent_routine,382156742631300,382156742682000,50700,after
secret_dependent_routine,382156742683800,382156742735500,51700,after
secret_dependent_routine,382156742737400,382156742790000,52600,after
secret_dependent_routine,382156742792100,382156742853000,60900,after
secret_dependent_routine,382156742855800,382156742908100,52300,after
secret_dependent_routine,382156742910300,382156742963800,53500,after
secret_dependent_routine,382156742966100,382156743030300,64200,after
secret_dependent_routine,382156743032600,382156743095800,63200,after
secret_dependent_routine,382156743099000,382156743167400,68400,after
secret_dependent_routine,382156743170000,382156743227200,57200,after
secret_dependent_routine,382156743230400,382156743286500,56100,after
secret_dependent_routine,382156743289000,382156743343700,54700,after
secret_dependent_routine,382156743346100,382156743400400,54300,after
secret_dependent_routine,382156743402600,382156743456400,53800,after
secret_dependent_routine,382156743458600,382156743515300,56700,after
secret_dependent_routine,382156743517300,382156743577300,60000,after
secret_dependent_routine,382156743579800,382156743634400,54600,after
secret_dependent_routine,382156743636800,382156743691900,55100,after
secret_dependent_routine,382156743694100,382156743752900,58800,after
secret_dependent_routine,382156743754500,382156743806700,52200,after
secret_dependent_routine,382156743809100,382156743867600,58500,after
secret_dependent_routine,382156743869600,382156743926400,56800,after
secret_dependent_routine,382156743928200,382156743984800,56600,after
secret_dependent_routine,382156743987300,382156744050100,62800,after
secret_dependent_routine,382156744052400,382156744116800,64400,after
secret_dependent_routine,382156744119100,382156744187000,67900,after
secret_dependent_routine,382156744195800,382156744264200,68400,after
secret_dependent_routine,382156744266700,382156744329200,62500,after
secret_dependent_routine,382156744331400,382156744389200,57800,after
secret_dependent_routine,382156744391200,382156744448000,56800,after
secret_dependent_routine,382156744450000,382156744508200,58200,after
secret_dependent_routine,382156744510500,382156744578400,67900,after
secret_dependent_routine,382156744580800,382156744649000,68200,after
secret_dependent_routine,382156744652000,382156744718900,66900,after
secret_dependent_routine,382156744721600,382156744789500,67900,after
secret_dependent_routine,382156744792200,382156744871500,79300,after
secret_dependent_routine,382156744875100,382156744942400,67300,after
secret_dependent_routine,382156744945000,382156745012400,67400,after
secret_dependent_routine,382156745014900,382156745082900,68000,after
secret_dependent_routine,382156745085900,382156745149100,63200,after
secret_dependent_routine,382156745152300,382156745215600,63300,after
secret_dependent_routine,382156745219300,382156745285500,66200,after
secret_dependent_routine,382156745288400,382156745343100,54700,after
secret_dependent_routine,382156745346200,382156745416900,70700,after
secret_dependent_routine,382156745423400,382156745461600,38200,after
secret_dependent_routine,382156745463400,382156745497800,34400,after
secret_dependent_routine,382156745499500,382156745532600,33100,after
secret_dependent_routine,382156745534700,382156745697900,163200,after
secret_dependent_routine,382156745708700,382156745786400,77700,after
secret_dependent_routine,382156745790500,382156745860300,69800,after
secret_dependent_routine,382156745863600,382156745940900,77300,after
secret_dependent_routine,382156745956300,382156746042600,86300,after
secret_dependent_routine,382156746046500,382156746121200,74700,after
secret_dependent_routine,382156746124400,382156746197400,73000,after
secret_dependent_routine,382156746204200,382156746292600,88400,after
secret_dependent_routine,382156746295700,382156746367900,72200,after
secret_dependent_routine,382156746373500,382156746439100,65600,after
secret_dependent_routine,382156746449000,382156746496000,47000,after
secret_dependent_routine,382156746498500,382156746554800,56300,after
secret_dependent_routine,382156746557300,382156746602700,45400,after
secret_dependent_routine,382156746604300,382156746648800,44500,after
secret_dependent_routine,382156746650300,382156746686100,35800,after
secret_dependent_routine,382156746687400,382156746722800,35400,after
secret_dependent_routine,382156746725600,382156746762000,36400,after
secret_dependent_routine,382156746763200,382156746798600,35400,after
secret_dependent_routine,382156746801500,382156746838300,36800,after
secret_dependent_routine,382156746839600,382156746876100,36500,after
secret_dependent_routine,382156746877400,382156746913700,36300,after
secret_dependent_routine,382156746916300,382156746953100,36800,after
secret_dependent_routine,382156746954400,382156746991100,36700,after
secret_dependent_routine,382156746992400,382156747029600,37200,after
secret_dependent_routine,382156747031000,382156747067900,36900,after
secret_dependent_routine,382156747069300,382156747107400,38100,after
secret_dependent_routine,382156747109100,382156747147800,38700,after
secret_dependent_routine,382156747149200,382156747187200,38000,after
secret_dependent_routine,382156747188500,382156747227000,38500,after
secret_dependent_routine,382156747228300,382156747268400,40100,after
secret_dependent_routine,382156747269700,382156747307900,38200,after
secret_dependent_routine,382156747309300,382156747347100,37800,after
secret_dependent_routine,382156747348500,382156747386200,37700,after
secret_dependent_routine,382156747387500,382156747425500,38000,after
secret_dependent_routine,382156747426800,382156747464900,38100,after
secret_dependent_routine,382156747466200,382156747504700,38500,after
secret_dependent_routine,382156747505900,382156747564100,58200,after
secret_dependent_routine,382156747566400,382156747623200,56800,after
secret_dependent_routine,382156747625000,382156747668200,43200,after
secret_dependent_routine,382156747669700,382156747711400,41700,after
secret_dependent_routine,382156747712800,382156747750000,37200,after
secret_dependent_routine,382156747751200,382156747787900,36700,after
secret_dependent_routine,382156747789100,382156747826600,37500,after
secret_dependent_routine,382156747827900,382156747864500,36600,after
secret_dependent_routine,382156747865900,382156747903100,37200,after
secret_dependent_routine,382156747904500,382156747940900,36400,after
secret_dependent_routine,382156747942200,382156747978700,36500,after
secret_dependent_routine,382156747980000,382156748015800,35800,after
secret_dependent_routine,382156748017000,382156748053300,36300,after
secret_dependent_routine,382156748054600,382156748091100,36500,after
secret_dependent_routine,382156748092500,382156748128600,36100,after
secret_dependent_routine,382156748130000,382156748166700,36700,after
secret_dependent_routine,382156748170000,382156748208100,38100,after
secret_dependent_routine,382156748209500,382156748245300,35800,after
secret_dependent_routine,382156748246600,382156748283100,36500,after
secret_dependent_routine,382156748284300,382156748320800,36500,after
secret_dependent_routine,382156748322000,382156748359700,37700,after
secret_dependent_routine,382156748361000,382156748397100,36100,after
secret_dependent_routine,382156748398500,382156748434500,36000,after
secret_dependent_routine,382156748435700,382156748471900,36200,after
secret_dependent_routine,382156748473200,382156748509900,36700,after
secret_dependent_routine,382156748511200,382156748558600,47400,after
secret_dependent_routine,382156748560400,382156748599300,38900,after
secret_dependent_routine,382156748602000,382156748649000,47000,after
secret_dependent_routine,382156748650500,382156748708800,58300,after
secret_dependent_routine,382156748710700,382156748779700,69000,after
secret_dependent_routine,382156748782700,382156748823200,40500,after
secret_dependent_routine,382156748825200,382156748890300,65100,after
secret_dependent_routine,382156748892800,382156748949400,56600,after
secret_dependent_routine,382156748951000,382156749032200,81200,after
secret_dependent_routine,382156749034800,382156749133300,98500,after
secret_dependent_routine,382156749139600,382156749200600,61000,after
secret_dependent_routine,382156749287200,382156749328400,41200,after
secret_dependent_routine,382156749330100,382156749365100,35000,after
secret_dependent_routine,382156749366400,382156749402000,35600,after
secret_dependent_routine,382156749403300,382156749438000,34700,after
secret_dependent_routine,382156749439300,382156749474500,35200,after
secret_dependent_routine,382156749475700,382156749510800,35100,after
secret_dependent_routine,382156749512100,382156749547700,35600,after
secret_dependent_routine,382156749548900,382156749584100,35200,after
secret_dependent_routine,382156749585400,382156749621100,35700,after
secret_dependent_routine,382156749622400,382156749658000,35600,after
secret_dependent_routine,382156749659300,382156749693400,34100,after
secret_dependent_routine,382156749694600,382156749728400,33800,after
secret_dependent_routine,382156749729700,382156749764700,35000,after
secret_dependent_routine,382156749766000,382156749800800,34800,after
secret_dependent_routine,382156749802000,382156749836800,34800,after
secret_dependent_routine,382156749838100,382156749871900,33800,after
secret_dependent_routine,382156749876200,382156749911100,34900,after
secret_dependent_routine,382156749912300,382156749947100,34800,after
secret_dependent_routine,382156749948400,382156749983300,34900,after
secret_dependent_routine,382156749984500,382156750019800,35300,after
secret_dependent_routine,382156750036200,382156750076900,40700,after
secret_dependent_routine,382156750078300,382156750113200,34900,after
secret_dependent_routine,382156750114400,382156750149800,35400,after
secret_dependent_routine,382156750151000,382156750187000,36000,after
secret_dependent_routine,382156750188300,382156750223600,35300,after
secret_dependent_routine,382156750224800,382156750259400,34600,after
secret_dependent_routine,382156750260600,382156750295700,35100,after
secret_dependent_routine,382156750296900,382156750333500,36600,after
secret_dependent_routine,382156750334700,382156750369700,35000,after
secret_dependent_routine,382156750370900,382156750407900,37000,after
secret_dependent_routine,382156750409100,382156750444600,35500,after
secret_dependent_routine,382156750445700,382156750482000,36300,after
secret_dependent_routine,382156750483200,382156750518500,35300,after
secret_dependent_routine,382156750519700,382156750554700,35000,after
secret_dependent_routine,382156750557200,382156750592900,35700,after
secret_dependent_routine,382156750594200,382156750628600,34400,after
secret_dependent_routine,382156750629800,382156750664500,34700,after
secret_dependent_routine,382156750665700,382156750700000,34300,after
secret_dependent_routine,382156750701300,382156750736400,35100,after
secret_dependent_routine,382156750737800,382156750772000,34200,after
secret_dependent_routine,382156750773300,382156750808100,34800,after
secret_dependent_routine,382156750809300,382156750843500,34200,after
secret_dependent_routine,382156750844800,382156750879400,34600,after
secret_dependent_routine,382156750880700,382156750914600,33900,after
secret_dependent_routine,382156750915800,382156750950400,34600,after
secret_dependent_routine,382156750951600,382156750986100,34500,after
secret_dependent_routine,382156750987300,382156751022100,34800,after
secret_dependent_routine,382156751023200,382156751061300,38100,after
secret_dependent_routine,382156751063000,382156751098300,35300,after
secret_dependent_routine,382156751099600,382156751134600,35000,after
secret_dependent_routine,382156751135900,382156751171200,35300,after
secret_dependent_routine,382156751172400,382156751206900,34500,after
secret_dependent_routine,382156751209500,382156751244300,34800,after
secret_dependent_routine,382156751245500,382156751280100,34600,after
secret_dependent_routine,382156751281300,382156751315400,34100,after
secret_dependent_routine,382156751316600,382156751350200,33600,after
secret_dependent_routine,382156751351400,382156751384800,33400,after
secret_dependent_routine,382156751385900,382156751419300,33400,after
secret_dependent_routine,382156751420500,382156751454000,33500,after
secret_dependent_routine,382156751455200,382156751488800,33600,after
secret_dependent_routine,382156751490000,382156751523700,33700,after
secret_dependent_routine,382156751524900,382156751558000,33100,after
secret_dependent_routine,382156751559200,382156751593000,33800,after
secret_dependent_routine,382156751594100,382156751627900,33800,after
secret_dependent_routine,382156751629000,382156751664000,35000,after
secret_dependent_routine,382156751665200,382156751700300,35100,after
secret_dependent_routine,382156751701600,382156751739200,37600,after
secret_dependent_routine,382156751741000,382156751774600,33600,after
secret_dependent_routine,382156751775900,382156751810100,34200,after
secret_dependent_routine,382156751811500,382156751845300,33800,after
secret_dependent_routine,382156751846500,382156751880300,33800,after
secret_dependent_routine,382156751881600,382156751915600,34000,after
secret_dependent_routine,382156751916700,382156751950400,33700,after
secret_dependent_routine,382156751951700,382156751985300,33600,after
secret_dependent_routine,382156751986900,382156752021500,34600,after
secret_dependent_routine,382156752022800,382156752075200,52400,after
secret_dependent_routine,382156752077200,382156752111000,33800,after
secret_dependent_routine,382156752113700,382156752146800,33100,after
secret_dependent_routine,382156752148100,382156752181700,33600,after
secret_dependent_routine,382156752182900,382156752216800,33900,after
secret_dependent_routine,382156752218000,382156752252300,34300,after
secret_dependent_routine,382156752253600,382156752287300,33700,after
secret_dependent_routine,382156752288500,382156752322400,33900,after
secret_dependent_routine,382156752323600,382156752357100,33500,after
secret_dependent_routine,382156752358400,382156752392300,33900,after
secret_dependent_routine,382156752393400,382156752426800,33400,after
secret_dependent_routine,382156752428100,382156752461700,33600,after
secret_dependent_routine,382156752462900,382156752496400,33500,after
secret_dependent_routine,382156752497600,382156752531200,33600,after
secret_dependent_routine,382156752533600,382156752569700,36100,after
secret_dependent_routine,382156752570900,382156752607000,36100,after
secret_dependent_routine,382156752608200,382156752644000,35800,after
secret_dependent_routine,382156752645300,382156752680400,35100,after
secret_dependent_routine,382156752681600,382156752717900,36300,after
secret_dependent_routine,382156752719100,382156752755700,36600,after
secret_dependent_routine,382156752756900,382156752793000,36100,after
secret_dependent_routine,382156752794200,382156752830400,36200,after
secret_dependent_routine,382156752831600,382156752867700,36100,after
secret_dependent_routine,382156752869000,382156752905600,36600,after
secret_dependent_routine,382156752906800,382156752943100,36300,after
secret_dependent_routine,382156752944400,382156752980300,35900,after
secret_dependent_routine,382156752981500,382156753017400,35900,after
secret_dependent_routine,382156753018500,382156753055400,36900,after
secret_dependent_routine,382156753057100,382156753090000,32900,after
secret_dependent_routine,382156753091300,382156753124800,33500,after
secret_dependent_routine,382156753126000,382156753159200,33200,after
secret_dependent_routine,382156753160500,382156753194400,33900,after
secret_dependent_routine,382156753195600,382156753229400,33800,after
secret_dependent_routine,382156753230600,382156753265400,34800,after
secret_dependent_routine,382156753266900,382156753301300,34400,after
secret_dependent_routine,382156753302500,382156753336300,33800,after
secret_dependent_routine,382156753337500,382156753370300,32800,after
secret_dependent_routine,382156753371500,382156753404900,33400,after
secret_dependent_routine,382156753406100,382156753439300,33200,after
secret_dependent_routine,382156753440500,382156753474300,33800,after
secret_dependent_routine,382156753475400,382156753508300,32900,after
secret_dependent_routine,382156753509400,382156753542900,33500,after
secret_dependent_routine,382156753544100,382156753576700,32600,after
secret_dependent_routine,382156753577900,382156753611300,33400,after
secret_dependent_routine,382156753613700,382156753649000,35300,after
secret_dependent_routine,382156753650200,382156753685300,35100,after
secret_dependent_routine,382156753686500,382156753722200,35700,after
secret_dependent_routine,382156753723400,382156753758400,35000,after
secret_dependent_routine,382156753759500,382156753794800,35300,after
secret_dependent_routine,382156753796000,382156753831700,35700,after
secret_dependent_routine,382156753834200,382156753868100,33900,after
secret_dependent_routine,382156753869300,382156753902600,33300,after
secret_dependent_routine,382156753903900,382156753937800,33900,after
secret_dependent_routine,382156753939000,382156753972900,33900,after
secret_dependent_routine,382156753974200,382156754007600,33400,after
secret_dependent_routine,382156754008800,382156754055600,46800,after
secret_dependent_routine,382156754057300,382156754091700,34400,after
secret_dependent_routine,382156754093000,382156754127000,34000,after
secret_dependent_routine,382156754128500,382156754162400,33900,after
secret_dependent_routine,382156754163600,382156754197900,34300,after
secret_dependent_routine,382156754199100,382156754233000,33900,after
secret_dependent_routine,382156754234200,382156754268800,34600,after
secret_dependent_routine,382156754270000,382156754304500,34500,after
secret_dependent_routine,382156754305600,382156754339700,34100,after
secret_dependent_routine,382156754341000,382156754374500,33500,after
secret_dependent_routine,382156754375700,382156754409700,34000,after
secret_dependent_routine,382156754411000,382156754444700,33700,after
secret_dependent_routine,382156754445900,382156754479100,33200,after
secret_dependent_routine,382156754480300,382156754514000,33700,after
secret_dependent_routine,382156754515200,382156754553800,38600,after
secret_dependent_routine,382156754555500,382156754588800,33300,after
secret_dependent_routine,382156754590200,382156754624200,34000,after
secret_dependent_routine,382156754625400,382156754658500,33100,after
secret_dependent_routine,382156754659700,382156754693500,33800,after
secret_dependent_routine,382156754694700,382156754728400,33700,after
secret_dependent_routine,382156754729600,382156754764500,34900,after
secret_dependent_routine,382156754765700,382156754798300,32600,after
secret_dependent_routine,382156754799500,382156754832500,33000,after
secret_dependent_routine,382156754833700,382156754866800,33100,after
secret_dependent_routine,382156754867900,382156755028400,160500,after
secret_dependent_routine,382156755030600,382156755065800,35200,after
secret_dependent_routine,382156755067000,382156755101300,34300,after
secret_dependent_routine,382156755102500,382156755136800,34300,after
secret_dependent_routine,382156755138600,382156755173800,35200,after
secret_dependent_routine,382156755175700,382156755213300,37600,after
secret_dependent_routine,382156755215600,382156755259500,43900,after
secret_dependent_routine,382156755263700,382156755299100,35400,after
secret_dependent_routine,382156755300300,382156755335600,35300,after
secret_dependent_routine,382156755336900,382156755371800,34900,after
secret_dependent_routine,382156755373000,382156755408200,35200,after
secret_dependent_routine,382156755409400,382156755444500,35100,after
secret_dependent_routine,382156755445700,382156755480900,35200,after
secret_dependent_routine,382156755482100,382156755517100,35000,after
secret_dependent_routine,382156755518400,382156755557600,39200,after
secret_dependent_routine,382156755559600,382156755594100,34500,after
secret_dependent_routine,382156755595400,382156755629900,34500,after
secret_dependent_routine,382156755631200,382156755666500,35300,after
secret_dependent_routine,382156755667800,382156755703100,35300,after
secret_dependent_routine,382156755704300,382156755740000,35700,after
secret_dependent_routine,382156755741300,382156755776300,35000,after
secret_dependent_routine,382156755777400,382156755812800,35400,after
secret_dependent_routine,382156755814000,382156755849500,35500,after
secret_dependent_routine,382156755850700,382156755886500,35800,after
secret_dependent_routine,382156755887700,382156755922800,35100,after
secret_dependent_routine,382156755924200,382156755959800,35600,after
secret_dependent_routine,382156755961000,382156755996400,35400,after
secret_dependent_routine,382156755997800,382156756033400,35600,after
secret_dependent_routine,382156756034600,382156756069200,34600,after
secret_dependent_routine,382156756070400,382156756106500,36100,after
secret_dependent_routine,382156756107700,382156756143000,35300,after
secret_dependent_routine,382156756144400,382156756180100,35700,after
secret_dependent_routine,382156756181300,382156756216500,35200,after
secret_dependent_routine,382156756217800,382156756253000,35200,after
secret_dependent_routine,382156756254200,382156756289100,34900,after
secret_dependent_routine,382156756290200,382156756325500,35300,after
secret_dependent_routine,382156756326600,382156756361300,34700,after
secret_dependent_routine,382156756362500,382156756398500,36000,after
secret_dependent_routine,382156756399800,382156756435100,35300,after
secret_dependent_routine,382156756436300,382156756471400,35100,after
secret_dependent_routine,382156756472800,382156756507400,34600,after
secret_dependent_routine,382156756508700,382156756654300,145600,after
secret_dependent_routine,382156756665700,382156756741200,75500,after
secret_dependent_routine,382156756750900,382156756823000,72100,after
secret_dependent_routine,382156756826900,382156756899000,72100,after
secret_dependent_routine,382156756902800,382156756975400,72600,after
secret_dependent_routine,382156756978500,382156757050700,72200,after
secret_dependent_routine,382156757053700,382156757121500,67800,after
secret_dependent_routine,382156757124000,382156757184500,60500,after
secret_dependent_routine,382156757186900,382156757249600,62700,after
secret_dependent_routine,382156757256200,382156757317600,61400,after
secret_dependent_routine,382156757320400,382156757383000,62600,after
secret_dependent_routine,382156757385200,382156757444300,59100,after
secret_dependent_routine,382156757446800,382156757506900,60100,after
secret_dependent_routine,382156757508800,382156757570000,61200,after
secret_dependent_routine,382156757572100,382156757633100,61000,after
secret_dependent_routine,382156757635700,382156757707700,72000,after
secret_dependent_routine,382156757710500,382156757776900,66400,after
secret_dependent_routine,382156757779200,382156757841400,62200,after
secret_dependent_routine,382156757843700,382156757905400,61700,after
secret_dependent_routine,382156757907600,382156757967200,59600,after
secret_dependent_routine,382156757970500,382156758032400,61900,after
secret_dependent_routine,382156758034900,382156758094500,59600,after
secret_dependent_routine,382156758097000,382156758153900,56900,after
secret_dependent_routine,382156758156300,382156758216500,60200,after
secret_dependent_routine,382156758219000,382156758277700,58700,after
secret_dependent_routine,382156758279900,382156758349600,69700,after
secret_dependent_routine,382156758352800,382156758414800,62000,after
secret_dependent_routine,382156758417100,382156758476000,58900,after
secret_dependent_routine,382156758478400,382156758544000,65600,after
secret_dependent_routine,382156758546400,382156758612400,66000,after
secret_dependent_routine,382156758615100,382156758680700,65600,after
secret_dependent_routine,382156758683300,382156758753800,70500,after
secret_dependent_routine,382156758756300,382156758827000,70700,after
secret_dependent_routine,382156758830300,382156758900400,70100,after
secret_dependent_routine,382156758903400,382156758974200,70800,after
secret_dependent_routine,382156758977300,382156759043700,66400,after
secret_dependent_routine,382156759046400,382156759112500,66100,after
secret_dependent_routine,382156759115400,382156759183900,68500,after
secret_dependent_routine,382156759186700,382156759256100,69400,after
secret_dependent_routine,382156759264600,382156759335600,71000,after
secret_dependent_routine,382156759338000,382156759394300,56300,after
secret_dependent_routine,382156759396600,382156759458700,62100,after
secret_dependent_routine,382156759461200,382156759517300,56100,after
secret_dependent_routine,382156759519400,382156759577300,57900,after
secret_dependent_routine,382156759580300,382156759640500,60200,after
secret_dependent_routine,382156759643100,382156759709700,66600,after
secret_dependent_routine,382156759712100,382156759772000,59900,after
secret_dependent_routine,382156759773900,382156759828300,54400,after
secret_dependent_routine,382156759829900,382156759882600,52700,after
secret_dependent_routine,382156759884700,382156759940300,55600,after
secret_dependent_routine,382156759942400,382156759998400,56000,after
secret_dependent_routine,382156760000900,382156760057800,56900,after
secret_dependent_routine,382156760063700,382156760120600,56900,after
secret_dependent_routine,382156760122900,382156760179000,56100,after
secret_dependent_routine,382156760181300,382156760238200,56900,after
secret_dependent_routine,382156760240500,382156760304700,64200,after
secret_dependent_routine,382156760307300,382156760367500,60200,after
secret_dependent_routine,382156760370000,382156760429800,59800,after
secret_dependent_routine,382156760432300,382156760492300,60000,after
secret_dependent_routine,382156760494600,382156760556800,62200,after
secret_dependent_routine,382156760569800,382156760635300,65500,after
secret_dependent_routine,382156760637600,382156760920100,282500,after
secret_dependent_routine,382156760935500,382156761024300,88800,after
secret_dependent_routine,382156761030300,382156761111900,81600,after
secret_dependent_routine,382156761115600,382156761195800,80200,after
secret_dependent_routine,382156761199300,382156761281400,82100,after
secret_dependent_routine,382156761285300,382156761381700,96400,after
secret_dependent_routine,382156761385700,382156761469000,83300,after
secret_dependent_routine,382156761471900,382156761547600,75700,after
secret_dependent_routine,382156761550500,382156761624100,73600,after
secret_dependent_routine,382156761626600,382156761697600,71000,after
secret_dependent_routine,382156761700600,382156761772500,71900,after
secret_dependent_routine,382156761776600,382156761848300,71700,after
secret_dependent_routine,382156761851500,382156761923600,72100,after
secret_dependent_routine,382156761926900,382156761999700,72800,after
secret_dependent_routine,382156762007900,382156762079400,71500,after
secret_dependent_routine,382156762083100,382156762147000,63900,after
secret_dependent_routine,382156762149200,382156762209300,60100,after
secret_dependent_routine,382156762211200,382156762267000,55800,after
secret_dependent_routine,382156762269300,382156762327500,58200,after
secret_dependent_routine,382156762330000,382156762385200,55200,after
secret_dependent_routine,382156762387500,382156762446400,58900,after
secret_dependent_routine,382156762448700,382156762508600,59900,after
secret_dependent_routine,382156762510700,382156762583300,72600,after
secret_dependent_routine,382156762585900,382156762653300,67400,after
secret_dependent_routine,382156762655600,382156762724300,68700,after
secret_dependent_routine,382156762726800,382156762799600,72800,after
secret_dependent_routine,382156762802000,382156762874600,72600,after
secret_dependent_routine,382156762877200,382156762949000,71800,after
secret_dependent_routine,382156762951400,382156763020000,68600,after
secret_dependent_routine,382156763023100,382156763095600,72500,after
secret_dependent_routine,382156763098200,382156763163700,65500,after
secret_dependent_routine,382156763166100,382156763236500,70400,after
secret_dependent_routine,382156763239000,382156763310900,71900,after
secret_dependent_routine,382156763317200,382156763387500,70300,after
secret_dependent_routine,382156763390400,382156763445900,55500,after
secret_dependent_routine,382156763447900,382156763507300,59400,after
secret_dependent_routine,382156763509500,382156763567400,57900,after
secret_dependent_routine,382156763570300,382156763628100,57800,after
secret_dependent_routine,382156763630900,382156763688900,58000,after
secret_dependent_routine,382156763691600,382156763748600,57000,after
secret_dependent_routine,382156763756600,382156763815600,59000,after
secret_dependent_routine,382156763818000,382156763876000,58000,after
secret_dependent_routine,382156763878000,382156763933500,55500,after
secret_dependent_routine,382156763935700,382156763992200,56500,after
secret_dependent_routine,382156763995000,382156764055200,60200,after
secret_dependent_routine,382156764057500,382156764119300,61800,after
secret_dependent_routine,382156764121300,382156764190000,68700,after
secret_dependent_routine,382156764192200,382156764255100,62900,after
secret_dependent_routine,382156764257800,382156764324200,66400,after
secret_dependent_routine,382156764327200,382156764396900,69700,after
secret_dependent_routine,382156764405200,382156764473900,68700,after
secret_dependent_routine,382156764477300,382156764540300,63000,after
secret_dependent_routine,382156764542400,382156764600100,57700,after
secret_dependent_routine,382156764602000,382156764658300,56300,after
secret_dependent_routine,382156764660200,382156764716300,56100,after
secret_dependent_routine,382156764718400,382156764773800,55400,after
secret_dependent_routine,382156764775900,382156764830500,54600,after
secret_dependent_routine,382156764832800,382156764882700,49900,after
secret_dependent_routine,382156764884900,382156764941500,56600,after
secret_dependent_routine,382156764943600,382156765003200,59600,after
secret_dependent_routine,382156765006200,382156765070700,64500,after
secret_dependent_routine,382156765073400,382156765141700,68300,after
secret_dependent_routine,382156765144400,382156765211500,67100,after
secret_dependent_routine,382156765214100,382156765282800,68700,after
secret_dependent_routine,382156765285700,382156765368300,82600,after
secret_dependent_routine,382156765374000,382156765448300,74300,after
secret_dependent_routine,382156765453300,382156765513900,60600,after
secret_dependent_routine,382156765516400,382156765569900,53500,after
secret_dependent_routine,382156765572100,382156765627600,55500,after
secret_dependent_routine,382156765629800,382156765687500,57700,after
secret_dependent_routine,382156765689800,382156765747100,57300,after
secret_dependent_routine,382156765749200,382156765802200,53000,after
secret_dependent_routine,382156765804200,382156765859900,55700,after
secret_dependent_routine,382156765862100,382156765917200,55100,after
secret_dependent_routine,382156765919200,382156765974600,55400,after
secret_dependent_routine,382156765980200,382156766034700,54500,after
secret_dependent_routine,382156766037300,382156766092200,54900,after
secret_dependent_routine,382156766094300,382156766147900,53600,after
secret_dependent_routine,382156766149700,382156766203300,53600,after
secret_dependent_routine,382156766205500,382156766258900,53400,after
secret_dependent_routine,382156766260800,382156766314900,54100,after
secret_dependent_routine,382156766317600,382156766372700,55100,after
secret_dependent_routine,382156766375200,382156766432600,57400,after
secret_dependent_routine,382156766434800,382156766493200,58400,after
secret_dependent_routine,382156766495600,382156766551000,55400,after
secret_dependent_routine,382156766553200,382156766610300,57100,after
secret_dependent_routine,382156766616200,382156766671900,55700,after
secret_dependent_routine,382156766673900,382156766730500,56600,after
secret_dependent_routine,382156766732500,382156766787400,54900,after
secret_dependent_routine,382156766789500,382156766849900,60400,after
secret_dependent_routine,382156766851800,382156766916800,65000,after
secret_dependent_routine,382156766919600,382156766990400,70800,after
secret_dependent_routine,382156766993100,382156767065200,72100,after
secret_dependent_routine,382156767069100,382156767135200,66100,after
secret_dependent_routine,382156767138000,382156767194700,56700,after
secret_dependent_routine,382156767196900,382156767247900,51000,after
secret_dependent_routine,382156767250200,382156767298100,47900,after
secret_dependent_routine,382156767300000,382156767362900,62900,after
secret_dependent_routine,382156767365400,382156767419300,53900,after
secret_dependent_routine,382156767421700,382156767476700,55000,after
secret_dependent_routine,382156767479100,382156767532800,53700,after
secret_dependent_routine,382156767535000,382156767588800,53800,after
secret_dependent_routine,382156767590800,382156767645600,54800,after
secret_dependent_routine,382156767648000,382156767702600,54600,after
secret_dependent_routine,382156767704500,382156767756400,51900,after
secret_dependent_routine,382156767758600,382156767814200,55600,after
secret_dependent_routine,382156767816100,382156767871700,55600,after
secret_dependent_routine,382156767873900,382156767942900,69000,after
secret_dependent_routine,382156767945500,382156768008600,63100,after
secret_dependent_routine,382156768011200,382156768086300,75100,after
secret_dependent_routine,382156768089400,382156768152200,62800,after
secret_dependent_routine,382156768154500,382156768210500,56000,after
secret_dependent_routine,382156768213500,382156768271300,57800,after
secret_dependent_routine,382156768273800,382156768329800,56000,after
secret_dependent_routine,382156768331800,382156768387900,56100,after
secret_dependent_routine,382156768390100,382156768446200,56100,after
secret_dependent_routine,382156768448200,382156768503300,55100,after
secret_dependent_routine,382156768505300,382156768560300,55000,after
secret_dependent_routine,382156768565400,382156768620900,55500,after
secret_dependent_routine,382156768623000,382156768678600,55600,after
secret_dependent_routine,382156768680400,382156768735600,55200,after
secret_dependent_routine,382156768737400,382156768791500,54100,after
secret_dependent_routine,382156768793300,382156768847000,53700,after
secret_dependent_routine,382156768851000,382156768902500,51500,after
secret_dependent_routine,382156768904500,382156768966300,61800,after
secret_dependent_routine,382156768969400,382156769029400,60000,after
secret_dependent_routine,382156769032200,382156769102200,70000,after
secret_dependent_routine,382156769105300,382156769175700,70400,after
secret_dependent_routine,382156769178600,382156769249500,70900,after
secret_dependent_routine,382156769252500,382156769323300,70800,after
secret_dependent_routine,382156769326100,382156769410800,84700,after
secret_dependent_routine,382156769414200,382156769482200,68000,after
secret_dependent_routine,382156769484600,382156769552700,68100,after
secret_dependent_routine,382156769555000,382156769621900,66900,after
secret_dependent_routine,382156769624100,382156769688000,63900,after
secret_dependent_routine,382156769690800,382156769757900,67100,after
secret_dependent_routine,382156769760700,382156769818000,57300,after
secret_dependent_routine,382156769820100,382156769874500,54400,after
secret_dependent_routine,382156769876800,382156769931000,54200,after
secret_dependent_routine,382156769933200,382156770001100,67900,after
secret_dependent_routine,382156770007900,382156770069400,61500,after
secret_dependent_routine,382156770071600,382156770130500,58900,after
secret_dependent_routine,382156770132800,382156770190900,58100,after
secret_dependent_routine,382156770193400,382156770251300,57900,after
secret_dependent_routine,382156770253600,382156770310200,56600,after
secret_dependent_routine,382156770312600,382156770368300,55700,after
secret_dependent_routine,382156770370800,382156770429600,58800,after
secret_dependent_routine,382156770431900,382156770489700,57800,after
secret_dependent_routine,382156770492100,382156770552300,60200,after
secret_dependent_routine,382156770554800,382156770617700,62900,after
secret_dependent_routine,382156770620100,382156770685500,65400,after
secret_dependent_routine,382156770688400,382156770744900,56500,after
secret_dependent_routine,382156770747500,382156770804100,56600,after
secret_dependent_routine,382156770806300,382156770864000,57700,after
secret_dependent_routine,382156770866300,382156770922600,56300,after
secret_dependent_routine,382156770924800,382156770995100,70300,after
secret_dependent_routine,382156770997400,382156771063900,66500,after
secret_dependent_routine,382156771066500,382156771131600,65100,after
secret_dependent_routine,382156771134500,382156771196400,61900,after
secret_dependent_routine,382156771202400,382156771263400,61000,after
secret_dependent_routine,382156771265900,382156771328000,62100,after
secret_dependent_routine,382156771332400,382156771404300,71900,after
secret_dependent_routine,382156771407600,382156771470600,63000,after
secret_dependent_routine,382156771473400,382156771535000,61600,after
secret_dependent_routine,382156771537900,382156771592500,54600,after
secret_dependent_routine,382156771594500,382156771652300,57800,after
secret_dependent_routine,382156771654600,382156771717400,62800,after
secret_dependent_routine,382156771719600,382156771778400,58800,after
secret_dependent_routine,382156771781700,382156771842400,60700,after
secret_dependent_routine,382156771845000,382156771906000,61000,after
secret_dependent_routine,382156771908100,382156771975800,67700,after
secret_dependent_routine,382156771978100,382156772041300,63200,after
secret_dependent_routine,382156772043700,382156772113800,70100,after
secret_dependent_routine,382156772116100,382156772185000,68900,after
secret_dependent_routine,382156772187200,382156772256600,69400,after
secret_dependent_routine,382156772258900,382156772326000,67100,after
secret_dependent_routine,382156772328500,382156772397000,68500,after
secret_dependent_routine,382156772399700,382156772471400,71700,after
secret_dependent_routine,382156772475100,382156772549400,74300,after
secret_dependent_routine,382156772555500,382156772623300,67800,after
secret_dependent_routine,382156772625500,382156772684900,59400,after
secret_dependent_routine,382156772687200,382156772746300,59100,after
secret_dependent_routine,382156772748400,382156772807700,59300,after
secret_dependent_routine,382156772810100,382156772867900,57800,after
secret_dependent_routine,382156772870000,382156772927600,57600,after
secret_dependent_routine,382156772942400,382156773003900,61500,after
secret_dependent_routine,382156773006100,382156773075300,69200,after
secret_dependent_routine,382156773077700,382156773139800,62100,after
secret_dependent_routine,382156773141900,382156773200600,58700,after
secret_dependent_routine,382156773202500,382156773269700,67200,after
secret_dependent_routine,382156773272700,382156773344500,71800,after
secret_dependent_routine,382156773347100,382156773429900,82800,after
secret_dependent_routine,382156773432800,382156773493400,60600,after
secret_dependent_routine,382156773495600,382156773554500,58900,after
secret_dependent_routine,382156773556500,382156773613700,57200,after
secret_dependent_routine,382156773617800,382156773674800,57000,after
secret_dependent_routine,382156773676800,382156773734200,57400,after
secret_dependent_routine,382156773736400,382156773792800,56400,after
secret_dependent_routine,382156773795100,382156773852800,57700,after
secret_dependent_routine,382156773854800,382156773912400,57600,after
secret_dependent_routine,382156773914400,382156773979800,65400,after
secret_dependent_routine,382156773982000,382156774050900,68900,after
secret_dependent_routine,382156774053400,382156774122700,69300,after
secret_dependent_routine,382156774126600,382156774184500,57900,after
secret_dependent_routine,382156774186600,382156774243400,56800,after
secret_dependent_routine,382156774246000,382156774303200,57200,after
secret_dependent_routine,382156774305400,382156774360600,55200,after
secret_dependent_routine,382156774362700,382156774419600,56900,after
secret_dependent_routine,382156774421600,382156774478900,57300,after
secret_dependent_routine,382156774480900,382156774538200,57300,after
secret_dependent_routine,382156774540100,382156774601600,61500,after
secret_dependent_routine,382156774603600,382156774669300,65700,after
secret_dependent_routine,382156774671500,382156774740500,69000,after
secret_dependent_routine,382156774742400,382156774802100,59700,after
secret_dependent_routine,382156774804000,382156774864800,60800,after
secret_dependent_routine,382156774866600,382156774932200,65600,after
secret_dependent_routine,382156774934700,382156775009500,74800,after
secret_dependent_routine,382156775011900,382156775082000,70100,after
secret_dependent_routine,382156775084400,382156775153200,68800,after
secret_dependent_routine,382156775155500,382156775221400,65900,after
secret_dependent_routine,382156775224200,382156775293800,69600,after
secret_dependent_routine,382156775296900,382156775366700,69800,after
secret_dependent_routine,382156775369200,382156775434900,65700,after
secret_dependent_routine,382156775437400,382156775493400,56000,after
secret_dependent_routine,382156775495500,382156775551600,56100,after
secret_dependent_routine,382156775553700,382156775610400,56700,after
secret_dependent_routine,382156775612300,382156775678800,66500,after
secret_dependent_routine,382156775681300,382156775743900,62600,after
secret_dependent_routine,382156775746100,382156775896000,149900,after
secret_dependent_routine,382156775910500,382156776013900,103400,after
secret_dependent_routine,382156776021600,382156776081900,60300,after
secret_dependent_routine,382156776089000,382156776155900,66900,after
secret_dependent_routine,382156776158600,382156776211500,52900,after
secret_dependent_routine,382156776213700,382156776272800,59100,after
secret_dependent_routine,382156776274800,382156776315600,40800,after
secret_dependent_routine,382156776317100,382156776355400,38300,after
secret_dependent_routine,382156776356900,382156776395200,38300,after
secret_dependent_routine,382156776396700,382156776443900,47200,after
secret_dependent_routine,382156776445900,382156776486400,40500,after
secret_dependent_routine,382156776487900,382156776526200,38300,after
secret_dependent_routine,382156776527700,382156776566000,38300,after
secret_dependent_routine,382156776567500,382156776606200,38700,after
secret_dependent_routine,382156776607600,382156776650300,42700,after
secret_dependent_routine,382156776653300,382156776690100,36800,after
secret_dependent_routine,382156776691500,382156776730100,38600,after
secret_dependent_routine,382156776733400,382156776778700,45300,after
secret_dependent_routine,382156776780600,382156776824900,44300,after
secret_dependent_routine,382156776826300,382156776865500,39200,after
secret_dependent_routine,382156776866900,382156776904900,38000,after
secret_dependent_routine,382156776906200,382156776942200,36000,after
secret_dependent_routine,382156776943400,382156776979600,36200,after
secret_dependent_routine,382156776980800,382156777016700,35900,after
secret_dependent_routine,382156777018000,382156777054200,36200,after
secret_dependent_routine,382156777055900,382156777091500,35600,after
secret_dependent_routine,382156777093000,382156777129300,36300,after
secret_dependent_routine,382156777130700,382156777166600,35900,after
secret_dependent_routine,382156777168100,382156777204100,36000,after
secret_dependent_routine,382156777205500,382156777241500,36000,after
secret_dependent_routine,382156777243000,382156777279400,36400,after
secret_dependent_routine,382156777280900,382156777316700,35800,after
secret_dependent_routine,382156777318200,382156777354700,36500,after
secret_dependent_routine,382156777356300,382156777392300,36000,after
secret_dependent_routine,382156777394000,382156777430100,36100,after
secret_dependent_routine,382156777431800,382156777467900,36100,after
secret_dependent_routine,382156777469400,382156777505700,36300,after
secret_dependent_routine,382156777507200,382156777544900,37700,after
secret_dependent_routine,382156777546300,382156777581000,34700,after
secret_dependent_routine,382156777582400,382156777616300,33900,after
secret_dependent_routine,382156777618900,382156777661400,42500,after
secret_dependent_routine,382156777663600,382156777747700,84100,after
secret_dependent_routine,382156777758700,382156777829400,70700,after
secret_dependent_routine,382156777833000,382156777904500,71500,after
secret_dependent_routine,382156777907000,382156777974300,67300,after
secret_dependent_routine,382156777976500,382156778043600,67100,after
secret_dependent_routine,382156778046100,382156778115600,69500,after
secret_dependent_routine,382156778118000,382156778189800,71800,after
secret_dependent_routine,382156778192500,382156778263200,70700,after
secret_dependent_routine,382156778265700,382156778341900,76200,after
secret_dependent_routine,382156778344300,382156778415300,71000,after
secret_dependent_routine,382156778417400,382156778485400,68000,after
secret_dependent_routine,382156778488000,382156778561400,73400,after
secret_dependent_routine,382156778563800,382156778638000,74200,after
secret_dependent_routine,382156778640500,382156778712500,72000,after
secret_dependent_routine,382156778715000,382156778787300,72300,after
secret_dependent_routine,382156778791700,382156778850100,58400,after
secret_dependent_routine,382156778852300,382156778910300,58000,after
secret_dependent_routine,382156778912100,382156778964000,51900,after
secret_dependent_routine,382156778965500,382156779023100,57600,after
secret_dependent_routine,382156779027400,382156779085600,58200,after
secret_dependent_routine,382156779087600,382156779145500,57900,after
secret_dependent_routine,382156779147400,382156779202900,55500,after
secret_dependent_routine,382156779204800,382156779261100,56300,after
secret_dependent_routine,382156779263700,382156779319200,55500,after
secret_dependent_routine,382156779321100,382156779377000,55900,after
secret_dependent_routine,382156779379000,382156779428500,49500,after
secret_dependent_routine,382156779430300,382156779484500,54200,after
secret_dependent_routine,382156779486500,382156779533100,46600,after
secret_dependent_routine,382156779534900,382156779586300,51400,after
secret_dependent_routine,382156779588300,382156779641400,53100,after
secret_dependent_routine,382156779643100,382156779710700,67600,after
secret_dependent_routine,382156779713100,382156779779300,66200,after
secret_dependent_routine,382156779782000,382156779848300,66300,after
secret_dependent_routine,382156779851200,382156779917900,66700,after
secret_dependent_routine,382156779920300,382156779985700,65400,after
secret_dependent_routine,382156779992200,382156780060600,68400,after
secret_dependent_routine,382156780063300,382156780131100,67800,after
secret_dependent_routine,382156780133600,382156780199500,65900,after
secret_dependent_routine,382156780202200,382156780272500,70300,after
secret_dependent_routine,382156780274700,382156780405100,130400,after
secret_dependent_routine,382156780416400,382156780479400,63000,after
secret_dependent_routine,382156780483600,382156780547900,64300,after
secret_dependent_routine,382156780551000,382156780615300,64300,after
secret_dependent_routine,382156780618500,382156780677500,59000,after
secret_dependent_routine,382156780679500,382156780743500,64000,after
secret_dependent_routine,382156780745300,382156780829600,84300,after
secret_dependent_routine,382156780836600,382156780906800,70200,after
secret_dependent_routine,382156780909700,382156780971000,61300,after
secret_dependent_routine,382156780972800,382156781006900,34100,after
secret_dependent_routine,382156781008300,382156781044100,35800,after
secret_dependent_routine,382156781045300,382156781080600,35300,after
secret_dependent_routine,382156781081900,382156781121900,40000,after
secret_dependent_routine,382156781123500,382156781156900,33400,after
secret_dependent_routine,382156781158300,382156781192000,33700,after
secret_dependent_routine,382156781193200,382156781226500,33300,after
secret_dependent_routine,382156781227700,382156781261200,33500,after
secret_dependent_routine,382156781262400,382156781295400,33000,after
secret_dependent_routine,382156781296600,382156781330500,33900,after
secret_dependent_routine,382156781331600,382156781366100,34500,after
secret_dependent_routine,382156781367300,382156781400600,33300,after
secret_dependent_routine,382156781401800,382156781435300,33500,after
secret_dependent_routine,382156781436600,382156781470400,33800,after
secret_dependent_routine,382156781473000,382156781506800,33800,after
secret_dependent_routine,382156781508100,382156781542300,34200,after
secret_dependent_routine,382156781543600,382156781577800,34200,after
secret_dependent_routine,382156781579000,382156781613400,34400,after
secret_dependent_routine,382156781614600,382156781656400,41800,after
secret_dependent_routine,382156781658200,382156781692400,34200,after
secret_dependent_routine,382156781693700,382156781727300,33600,after
secret_dependent_routine,382156781728400,382156781761900,33500,after
secret_dependent_routine,382156781763100,382156781796800,33700,after
secret_dependent_routine,382156781799300,382156781833400,34100,after
secret_dependent_routine,382156781834700,382156781868700,34000,after
secret_dependent_routine,382156781870000,382156781904000,34000,after
secret_dependent_routine,382156781905200,382156781938600,33400,after
secret_dependent_routine,382156781939800,382156782039600,99800,after
secret_dependent_routine,382156782041300,382156782075400,34100,after
secret_dependent_routine,382156782076600,382156782110300,33700,after
secret_dependent_routine,382156782111500,382156782144800,33300,after
secret_dependent_routine,382156782146000,382156782180100,34100,after
secret_dependent_routine,382156782181400,382156782215100,33700,after
secret_dependent_routine,382156782216300,382156782251100,34800,after
secret_dependent_routine,382156782252400,382156782286400,34000,after
secret_dependent_routine,382156782287600,382156782321300,33700,after
secret_dependent_routine,382156782322500,382156782355400,32900,after
secret_dependent_routine,382156782356600,382156782390100,33500,after
secret_dependent_routine,382156782391300,382156782424300,33000,after
secret_dependent_routine,382156782425600,382156782459400,33800,after
secret_dependent_routine,382156782460500,382156782493400,32900,after
secret_dependent_routine,382156782494600,382156782527700,33100,after
secret_dependent_routine,382156782528900,382156782562000,33100,after
secret_dependent_routine,382156782563200,382156782596900,33700,after
secret_dependent_routine,382156782598100,382156782631300,33200,after
secret_dependent_routine,382156782632400,382156782666600,34200,after
secret_dependent_routine,382156782667800,382156782700700,32900,after
secret_dependent_routine,382156782701900,382156782735300,33400,after
secret_dependent_routine,382156782736600,382156782769900,33300,after
secret_dependent_routine,382156782771100,382156782804800,33700,after
secret_dependent_routine,382156782806000,382156782840400,34400,after
secret_dependent_routine,382156782841600,382156782875100,33500,after
secret_dependent_routine,382156782876300,382156782910100,33800,after
secret_dependent_routine,382156782911300,382156782944500,33200,after
secret_dependent_routine,382156782945600,382156782978900,33300,after
secret_dependent_routine,382156782980100,382156783013300,33200,after
secret_dependent_routine,382156783015900,382156783049100,33200,after
secret_dependent_routine,382156783050400,382156783083700,33300,after
secret_dependent_routine,382156783084900,382156783117900,33000,after
secret_dependent_routine,382156783120300,382156783175800,55500,after
secret_dependent_routine,382156783177500,382156783211800,34300,after
secret_dependent_routine,382156783213000,382156783246700,33700,after
secret_dependent_routine,382156783247900,382156783281300,33400,after
secret_dependent_routine,382156783282400,382156783316700,34300,after
secret_dependent_routine,382156783317900,382156783351800,33900,after
secret_dependent_routine,382156783353000,382156783387600,34600,after
secret_dependent_routine,382156783388800,382156783422800,34000,after
secret_dependent_routine,382156783424000,382156783457900,33900,after
secret_dependent_routine,382156783459100,382156783492600,33500,after
secret_dependent_routine,382156783493700,382156783527100,33400,after
secret_dependent_routine,382156783528300,382156783561700,33400,after
secret_dependent_routine,382156783562800,382156783596200,33400,after
secret_dependent_routine,382156783597300,382156783631100,33800,after
secret_dependent_routine,382156783632300,382156783665700,33400,after
secret_dependent_routine,382156783666900,382156783699800,32900,after
secret_dependent_routine,382156783701000,382156783734500,33500,after
secret_dependent_routine,382156783735800,382156783768700,32900,after
secret_dependent_routine,382156783769900,382156783802900,33000,after
secret_dependent_routine,382156783804000,382156783837800,33800,after
secret_dependent_routine,382156783838900,382156783872800,33900,after
secret_dependent_routine,382156783873900,382156783907200,33300,after
secret_dependent_routine,382156783908500,382156783941500,33000,after
secret_dependent_routine,382156783942600,382156783976500,33900,after
secret_dependent_routine,382156783977600,382156784010800,33200,after
secret_dependent_routine,382156784012000,382156784045300,33300,after
secret_dependent_routine,382156784046400,382156784079500,33100,after
secret_dependent_routine,382156784080700,382156784113600,32900,after
secret_dependent_routine,382156784114700,382156784161100,46400,after
secret_dependent_routine,382156784163400,382156784199800,36400,after
secret_dependent_routine,382156784201200,382156784235100,33900,after
secret_dependent_routine,382156784236400,382156784269700,33300,after
secret_dependent_routine,382156784271000,382156784305500,34500,after
secret_dependent_routine,382156784306700,382156784340400,33700,after
secret_dependent_routine,382156784341600,382156784376500,34900,after
secret_dependent_routine,382156784377700,382156784411200,33500,after
secret_dependent_routine,382156784412400,382156784446700,34300,after
secret_dependent_routine,382156784449300,382156784482700,33400,after
secret_dependent_routine,382156784483900,382156784517700,33800,after
secret_dependent_routine,382156784520100,382156784554000,33900,after
secret_dependent_routine,382156784555200,382156784589500,34300,after
secret_dependent_routine,382156784590700,382156784625300,34600,after
secret_dependent_routine,382156784626500,382156784665600,39100,after
secret_dependent_routine,382156784667400,382156784701600,34200,after
secret_dependent_routine,382156784702900,382156784736500,33600,after
secret_dependent_routine,382156784737700,382156784770300,32600,after
secret_dependent_routine,382156784771500,382156784805800,34300,after
secret_dependent_routine,382156784807000,382156784841300,34300,after
secret_dependent_routine,382156784842500,382156784998900,156400,after
secret_dependent_routine,382156785001500,382156785035800,34300,after
secret_dependent_routine,382156785037100,382156785070400,33300,after
secret_dependent_routine,382156785071600,382156785104600,33000,after
secret_dependent_routine,382156785105800,382156785139800,34000,after
secret_dependent_routine,382156785141100,382156785174800,33700,after
secret_dependent_routine,382156785176200,382156785209600,33400,after
secret_dependent_routine,382156785211100,382156785254700,43600,after
secret_dependent_routine,382156785256800,382156785294000,37200,after
secret_dependent_routine,382156785295600,382156785328900,33300,after
secret_dependent_routine,382156785330200,382156785363800,33600,after
secret_dependent_routine,382156785365000,382156785398000,33000,after
secret_dependent_routine,382156785399200,382156785433800,34600,after
secret_dependent_routine,382156785435100,382156785469000,33900,after
secret_dependent_routine,382156785470200,382156785505900,35700,after
secret_dependent_routine,382156785507100,382156785541500,34400,after
secret_dependent_routine,382156785542600,382156785577000,34400,after
secret_dependent_routine,382156785578300,382156785612600,34300,after
secret_dependent_routine,382156785613800,382156785648200,34400,after
secret_dependent_routine,382156785649400,382156785692600,43200,after
secret_dependent_routine,382156785694500,382156785729900,35400,after
secret_dependent_routine,382156785731200,382156785766400,35200,after
secret_dependent_routine,382156785767700,382156785803800,36100,after
secret_dependent_routine,382156785805200,382156785841700,36500,after
secret_dependent_routine,382156785843000,382156785878300,35300,after
secret_dependent_routine,382156785881100,382156785915100,34000,after
secret_dependent_routine,382156785916300,382156785950600,34300,after
secret_dependent_routine,382156785951800,382156785985300,33500,after
secret_dependent_routine,382156785991800,382156786026300,34500,after
secret_dependent_routine,382156786027600,382156786061600,34000,after
secret_dependent_routine,382156786062800,382156786097400,34600,after
secret_dependent_routine,382156786098600,382156786132100,33500,after
secret_dependent_routine,382156786133400,382156786167700,34300,after
secret_dependent_routine,382156786168900,382156786202600,33700,after
secret_dependent_routine,382156786205300,382156786239900,34600,after
secret_dependent_routine,382156786241200,382156786278000,36800,after
secret_dependent_routine,382156786279300,382156786315400,36100,after
secret_dependent_routine,382156786316600,382156786353000,36400,after
secret_dependent_routine,382156786354200,382156786390800,36600,after
secret_dependent_routine,382156786392000,382156786428300,36300,after
secret_dependent_routine,382156786429500,382156786465900,36400,after
secret_dependent_routine,382156786467200,382156786504100,36900,after
secret_dependent_routine,382156786505300,382156786541200,35900,after
secret_dependent_routine,382156786542400,382156786578400,36000,after
secret_dependent_routine,382156786579600,382156786615300,35700,after
secret_dependent_routine,382156786616500,382156786652900,36400,after
secret_dependent_routine,382156786654100,382156786803400,149300,after
secret_dependent_routine,382156786814800,382156786890700,75900,after
secret_dependent_routine,382156786894700,382156786970700,76000,after
secret_dependent_routine,382156786973500,382156787047700,74200,after
secret_dependent_routine,382156787051000,382156787123600,72600,after
secret_dependent_routine,382156787126400,382156787198700,72300,after
secret_dependent_routine,382156787201400,382156787271400,70000,after
secret_dependent_routine,382156787274200,382156787345200,71000,after
secret_dependent_routine,382156787347700,382156787417500,69800,after
secret_dependent_routine,382156787420200,382156787489800,69600,after
secret_dependent_routine,382156787492500,382156787560800,68300,after
secret_dependent_routine,382156787563500,382156787627000,63500,after
secret_dependent_routine,382156787629200,382156787690000,60800,after
secret_dependent_routine,382156787703000,382156787774100,71100,after
secret_dependent_routine,382156787776700,382156787841000,64300,after
secret_dependent_routine,382156787848200,382156787914200,66000,after
secret_dependent_routine,382156787916500,382156787982800,66300,after
secret_dependent_routine,382156787985300,382156788054000,68700,after
secret_dependent_routine,382156788057400,382156788130900,73500,after
secret_dependent_routine,382156788134000,382156788209700,75700,after
secret_dependent_routine,382156788212900,382156788291600,78700,after
secret_dependent_routine,382156788295300,382156788364800,69500,after
secret_dependent_routine,382156788367700,382156788444300,76600,after
secret_dependent_routine,382156788448200,382156788523200,75000,after
secret_dependent_routine,382156788526400,382156788606400,80000,after
secret_dependent_routine,382156788609800,382156788674300,64500,after
secret_dependent_routine,382156788677900,382156788749800,71900,after
secret_dependent_routine,382156788753000,382156788815700,62700,after
secret_dependent_routine,382156788818200,382156788880800,62600,after
secret_dependent_routine,382156788884700,382156788948300,63600,after
secret_dependent_routine,382156788951200,382156789021600,70400,after
secret_dependent_routine,382156789029100,382156789099900,70800,after
secret_dependent_routine,382156789105500,382156789163500,58000,after
secret_dependent_routine,382156789165700,382156789223200,57500,after
secret_dependent_routine,382156789225200,382156789281800,56600,after
secret_dependent_routine,382156789283800,382156789339700,55900,after
secret_dependent_routine,382156789341600,382156789397900,56300,after
secret_dependent_routine,382156789400700,382156789458100,57400,after
secret_dependent_routine,382156789460500,382156789518500,58000,after
secret_dependent_routine,382156789520700,382156789577200,56500,after
secret_dependent_routine,382156789579300,382156789636300,57000,after
secret_dependent_routine,382156789638200,382156789694200,56000,after
secret_dependent_routine,382156789696000,382156789754800,58800,after
secret_dependent_routine,382156789756800,382156789816000,59200,after
secret_dependent_routine,382156789818100,382156789879900,61800,after
secret_dependent_routine,382156789881800,382156789945100,63300,after
secret_dependent_routine,382156789947500,382156790016000,68500,after
secret_dependent_routine,382156790018700,382156790090300,71600,after
secret_dependent_routine,382156790092500,382156790151400,58900,after
secret_dependent_routine,382156790153700,382156790212700,59000,after
secret_dependent_routine,382156790214900,382156790273800,58900,after
secret_dependent_routine,382156790280700,382156790341000,60300,after
secret_dependent_routine,382156790343500,382156790402900,59400,after
secret_dependent_routine,382156790405800,382156790476800,71000,after
secret_dependent_routine,382156790480100,382156790546600,66500,after
secret_dependent_routine,382156790549600,382156790625500,75900,after
secret_dependent_routine,382156790628100,382156790698600,70500,after
secret_dependent_routine,382156790700900,382156790772600,71700,after
secret_dependent_routine,382156790775200,382156790850900,75700,after
secret_dependent_routine,382156790853600,382156790922800,69200,after
secret_dependent_routine,382156790925300,382156790994000,68700,after
secret_dependent_routine,382156790996900,382156791065500,68600,after
secret_dependent_routine,382156791067800,382156791330000,262200,after
secret_dependent_routine,382156791340900,382156791408200,67300,after
secret_dependent_routine,382156791412100,382156791477900,65800,after
secret_dependent_routine,382156791480400,382156791541500,61100,after
secret_dependent_routine,382156791543600,382156791598500,54900,after
secret_dependent_routine,382156791601300,382156791832200,230900,after
secret_dependent_routine,382156791839500,382156791919500,80000,after
secret_dependent_routine,382156791923800,382156792002000,78200,after
secret_dependent_routine,382156792006900,382156792082600,75700,after
secret_dependent_routine,382156792086400,382156792158100,71700,after
secret_dependent_routine,382156792161400,382156792227000,65600,after
secret_dependent_routine,382156792235800,382156792298500,62700,after
secret_dependent_routine,382156792300600,382156792352200,51600,after
secret_dependent_routine,382156792354200,382156792403800,49600,after
secret_dependent_routine,382156792406000,382156792469800,63800,after
secret_dependent_routine,382156792472400,382156792526700,54300,after
secret_dependent_routine,382156792529000,382156792592500,63500,after
secret_dependent_routine,382156792594700,382156792652300,57600,after
secret_dependent_routine,382156792654600,382156792717300,62700,after
secret_dependent_routine,382156792720000,382156792778200,58200,after
secret_dependent_routine,382156792780200,382156792834700,54500,after
secret_dependent_routine,382156792837000,382156792890400,53400,after
secret_dependent_routine,382156792892500,382156792952900,60400,after
secret_dependent_routine,382156792955300,382156793015800,60500,after
secret_dependent_routine,382156793018600,382156793085400,66800,after
secret_dependent_routine,382156793088000,382156793149700,61700,after
secret_dependent_routine,382156793155900,382156793209500,53600,after
secret_dependent_routine,382156793212000,382156793265000,53000,after
secret_dependent_routine,382156793267000,382156793319100,52100,after
secret_dependent_routine,382156793321200,382156793374000,52800,after
secret_dependent_routine,382156793376400,382156793430100,53700,after
secret_dependent_routine,382156793432300,382156793486600,54300,after
secret_dependent_routine,382156793488800,382156793544000,55200,after
secret_dependent_routine,382156793546100,382156793603900,57800,after
secret_dependent_routine,382156793606000,382156793662800,56800,after
secret_dependent_routine,382156793665100,382156793720500,55400,after
secret_dependent_routine,382156793723000,382156793780100,57100,after
secret_dependent_routine,382156793782300,382156793837600,55300,after
secret_dependent_routine,382156793839700,382156793896400,56700,after
secret_dependent_routine,382156793898600,382156793954300,55700,after
secret_dependent_routine,382156793956400,382156794011000,54600,after
secret_dependent_routine,382156794012900,382156794068800,55900,after
secret_dependent_routine,382156794070900,382156794135700,64800,after
secret_dependent_routine,382156794138100,382156794202100,64000,after
secret_dependent_routine,382156794204500,382156794276400,71900,after
secret_dependent_routine,382156794278700,382156794345100,66400,after
secret_dependent_routine,382156794347300,382156794417400,70100,after
secret_dependent_routine,382156794419900,382156794498900,79000,after
secret_dependent_routine,382156794503000,382156794571900,68900,after
secret_dependent_routine,382156794574400,382156794639600,65200,after
secret_dependent_routine,382156794642200,382156794709500,67300,after
secret_dependent_routine,382156794712500,382156794781300,68800,after
secret_dependent_routine,382156794784400,382156794850300,65900,after
secret_dependent_routine,382156794856900,382156794925800,68900,after
secret_dependent_routine,382156794928400,382156795000900,72500,after
secret_dependent_routine,382156795004200,382156795077500,73300,after
secret_dependent_routine,382156795080700,382156795152300,71600,after
secret_dependent_routine,382156795156200,382156795227100,70900,after
secret_dependent_routine,382156795236300,382156795311000,74700,after
secret_dependent_routine,382156795314500,382156795388500,74000,after
secret_dependent_routine,382156795392000,382156795461100,69100,after
secret_dependent_routine,382156795464400,382156795532800,68400,after
secret_dependent_routine,382156795632700,382156795695300,62600,after
secret_dependent_routine,382156795704900,382156795743200,38300,after
secret_dependent_routine,382156795745400,382156795781800,36400,after
secret_dependent_routine,382156795783700,382156795839400,55700,after
secret_dependent_routine,382156795843200,382156795902300,59100,after
secret_dependent_routine,382156795904500,382156795957200,52700,after
secret_dependent_routine,382156795959400,382156796015800,56400,after
secret_dependent_routine,382156796018400,382156796075000,56600,after
secret_dependent_routine,382156796077500,382156796124200,46700,after
secret_dependent_routine,382156796127200,382156796205400,78200,after
secret_dependent_routine,382156796208300,382156796274900,66600,after
secret_dependent_routine,382156796277500,382156796314100,36600,after
secret_dependent_routine,382156796315500,382156796351100,35600,after
secret_dependent_routine,382156796352400,382156796387600,35200,after
secret_dependent_routine,382156796388800,382156796424200,35400,after
secret_dependent_routine,382156796425500,382156796460500,35000,after
secret_dependent_routine,382156796461900,382156796514400,52500,after
secret_dependent_routine,382156796517100,382156796567000,49900,after
secret_dependent_routine,382156796568600,382156796607400,38800,after
secret_dependent_routine,382156796608700,382156796646400,37700,after
secret_dependent_routine,382156796647700,382156796683500,35800,after
secret_dependent_routine,382156796684700,382156796720100,35400,after
secret_dependent_routine,382156796721500,382156796756900,35400,after
secret_dependent_routine,382156796758200,382156796796800,38600,after
secret_dependent_routine,382156796798200,382156796834200,36000,after
secret_dependent_routine,382156796835500,382156796870900,35400,after
secret_dependent_routine,382156796872100,382156796907800,35700,after
secret_dependent_routine,382156796909200,382156796944700,35500,after
secret_dependent_routine,382156796946000,382156796980800,34800,after
secret_dependent_routine,382156796982100,382156797016500,34400,after
secret_dependent_routine,382156797017800,382156797052900,35100,after
secret_dependent_routine,382156797054100,382156797088700,34600,after
secret_dependent_routine,382156797090400,382156797125700,35300,after
secret_dependent_routine,382156797126900,382156797162500,35600,after
secret_dependent_routine,382156797165300,382156797201000,35700,after
secret_dependent_routine,382156797202300,382156797237300,35000,after
secret_dependent_routine,382156797239900,382156797277000,37100,after
secret_dependent_routine,382156797278200,382156797313600,35400,after
secret_dependent_routine,382156797314800,382156797351600,36800,after
secret_dependent_routine,382156797352800,382156797389400,36600,after
secret_dependent_routine,382156797390900,382156797427500,36600,after
secret_dependent_routine,382156797428700,382156797464100,35400,after
secret_dependent_routine,382156797465400,382156797518700,53300,after
secret_dependent_routine,382156797520900,382156797587000,66100,after
secret_dependent_routine,382156797589900,382156797658900,69000,after
secret_dependent_routine,382156797663700,382156797722300,58600,after
secret_dependent_routine,382156797724700,382156797779800,55100,after
secret_dependent_routine,382156797782000,382156797837700,55700,after
secret_dependent_routine,382156797839900,382156797895900,56000,after
secret_dependent_routine,382156797897900,382156797954100,56200,after
secret_dependent_routine,382156797956600,382156798013000,56400,after
secret_dependent_routine,382156798015300,382156798071100,55800,after
secret_dependent_routine,382156798072900,382156798129500,56600,after
secret_dependent_routine,382156798131700,382156798186200,54500,after
secret_dependent_routine,382156798188300,382156798244500,56200,after
secret_dependent_routine,382156798246500,382156798302500,56000,after
secret_dependent_routine,382156798305300,382156798361700,56400,after
secret_dependent_routine,382156798364000,382156798420900,56900,after
secret_dependent_routine,382156798422600,382156798487400,64800,after
secret_dependent_routine,382156798489600,382156798559300,69700,after
secret_dependent_routine,382156798561900,382156798626500,64600,after
secret_dependent_routine,382156798628700,382156798691700,63000,after
secret_dependent_routine,382156798694000,382156798749800,55800,after
secret_dependent_routine,382156798752200,382156798808700,56500,after
secret_dependent_routine,382156798810900,382156798868800,57900,after
secret_dependent_routine,382156798871100,382156798929600,58500,after
secret_dependent_routine,382156798932200,382156798994600,62400,after
secret_dependent_routine,382156798997300,382156799052800,55500,after
secret_dependent_routine,382156799054800,382156799111400,56600,after
secret_dependent_routine,382156799113800,382156799169200,55400,after
secret_dependent_routine,382156799171400,382156799226000,54600,after
secret_dependent_routine,382156799228100,382156799281200,53100,after
secret_dependent_routine,382156799286100,382156799343400,57300,after
secret_dependent_routine,382156799345400,382156799402800,57400,after
secret_dependent_routine,382156799404600,382156799461000,56400,after
secret_dependent_routine,382156799463100,382156799516000,52900,after
secret_dependent_routine,382156799518300,382156799573900,55600,after
secret_dependent_routine,382156799579100,382156799637200,58100,after
secret_dependent_routine,382156799639600,382156799694700,55100,after
secret_dependent_routine,382156799696900,382156799753400,56500,after
secret_dependent_routine,382156799755500,382156799810500,55000,after
secret_dependent_routine,382156799812700,382156799868300,55600,after
secret_dependent_routine,382156799870900,382156799926700,55800,after
secret_dependent_routine,382156799929100,382156799986200,57100,after
secret_dependent_routine,382156799988100,382156800045600,57500,after
secret_dependent_routine,382156800047600,382156800104500,56900,after
secret_dependent_routine,382156800106900,382156800168400,61500,after
secret_dependent_routine,382156800170600,382156800238000,67400,after
secret_dependent_routine,382156800240200,382156800309100,68900,after
secret_dependent_routine,382156800311900,382156800382300,70400,after
secret_dependent_routine,382156800384400,382156800440200,55800,after
secret_dependent_routine,382156800442100,382156800508200,66100,after
secret_dependent_routine,382156800510600,382156800565700,55100,after
secret_dependent_routine,382156800568100,382156800618400,50300,after
secret_dependent_routine,382156800620700,382156800672500,51800,after
secret_dependent_routine,382156800674800,382156800728600,53800,after
secret_dependent_routine,382156800730500,382156800786100,55600,after
secret_dependent_routine,382156800788000,382156800842200,54200,after
secret_dependent_routine,382156800844300,382156800898600,54300,after
secret_dependent_routine,382156800900800,382156800957000,56200,after
secret_dependent_routine,382156800959100,382156801013900,54800,after
secret_dependent_routine,382156801015700,382156801071300,55600,after
secret_dependent_routine,382156801073100,382156801127000,53900,after
secret_dependent_routine,382156801128700,382156801181300,52600,after
secret_dependent_routine,382156801183400,382156801249500,66100,after
secret_dependent_routine,382156801251600,382156801310800,59200,after
secret_dependent_routine,382156801313500,382156801381500,68000,after
secret_dependent_routine,382156801384300,382156801455200,70900,after
secret_dependent_routine,382156801458700,382156801534600,75900,after
secret_dependent_routine,382156801539700,382156801611500,71800,after
secret_dependent_routine,382156801614200,382156801683500,69300,after
secret_dependent_routine,382156801686300,382156801758200,71900,after
secret_dependent_routine,382156801761000,382156801832900,71900,after
secret_dependent_routine,382156801835900,382156801906800,70900,after
secret_dependent_routine,382156801909600,382156801979400,69800,after
secret_dependent_routine,382156801982600,382156802049900,67300,after
secret_dependent_routine,382156802052300,382156802110400,58100,after
secret_dependent_routine,382156802112600,382156802172900,60300,after
secret_dependent_routine,382156802175200,382156802242000,66800,after
secret_dependent_routine,382156802248400,382156802316500,68100,after
secret_dependent_routine,382156802319300,382156802382400,63100,after
secret_dependent_routine,382156802385000,382156802444500,59500,after
secret_dependent_routine,382156802446800,382156802529300,82500,after
secret_dependent_routine,382156802534100,382156802602600,68500,after
secret_dependent_routine,382156802605800,382156802674900,69100,after
secret_dependent_routine,382156802677300,382156802737600,60300,after
secret_dependent_routine,382156802740100,382156802799400,59300,after
secret_dependent_routine,382156802801900,382156802860100,58200,after
secret_dependent_routine,382156802862500,382156802920400,57900,after
secret_dependent_routine,382156802922600,382156802982200,59600,after
secret_dependent_routine,382156802984600,382156803044700,60100,after
secret_dependent_routine,382156803047000,382156803108100,61100,after
secret_dependent_routine,382156803110900,382156803168300,57400,after
secret_dependent_routine,382156803170600,382156803234400,63800,after
secret_dependent_routine,382156803236900,382156803298500,61600,after
secret_dependent_routine,382156803305100,382156803385200,80100,after
secret_dependent_routine,382156803387600,382156803465800,78200,after
secret_dependent_routine,382156803468100,382156803531400,63300,after
secret_dependent_routine,382156803533600,382156803590900,57300,after
secret_dependent_routine,382156803593000,382156803650500,57500,after
secret_dependent_routine,382156803652500,382156803710100,57600,after
secret_dependent_routine,382156803712400,382156803769400,57000,after
secret_dependent_routine,382156803771300,382156803831600,60300,after
secret_dependent_routine,382156803833600,382156803890900,57300,after
secret_dependent_routine,382156803892900,382156803948200,55300,after
secret_dependent_routine,382156803954600,382156804013000,58400,after
secret_dependent_routine,382156804015100,382156804075500,60400,after
secret_dependent_routine,382156804077900,382156804137800,59900,after
secret_dependent_routine,382156804140300,382156804200000,59700,after
secret_dependent_routine,382156804202000,382156804272100,70100,after
secret_dependent_routine,382156804274300,382156804347900,73600,after
secret_dependent_routine,382156804449400,382156804508000,58600,after
secret_dependent_routine,382156804510000,382156804579300,69300,after
secret_dependent_routine,382156804581500,382156804638000,56500,after
secret_dependent_routine,382156804640000,382156804698300,58300,after
secret_dependent_routine,382156804700600,382156804758600,58000,after
secret_dependent_routine,382156804760600,382156804817400,56800,after
secret_dependent_routine,382156804819300,382156804879800,60500,after
secret_dependent_routine,382156804881800,382156804948200,66400,after
secret_dependent_routine,382156804950400,382156805023000,72600,after
secret_dependent_routine,382156805025300,382156805093800,68500,after
secret_dependent_routine,382156805099400,382156805172500,73100,after
secret_dependent_routine,382156805174900,382156805243300,68400,after
secret_dependent_routine,382156805245800,382156805314300,68500,after
secret_dependent_routine,382156805316900,382156805386700,69800,after
secret_dependent_routine,382156805389900,382156805451600,61700,after
secret_dependent_routine,382156805454000,382156805512600,58600,after
secret_dependent_routine,382156805515300,382156805572500,57200,after
secret_dependent_routine,382156805574700,382156805631600,56900,after
secret_dependent_routine,382156805633600,382156805690600,57000,after
secret_dependent_routine,382156805692400,382156805751500,59100,after
secret_dependent_routine,382156805753400,382156805812800,59400,after
secret_dependent_routine,382156805814800,382156805876600,61800,after
secret_dependent_routine,382156805878500,382156805938300,59800,after
secret_dependent_routine,382156805940200,382156806009400,69200,after
secret_dependent_routine,382156806011600,382156806077700,66100,after
secret_dependent_routine,382156806080300,382156806151800,71500,after
secret_dependent_routine,382156806154100,382156806214300,60200,after
secret_dependent_routine,382156806216300,382156806272800,56500,after
secret_dependent_routine,382156806274900,382156806332500,57600,after
secret_dependent_routine,382156806334600,382156806393200,58600,after
secret_dependent_routine,382156806398100,382156806455800,57700,after
secret_dependent_routine,382156806457700,382156806514400,56700,after
secret_dependent_routine,382156806516400,382156806581000,64600,after
secret_dependent_routine,382156806583300,382156806643500,60200,after
secret_dependent_routine,382156806645300,382156806702800,57500,after
secret_dependent_routine,382156806704700,382156806759800,55100,after
secret_dependent_routine,382156806762000,382156806818700,56700,after
secret_dependent_routine,382156806821000,382156806878000,57000,after
secret_dependent_routine,382156806880000,382156806936000,56000,after
secret_dependent_routine,382156806938600,382156807008700,70100,after
secret_dependent_routine,382156807011100,382156807079100,68000,after
secret_dependent_routine,382156807081400,382156807244300,162900,after
secret_dependent_routine,382156807266600,382156807351700,85100,after
secret_dependent_routine,382156807358200,382156807417400,59200,after
secret_dependent_routine,382156807419700,382156807518500,98800,after
secret_dependent_routine,382156807523300,382156807589500,66200,after
secret_dependent_routine,382156807591600,382156807652300,60700,after
secret_dependent_routine,382156807654500,382156807709300,54800,after
secret_dependent_routine,382156807711000,382156807752200,41200,after
secret_dependent_routine,382156807753800,382156807795400,41600,after
secret_dependent_routine,382156807796800,382156807838600,41800,after
secret_dependent_routine,382156807839900,382156807878700,38800,after
secret_dependent_routine,382156807880100,382156807919400,39300,after
secret_dependent_routine,382156807924400,382156807969300,44900,after
secret_dependent_routine,382156807970700,382156808009300,38600,after
secret_dependent_routine,382156808010800,382156808050300,39500,after
secret_dependent_routine,382156808051700,382156808090800,39100,after
secret_dependent_routine,382156808092100,382156808128400,36300,after
secret_dependent_routine,382156808129700,382156808166100,36400,after
secret_dependent_routine,382156808167400,382156808203400,36000,after
secret_dependent_routine,382156808204800,382156808240600,35800,after
secret_dependent_routine,382156808241800,382156808278000,36200,after
secret_dependent_routine,382156808279300,382156808315800,36500,after
secret_dependent_routine,382156808317100,382156808353500,36400,after
secret_dependent_routine,382156808354800,382156808390800,36000,after
secret_dependent_routine,382156808392100,382156808428400,36300,after
secret_dependent_routine,382156808431100,382156808467300,36200,after
secret_dependent_routine,382156808468600,382156808505200,36600,after
secret_dependent_routine,382156808506500,382156808542500,36000,after
secret_dependent_routine,382156808543800,382156808579900,36100,after
secret_dependent_routine,382156808581200,382156808617600,36400,after
secret_dependent_routine,382156808618900,382156808655100,36200,after
secret_dependent_routine,382156808656400,382156808692200,35800,after
secret_dependent_routine,382156808693500,382156808730000,36500,after
secret_dependent_routine,382156808731300,382156808767400,36100,after
secret_dependent_routine,382156808768700,382156808815400,46700,after
secret_dependent_routine,382156808817400,382156808855500,38100,after
secret_dependent_routine,382156808856900,382156808893400,36500,after
secret_dependent_routine,382156808894700,382156808933500,38800,after
secret_dependent_routine,382156808935700,382156808971700,36000,after
secret_dependent_routine,382156808973000,382156809009000,36000,after
secret_dependent_routine,382156809010300,382156809045500,35200,after
secret_dependent_routine,382156809046900,382156809083700,36800,after
secret_dependent_routine,382156809085100,382156809120600,35500,after
secret_dependent_routine,382156809121800,382156809159200,37400,after
secret_dependent_routine,382156809160500,382156809199800,39300,after
secret_dependent_routine,382156809201300,382156809236800,35500,after
secret_dependent_routine,382156809238100,382156809275200,37100,after
secret_dependent_routine,382156809276500,382156809311600,35100,after
secret_dependent_routine,382156809312800,382156809347700,34900,after
secret_dependent_routine,382156809349200,382156809383800,34600,after
secret_dependent_routine,382156809385100,382156809420400,35300,after
secret_dependent_routine,382156809421600,382156809457500,35900,after
secret_dependent_routine,382156809458700,382156809494200,35500,after
secret_dependent_routine,382156809495500,382156809530900,35400,after
secret_dependent_routine,382156809532300,382156809567900,35600,after
secret_dependent_routine,382156809570800,382156809609900,39100,after
secret_dependent_routine,382156809611300,382156809648300,37000,after
secret_dependent_routine,382156809649600,382156809687400,37800,after
secret_dependent_routine,382156809688600,382156809725100,36500,after
secret_dependent_routine,382156809726500,382156809762700,36200,after
secret_dependent_routine,382156809764000,382156809801400,37400,after
secret_dependent_routine,382156809802900,382156809839000,36100,after
secret_dependent_routine,382156809841500,382156809876000,34500,after
secret_dependent_routine,382156809877300,382156809911700,34400,after
secret_dependent_routine,382156809913400,382156809952500,39100,after
secret_dependent_routine,382156809953800,382156809989800,36000,after
secret_dependent_routine,382156809991000,382156810027600,36600,after
secret_dependent_routine,382156810028800,382156810064100,35300,after
secret_dependent_routine,382156810065300,382156810100400,35100,after
secret_dependent_routine,382156810101500,382156810137600,36100,after
secret_dependent_routine,382156810138700,382156810174900,36200,after
secret_dependent_routine,382156810176100,382156810211100,35000,after
secret_dependent_routine,382156810212300,382156810247700,35400,after
secret_dependent_routine,382156810248900,382156810284200,35300,after
secret_dependent_routine,382156810285300,382156810321600,36300,after
secret_dependent_routine,382156810322800,382156810357800,35000,after
secret_dependent_routine,382156810359000,382156810393700,34700,after
secret_dependent_routine,382156810395000,382156810430800,35800,after
secret_dependent_routine,382156810432000,382156810467200,35200,after
secret_dependent_routine,382156810468400,382156810503500,35100,after
secret_dependent_routine,382156810504700,382156810541100,36400,after
secret_dependent_routine,382156810542300,382156810577300,35000,after
secret_dependent_routine,382156810578600,382156810615200,36600,after
secret_dependent_routine,382156810616400,382156810651800,35400,after
secret_dependent_routine,382156810653000,382156810688200,35200,after
secret_dependent_routine,382156810689300,382156810724900,35600,after
secret_dependent_routine,382156810726200,382156810761600,35400,after
secret_dependent_routine,382156810762900,382156810797000,34100,after
secret_dependent_routine,382156810798200,382156810838300,40100,after
secret_dependent_routine,382156810840100,382156810874900,34800,after
secret_dependent_routine,382156810876100,382156810910900,34800,after
secret_dependent_routine,382156810912100,382156810950500,38400,after
secret_dependent_routine,382156810951800,382156810986300,34500,after
secret_dependent_routine,382156810987500,382156811021400,33900,after
secret_dependent_routine,382156811022600,382156811056900,34300,after
secret_dependent_routine,382156811058100,382156811092600,34500,after
secret_dependent_routine,382156811093800,382156811130300,36500,after
secret_dependent_routine,382156811133700,382156811181000,47300,after
secret_dependent_routine,382156811184100,382156811220300,36200,after
secret_dependent_routine,382156811221700,382156811255900,34200,after
secret_dependent_routine,382156811257100,382156811291100,34000,after
secret_dependent_routine,382156811292400,382156811326300,33900,after
secret_dependent_routine,382156811327700,382156811361300,33600,after
secret_dependent_routine,382156811362500,382156811396300,33800,after
secret_dependent_routine,382156811397500,382156811431300,33800,after
secret_dependent_routine,382156811432700,382156811467000,34300,after
secret_dependent_routine,382156811468600,382156811502700,34100,after
secret_dependent_routine,382156811504000,382156811538100,34100,after
secret_dependent_routine,382156811539300,382156811572900,33600,after
secret_dependent_routine,382156811574500,382156811608200,33700,after
secret_dependent_routine,382156811609400,382156811643000,33600,after
secret_dependent_routine,382156811644400,382156811678800,34400,after
secret_dependent_routine,382156811680900,382156811715400,34500,after
secret_dependent_routine,382156811716500,382156811750300,33800,after
secret_dependent_routine,382156811751900,382156811785900,34000,after
secret_dependent_routine,382156811787400,382156811828300,40900,after
secret_dependent_routine,382156811830600,382156811876800,46200,after
secret_dependent_routine,382156811878700,382156811917500,38800,after
secret_dependent_routine,382156811919700,382156812002800,83100,after
secret_dependent_routine,382156812014700,382156812083700,69000,after
secret_dependent_routine,382156812087700,382156812156700,69000,after
secret_dependent_routine,382156812159700,382156812227200,67500,after
secret_dependent_routine,382156812230000,382156812294400,64400,after
secret_dependent_routine,382156812297200,382156812367300,70100,after
secret_dependent_routine,382156812369900,382156812439200,69300,after
secret_dependent_routine,382156812441700,382156812496900,55200,after
secret_dependent_routine,382156812499100,382156812573800,74700,after
secret_dependent_routine,382156812575600,382156812609500,33900,after
secret_dependent_routine,382156812610800,382156812650900,40100,after
secret_dependent_routine,382156812652300,382156812693600,41300,after
secret_dependent_routine,382156812702000,382156812758400,56400,after
secret_dependent_routine,382156812760600,382156812814200,53600,after
secret_dependent_routine,382156812815900,382156812863800,47900,after
secret_dependent_routine,382156812865800,382156812959000,93200,after
secret_dependent_routine,382156812968800,382156813035200,66400,after
secret_dependent_routine,382156813038600,382156813078500,39900,after
secret_dependent_routine,382156813080800,382156813148000,67200,after
secret_dependent_routine,382156813150800,382156813195800,45000,after
secret_dependent_routine,382156813197300,382156813230600,33300,after
secret_dependent_routine,382156813234000,382156813269100,35100,after
secret_dependent_routine,382156813270400,382156813306400,36000,after
secret_dependent_routine,382156813307600,382156813343100,35500,after
secret_dependent_routine,382156813344400,382156813381100,36700,after
secret_dependent_routine,382156813382400,382156813417900,35500,after
secret_dependent_routine,382156813419200,382156813455400,36200,after
secret_dependent_routine,382156813456600,382156813493000,36400,after
secret_dependent_routine,382156813494200,382156813530100,35900,after
secret_dependent_routine,382156813531300,382156813567200,35900,after
secret_dependent_routine,382156813568300,382156813604500,36200,after
secret_dependent_routine,382156813605600,382156813640500,34900,after
secret_dependent_routine,382156813641700,382156813676400,34700,after
secret_dependent_routine,382156813677600,382156813712800,35200,after
secret_dependent_routine,382156813714000,382156813749900,35900,after
secret_dependent_routine,382156813751200,382156813788100,36900,after
secret_dependent_routine,382156813789300,382156813825200,35900,after
secret_dependent_routine,382156813826300,382156813861500,35200,after
secret_dependent_routine,382156813862600,382156813898400,35800,after
secret_dependent_routine,382156813899600,382156813936000,36400,after
secret_dependent_routine,382156813937200,382156813972900,35700,after
secret_dependent_routine,382156813974200,382156814009700,35500,after
secret_dependent_routine,382156814011000,382156814046500,35500,after
secret_dependent_routine,382156814047700,382156814083200,35500,after
secret_dependent_routine,382156814084500,382156814120500,36000,after
secret_dependent_routine,382156814121600,382156814157100,35500,after
secret_dependent_routine,382156814158300,382156814193500,35200,after
secret_dependent_routine,382156814194600,382156814230100,35500,after
secret_dependent_routine,382156814231300,382156814267100,35800,after
secret_dependent_routine,382156814268300,382156814303400,35100,after
secret_dependent_routine,382156814304700,382156814340700,36000,after
secret_dependent_routine,382156814341900,382156814377800,35900,after
secret_dependent_routine,382156814380200,382156814413800,33600,after
secret_dependent_routine,382156814415000,382156814448600,33600,after
secret_dependent_routine,382156814449800,382156814482800,33000,after
secret_dependent_routine,382156814484100,382156814517800,33700,after
secret_dependent_routine,382156814519000,382156814552400,33400,after
secret_dependent_routine,382156814553700,382156814587200,33500,after
secret_dependent_routine,382156814588400,382156814621400,33000,after
secret_dependent_routine,382156814622500,382156814656200,33700,after
secret_dependent_routine,382156814657400,382156814690500,33100,after
secret_dependent_routine,382156814691600,382156814725100,33500,after
secret_dependent_routine,382156814726300,382156814759300,33000,after
secret_dependent_routine,382156814760400,382156814792900,32500,after
secret_dependent_routine,382156814795400,382156814829900,34500,after
secret_dependent_routine,382156814831100,382156814863900,32800,after
secret_dependent_routine,382156814865100,382156814898600,33500,after
secret_dependent_routine,382156814899800,382156814938700,38900,after
secret_dependent_routine,382156814940300,382156814975300,35000,after
secret_dependent_routine,382156814976500,382156815018800,42300,after
secret_dependent_routine,382156815020600,382156815093600,73000,after
secret_dependent_routine,382156815095900,382156815149600,53700,after
secret_dependent_routine,382156815151800,382156815214500,62700,after
secret_dependent_routine,382156815217200,382156815275400,58200,after
secret_dependent_routine,382156815277700,382156815317000,39300,after
secret_dependent_routine,382156815318300,382156815353000,34700,after
secret_dependent_routine,382156815354300,382156815388900,34600,after
secret_dependent_routine,382156815390300,382156815424700,34400,after
secret_dependent_routine,382156815425900,382156815460300,34400,after
secret_dependent_routine,382156815461600,382156815495500,33900,after
secret_dependent_routine,382156815496800,382156815531400,34600,after
secret_dependent_routine,382156815532600,382156815566900,34300,after
secret_dependent_routine,382156815568200,382156815602000,33800,after
secret_dependent_routine,382156815603400,382156815637500,34100,after
secret_dependent_routine,382156815638700,382156815672800,34100,after
secret_dependent_routine,382156815674000,382156815708000,34000,after
secret_dependent_routine,382156815709400,382156815743700,34300,after
secret_dependent_routine,382156815744900,382156815779000,34100,after
secret_dependent_routine,382156815780200,382156815814500,34300,after
secret_dependent_routine,382156815818100,382156815853400,35300,after
secret_dependent_routine,382156815854700,382156815889100,34400,after
secret_dependent_routine,382156815890400,382156815924500,34100,after
secret_dependent_routine,382156815925700,382156815959600,33900,after
secret_dependent_routine,382156815960900,382156815995400,34500,after
secret_dependent_routine,382156815996600,382156816031100,34500,after
secret_dependent_routine,382156816032400,382156816071900,39500,after
secret_dependent_routine,382156816073300,382156816112300,39000,after
secret_dependent_routine,382156816114300,382156816149700,35400,after
secret_dependent_routine,382156816151200,382156816186200,35000,after
secret_dependent_routine,382156816187400,382156816222100,34700,after
secret_dependent_routine,382156816223300,382156816258000,34700,after
secret_dependent_routine,382156816259200,382156816293400,34200,after
secret_dependent_routine,382156816294600,382156816329700,35100,after
secret_dependent_routine,382156816330900,382156816366000,35100,after
secret_dependent_routine,382156816367200,382156816401800,34600,after
secret_dependent_routine,382156816403000,382156816437100,34100,after
secret_dependent_routine,382156816438500,382156816473200,34700,after
secret_dependent_routine,382156816475900,382156816510000,34100,after
secret_dependent_routine,382156816511400,382156816545900,34500,after
secret_dependent_routine,382156816547000,382156816581000,34000,after
secret_dependent_routine,382156816582200,382156816616800,34600,after
secret_dependent_routine,382156816618000,382156816652600,34600,after
secret_dependent_routine,382156816653800,382156816688600,34800,after
secret_dependent_routine,382156816689800,382156816725700,35900,after
secret_dependent_routine,382156816727000,382156816761400,34400,after
secret_dependent_routine,382156816762600,382156816797000,34400,after
secret_dependent_routine,382156816798200,382156816832400,34200,after
secret_dependent_routine,382156816833700,382156816869400,35700,after
secret_dependent_routine,382156816870600,382156816905200,34600,after
secret_dependent_routine,382156816906300,382156816946200,39900,after
secret_dependent_routine,382156816948200,382156816988100,39900,after
secret_dependent_routine,382156816990500,382156817199200,208700,after
secret_dependent_routine,382156817212600,382156817298800,86200,after
secret_dependent_routine,382156817303800,382156817394600,90800,after
secret_dependent_routine,382156817398100,382156817470600,72500,after
secret_dependent_routine,382156817479600,382156817543100,63500,after
secret_dependent_routine,382156817546000,382156817609400,63400,after
secret_dependent_routine,382156817611600,382156817673900,62300,after
secret_dependent_routine,382156817676200,382156817741000,64800,after
secret_dependent_routine,382156817743200,382156817809500,66300,after
secret_dependent_routine,382156817811500,382156817876800,65300,after
secret_dependent_routine,382156817878900,382156817942100,63200,after
secret_dependent_routine,382156817944200,382156818014400,70200,after
secret_dependent_routine,382156818017800,382156818083700,65900,after
secret_dependent_routine,382156818086100,382156818151200,65100,after
secret_dependent_routine,382156818153500,382156818217500,64000,after
secret_dependent_routine,382156818219700,382156818284200,64500,after
secret_dependent_routine,382156818286600,382156818350700,64100,after
secret_dependent_routine,382156818352900,382156818420800,67900,after
secret_dependent_routine,382156818423000,382156818486700,63700,after
secret_dependent_routine,382156818488900,382156818552300,63400,after
secret_dependent_routine,382156818554500,382156818617300,62800,after
secret_dependent_routine,382156818619800,382156818681800,62000,after
secret_dependent_routine,382156818683900,382156818746600,62700,after
secret_dependent_routine,382156818748700,382156818812600,63900,after
secret_dependent_routine,382156818814900,382156818878700,63800,after
secret_dependent_routine,382156818880700,382156818945800,65100,after
secret_dependent_routine,382156818947900,382156819021900,74000,after
secret_dependent_routine,382156819024500,382156819090900,66400,after
secret_dependent_routine,382156819095900,382156819162700,66800,after
secret_dependent_routine,382156819164800,382156819228400,63600,after
secret_dependent_routine,382156819230700,382156819295000,64300,after
secret_dependent_routine,382156819297100,382156819358800,61700,after
secret_dependent_routine,382156819361000,382156819424600,63600,after
secret_dependent_routine,382156819426700,382156819489900,63200,after
secret_dependent_routine,382156819492100,382156819554800,62700,after
secret_dependent_routine,382156819557600,382156819621300,63700,after
secret_dependent_routine,382156819623700,382156819688200,64500,after
secret_dependent_routine,382156819690500,382156819754100,63600,after
secret_dependent_routine,382156819756500,382156819819200,62700,after
secret_dependent_routine,382156819821500,382156819884700,63200,after
secret_dependent_routine,382156819889900,382156819952900,63000,after
secret_dependent_routine,382156819955200,382156820026400,71200,after
secret_dependent_routine,382156820029200,382156820090500,61300,after
secret_dependent_routine,382156820092600,382156820154700,62100,after
secret_dependent_routine,382156820156600,382156820219600,63000,after
secret_dependent_routine,382156820222100,382156820285400,63300,after
secret_dependent_routine,382156820288100,382156820349900,61800,after
secret_dependent_routine,382156820352200,382156820413700,61500,after
secret_dependent_routine,382156820415900,382156820477900,62000,after
secret_dependent_routine,382156820480000,382156820543000,63000,after
secret_dependent_routine,382156820545100,382156820607800,62700,after
secret_dependent_routine,382156820609900,382156820665100,55200,after
secret_dependent_routine,382156820667400,382156820729900,62500,after
secret_dependent_routine,382156820732100,382156820795000,62900,after
secret_dependent_routine,382156820797300,382156820861700,64400,after
secret_dependent_routine,382156820863800,382156820925800,62000,after
secret_dependent_routine,382156820927800,382156820996100,68300,after
secret_dependent_routine,382156820999100,382156821062900,63800,after
secret_dependent_routine,382156821065100,382156821129400,64300,after
secret_dependent_routine,382156821131600,382156821197400,65800,after
secret_dependent_routine,382156821199800,382156821263100,63300,after
secret_dependent_routine,382156821265400,382156821329400,64000,after
secret_dependent_routine,382156821331900,382156821394200,62300,after
secret_dependent_routine,382156821396300,382156821456700,60400,after
secret_dependent_routine,382156821458900,382156821521600,62700,after
secret_dependent_routine,382156821523700,382156821587100,63400,after
secret_dependent_routine,382156821589600,382156821651900,62300,after
secret_dependent_routine,382156821653900,382156821713700,59800,after
secret_dependent_routine,382156821715900,382156821778700,62800,after
secret_dependent_routine,382156821781000,382156821843400,62400,after
secret_dependent_routine,382156821847500,382156821910900,63400,after
secret_dependent_routine,382156821913000,382156821993100,80100,after
secret_dependent_routine,382156821995900,382156822061700,65800,after
secret_dependent_routine,382156822064300,382156822137000,72700,after
secret_dependent_routine,382156822139300,382156822209000,69700,after
secret_dependent_routine,382156822211300,382156822275900,64600,after
secret_dependent_routine,382156822280300,382156822339800,59500,after
secret_dependent_routine,382156822341500,382156822401600,60100,after
secret_dependent_routine,382156822403700,382156822463500,59800,after
secret_dependent_routine,382156822465200,382156822526000,60800,after
secret_dependent_routine,382156822527900,382156822588000,60100,after
secret_dependent_routine,382156822589700,382156822658000,68300,after
secret_dependent_routine,382156822661000,382156822730800,69800,after
secret_dependent_routine,382156822733000,382156822797000,64000,after
secret_dependent_routine,382156822799100,382156822863600,64500,after
secret_dependent_routine,382156822865800,382156822930200,64400,after
secret_dependent_routine,382156822932500,382156823383200,450700,after
secret_dependent_routine,382156823396200,382156823564800,168600,after
secret_dependent_routine,382156823578400,382156823669800,91400,after
secret_dependent_routine,382156823674200,382156823756500,82300,after
secret_dependent_routine,382156823759500,382156823833100,73600,after
secret_dependent_routine,382156823835700,382156823906900,71200,after
secret_dependent_routine,382156823909200,382156823970900,61700,after
secret_dependent_routine,382156823972800,382156824046100,73300,after
secret_dependent_routine,382156824048500,382156824118800,70300,after
secret_dependent_routine,382156824121300,382156824193800,72500,after
secret_dependent_routine,382156824196200,382156824268300,72100,after
secret_dependent_routine,382156824270800,382156824342400,71600,after
secret_dependent_routine,382156824344800,382156824413400,68600,after
secret_dependent_routine,382156824415900,382156824490500,74600,after
secret_dependent_routine,382156824493000,382156824567000,74000,after
secret_dependent_routine,382156824569500,382156824641700,72200,after
secret_dependent_routine,382156824644100,382156824723200,79100,after
secret_dependent_routine,382156824725600,382156824811300,85700,after
secret_dependent_routine,382156824814100,382156824889000,74900,after
secret_dependent_routine,382156824891400,382156824969200,77800,after
secret_dependent_routine,382156824971600,382156825042700,71100,after
secret_dependent_routine,382156825045200,382156825115400,70200,after
secret_dependent_routine,382156825118200,382156825182700,64500,after
secret_dependent_routine,382156825185100,382156825259600,74500,after
secret_dependent_routine,382156825262200,382156825335300,73100,after
secret_dependent_routine,382156825338500,382156825412600,74100,after
secret_dependent_routine,382156825415300,382156825487600,72300,after
secret_dependent_routine,382156825496900,382156825558300,61400,after
secret_dependent_routine,382156825560500,382156825618500,58000,after
secret_dependent_routine,382156825620400,382156825678800,58400,after
secret_dependent_routine,382156825680700,382156825738000,57300,after
secret_dependent_routine,382156825739700,382156825790100,50400,after
secret_dependent_routine,382156825792500,382156825840900,48400,after
secret_dependent_routine,382156825842800,382156825887700,44900,after
secret_dependent_routine,382156825889600,382156825937700,48100,after
secret_dependent_routine,382156825940000,382156825994800,54800,after
secret_dependent_routine,382156825996900,382156826045000,48100,after
secret_dependent_routine,382156826046800,382156826101800,55000,after
secret_dependent_routine,382156826104200,382156826162400,58200,after
secret_dependent_routine,382156826164500,382156826229000,64500,after
secret_dependent_routine,382156826231200,382156826294700,63500,after
secret_dependent_routine,382156826297600,382156826369800,72200,after
secret_dependent_routine,382156826373000,382156826443000,70000,after
secret_dependent_routine,382156826445600,382156826517300,71700,after
secret_dependent_routine,382156826520300,382156826591600,71300,after
secret_dependent_routine,382156826594700,382156826667300,72600,after
secret_dependent_routine,382156826671000,382156826742700,71700,after
secret_dependent_routine,382156826746100,382156826832600,86500,after
secret_dependent_routine,382156826838300,382156826909700,71400,after
secret_dependent_routine,382156826914000,382156826988500,74500,after
secret_dependent_routine,382156826992100,382156827068000,75900,after
secret_dependent_routine,382156827071600,382156827145900,74300,after
secret_dependent_routine,382156827149500,382156827223900,74400,after
secret_dependent_routine,382156827227900,382156827301600,73700,after
secret_dependent_routine,382156827305300,382156827380400,75100,after
secret_dependent_routine,382156827384900,382156827464300,79400,after
secret_dependent_routine,382156827467700,382156827539900,72200,after
secret_dependent_routine,382156827543900,382156827614700,70800,after
secret_dependent_routine,382156827617600,382156827691300,73700,after
secret_dependent_routine,382156827694400,382156827774500,80100,after
secret_dependent_routine,382156827777500,382156827845300,67800,after
secret_dependent_routine,382156827849400,382156827922200,72800,after
secret_dependent_routine,382156827925200,382156828000500,75300,after
secret_dependent_routine,382156828007000,382156828084900,77900,after
secret_dependent_routine,382156828088000,382156828165800,77800,after
secret_dependent_routine,382156828168800,382156828240200,71400,after
secret_dependent_routine,382156828243600,382156828312700,69100,after
secret_dependent_routine,382156828315400,382156828384700,69300,after
secret_dependent_routine,382156828387800,382156828467500,79700,after
secret_dependent_routine,382156828470300,382156828545900,75600,after
secret_dependent_routine,382156828551700,382156828626200,74500,after
secret_dependent_routine,382156828629700,382156828703700,74000,after
secret_dependent_routine,382156828710400,382156828781200,70800,after
secret_dependent_routine,382156828785300,382156828864000,78700,after
secret_dependent_routine,382156828868600,382156828935700,67100,after
secret_dependent_routine,382156828938600,382156829009600,71000,after
secret_dependent_routine,382156829012600,382156829081600,69000,after
secret_dependent_routine,382156829083800,382156829147100,63300,after
secret_dependent_routine,382156829149100,382156829211100,62000,after
secret_dependent_routine,382156829213200,382156829274800,61600,after
secret_dependent_routine,382156829276600,382156829340700,64100,after
secret_dependent_routine,382156829342800,382156829413300,70500,after
secret_dependent_routine,382156829416000,382156829489700,73700,after
secret_dependent_routine,382156829492300,382156829562600,70300,after
secret_dependent_routine,382156829565600,382156829635200,69600,after
secret_dependent_routine,382156829638100,382156829706200,68100,after
secret_dependent_routine,382156829709200,382156829779400,70200,after
secret_dependent_routine,382156829782400,382156829852700,70300,after
secret_dependent_routine,382156829856200,382156829924900,68700,after
secret_dependent_routine,382156829927500,382156829996400,68900,after
secret_dependent_routine,382156829999600,382156830062200,62600,after
secret_dependent_routine,382156830064700,382156830124600,59900,after
secret_dependent_routine,382156830126900,382156830186800,59900,after
secret_dependent_routine,382156830189100,382156830250800,61700,after
secret_dependent_routine,382156830253200,382156830316800,63600,after
secret_dependent_routine,382156830318900,382156830383900,65000,after
secret_dependent_routine,382156830387100,382156830455300,68200,after
secret_dependent_routine,382156830458200,382156830525500,67300,after
secret_dependent_routine,382156830528700,382156830591100,62400,after
secret_dependent_routine,382156830598300,382156830654600,56300,after
secret_dependent_routine,382156830656500,382156830708900,52400,after
secret_dependent_routine,382156830710900,382156830766000,55100,after
secret_dependent_routine,382156830768200,382156830834500,66300,after
secret_dependent_routine,382156830837300,382156830881100,43800,after
secret_dependent_routine,382156830883200,382156830936700,53500,after
secret_dependent_routine,382156830938700,382156830993200,54500,after
secret_dependent_routine,382156830995200,382156831050700,55500,after
secret_dependent_routine,382156831052800,382156831108700,55900,after
secret_dependent_routine,382156831110700,382156831166100,55400,after
secret_dependent_routine,382156831168000,382156831236600,68600,after
secret_dependent_routine,382156831238700,382156831302600,63900,after
secret_dependent_routine,382156831304700,382156831367300,62600,after
secret_dependent_routine,382156831373500,382156831442200,68700,after
secret_dependent_routine,382156831444500,382156831513000,68500,after
secret_dependent_routine,382156831515300,382156831582700,67400,after
secret_dependent_routine,382156831584800,382156831643200,58400,after
secret_dependent_routine,382156831645700,382156831714600,68900,after
secret_dependent_routine,382156831717100,382156831783000,65900,after
secret_dependent_routine,382156831785200,382156831849100,63900,after
secret_dependent_routine,382156831851800,382156831906300,54500,after
secret_dependent_routine,382156831909200,382156831967600,58400,after
secret_dependent_routine,382156831969300,382156832021800,52500,after
secret_dependent_routine,382156832024100,382156832077500,53400,after
secret_dependent_routine,382156832079700,382156832134300,54600,after
secret_dependent_routine,382156832136300,382156832190600,54300,after
secret_dependent_routine,382156832192800,382156832247600,54800,after
secret_dependent_routine,382156832249800,382156832304500,54700,after
secret_dependent_routine,382156832306600,382156832373600,67000,after
secret_dependent_routine,382156832376100,382156832439000,62900,after
secret_dependent_routine,382156832441500,382156832510500,69000,after
secret_dependent_routine,382156832513700,382156832584000,70300,after
secret_dependent_routine,382156832586800,382156832654000,67200,after
secret_dependent_routine,382156832657000,382156832722600,65600,after
secret_dependent_routine,382156832725100,382156832788000,62900,after
secret_dependent_routine,382156832790400,382156832873300,82900,after
secret_dependent_routine,382156832880700,382156832946900,66200,after
secret_dependent_routine,382156832950400,382156833020000,69600,after
secret_dependent_routine,382156833022800,382156833091700,68900,after
secret_dependent_routine,382156833094300,382156833165300,71000,after
secret_dependent_routine,382156833167700,382156833236400,68700,after
secret_dependent_routine,382156833239500,382156833302500,63000,after
secret_dependent_routine,382156833304800,382156833374800,70000,after
secret_dependent_routine,382156833377100,382156833443900,66800,after
secret_dependent_routine,382156833446300,382156833506100,59800,after
secret_dependent_routine,382156833508500,382156833565000,56500,after
secret_dependent_routine,382156833567400,382156833623500,56100,after
secret_dependent_routine,382156833625600,382156833681500,55900,after
secret_dependent_routine,382156833683600,382156833740500,56900,after
secret_dependent_routine,382156833742200,382156833797700,55500,after
secret_dependent_routine,382156833799300,382156833855200,55900,after
secret_dependent_routine,382156833857300,382156833920900,63600,after
secret_dependent_routine,382156833923000,382156833987100,64100,after
secret_dependent_routine,382156833990100,382156834052300,62200,after
secret_dependent_routine,382156834054900,382156834113400,58500,after
secret_dependent_routine,382156834118800,382156834193200,74400,after
secret_dependent_routine,382156834196200,382156834263900,67700,after
secret_dependent_routine,382156834266600,382156834334000,67400,after
secret_dependent_routine,382156834336500,382156834397100,60600,after
secret_dependent_routine,382156834399200,382156834459700,60500,after
secret_dependent_routine,382156834462200,382156834524100,61900,after
secret_dependent_routine,382156834526400,382156834586400,60000,after
secret_dependent_routine,382156834588500,382156834647900,59400,after
secret_dependent_routine,382156834649900,382156834708500,58600,after
secret_dependent_routine,382156834711000,382156834770300,59300,after
secret_dependent_routine,382156834772400,382156834842100,69700,after
secret_dependent_routine,382156834844700,382156834900600,55900,after
secret_dependent_routine,382156834909800,382156834975200,65400,after
secret_dependent_routine,382156834977900,382156835044100,66200,after
secret_dependent_routine,382156835046800,382156835114100,67300,after
secret_dependent_routine,382156835116600,382156835183800,67200,after
secret_dependent_routine,382156835186200,382156835252900,66700,after
secret_dependent_routine,382156835255600,382156835325000,69400,after
secret_dependent_routine,382156835331700,382156835401400,69700,after
secret_dependent_routine,382156835404500,382156835472300,67800,after
secret_dependent_routine,382156835474200,382156835529100,54900,after
secret_dependent_routine,382156835531100,382156835588100,57000,after
secret_dependent_routine,382156835589900,382156835644600,54700,after
secret_dependent_routine,382156835647000,382156835702600,55600,after
secret_dependent_routine,382156835704600,382156835759800,55200,after
secret_dependent_routine,382156835762000,382156835817000,55000,after
secret_dependent_routine,382156835819200,382156835874200,55000,after
secret_dependent_routine,382156835876400,382156835932700,56300,after
secret_dependent_routine,382156835934900,382156835989900,55000,after
secret_dependent_routine,382156835992100,382156836056800,64700,after
secret_dependent_routine,382156836058900,382156836121400,62500,after
secret_dependent_routine,382156836123700,382156836191400,67700,after
secret_dependent_routine,382156836194000,382156836264900,70900,after
secret_dependent_routine,382156836267500,382156836330500,63000,after
secret_dependent_routine,382156836332600,382156836388000,55400,after
secret_dependent_routine,382156836390200,382156836446100,55900,after
secret_dependent_routine,382156836447900,382156836501200,53300,after
secret_dependent_routine,382156836503000,382156836556900,53900,after
secret_dependent_routine,382156836559200,382156836614000,54800,after
secret_dependent_routine,382156836616200,382156836669700,53500,after
secret_dependent_routine,382156836671700,382156836723200,51500,after
secret_dependent_routine,382156836725100,382156836778100,53000,after
secret_dependent_routine,382156836779900,382156836844800,64900,after
secret_dependent_routine,382156836850600,382156836905700,55100,after
secret_dependent_routine,382156836907900,382156836964700,56800,after
secret_dependent_routine,382156836966800,382156837023400,56600,after
secret_dependent_routine,382156837025500,382156837087700,62200,after
secret_dependent_routine,382156837090000,382156837158200,68200,after
secret_dependent_routine,382156837161600,382156837232300,70700,after
secret_dependent_routine,382156837235300,382156837302400,67100,after
secret_dependent_routine,382156837305400,382156837363100,57700,after
secret_dependent_routine,382156837365600,382156837420200,54600,after
secret_dependent_routine,382156837422700,382156837481100,58400,after
secret_dependent_routine,382156837483400,382156837537200,53800,after
secret_dependent_routine,382156837552400,382156837607600,55200,after
secret_dependent_routine,382156837609800,382156837665200,55400,after
secret_dependent_routine,382156837667100,382156837723100,56000,after
secret_dependent_routine,382156837725000,382156837782000,57000,after
secret_dependent_routine,382156837784000,382156837839300,55300,after
secret_dependent_routine,382156837842000,382156837897600,55600,after
secret_dependent_routine,382156837899700,382156837955600,55900,after
secret_dependent_routine,382156837957800,382156838012500,54700,after
secret_dependent_routine,382156838014700,382156838079700,65000,after
secret_dependent_routine,382156838082000,382156838292900,210900,after
secret_dependent_routine,382156838316300,382156838457400,141100,after
secret_dependent_routine,382156838467900,382156838557300,89400,after
secret_dependent_routine,382156838562000,382156838649000,87000,after
secret_dependent_routine,382156838652400,382156838728900,76500,after
secret_dependent_routine,382156838731800,382156838791500,59700,after
secret_dependent_routine,382156838793600,382156838852800,59200,after
secret_dependent_routine,382156838854800,382156838927500,72700,after
secret_dependent_routine,382156838930100,382156838985200,55100,after
secret_dependent_routine,382156838987400,382156839050900,63500,after
secret_dependent_routine,382156839053100,382156839114000,60900,after
secret_dependent_routine,382156839116400,382156839182800,66400,after
secret_dependent_routine,382156839185300,382156839249900,64600,after
secret_dependent_routine,382156839252400,382156839309400,57000,after
secret_dependent_routine,382156839311600,382156839367600,56000,after
secret_dependent_routine,382156839369800,382156839425900,56100,after
secret_dependent_routine,382156839428100,382156839483100,55000,after
secret_dependent_routine,382156839485400,382156839541800,56400,after
secret_dependent_routine,382156839544000,382156839598700,54700,after
secret_dependent_routine,382156839601000,382156839655200,54200,after
secret_dependent_routine,382156839657900,382156839713100,55200,after
secret_dependent_routine,382156839715500,382156839770600,55100,after
secret_dependent_routine,382156839772800,382156839823800,51000,after
secret_dependent_routine,382156839826800,382156839881300,54500,after
secret_dependent_routine,382156839883300,382156839939700,56400,after
secret_dependent_routine,382156839942000,382156839998300,56300,after
secret_dependent_routine,382156840000300,382156840068800,68500,after
secret_dependent_routine,382156840071300,382156840142900,71600,after
secret_dependent_routine,382156840145400,382156840213900,68500,after
secret_dependent_routine,382156840216200,382156840276700,60500,after
secret_dependent_routine,382156840278600,382156840338400,59800,after
secret_dependent_routine,382156840340100,382156840399400,59300,after
secret_dependent_routine,382156840401200,382156840461100,59900,after
secret_dependent_routine,382156840462800,382156840518000,55200,after
secret_dependent_routine,382156840520200,382156840578100,57900,after
secret_dependent_routine,382156840580200,382156840637900,57700,after
secret_dependent_routine,382156840640000,382156840696100,56100,after
secret_dependent_routine,382156840698200,382156840755400,57200,after
secret_dependent_routine,382156840757700,382156840813800,56100,after
secret_dependent_routine,382156840816000,382156840873400,57400,after
secret_dependent_routine,382156840875500,382156840941100,65600,after
secret_dependent_routine,382156840943900,382156841001400,57500,after
secret_dependent_routine,382156841004600,382156841070000,65400,after
secret_dependent_routine,382156841072800,382156841142000,69200,after
secret_dependent_routine,382156841144700,382156841209600,64900,after
secret_dependent_routine,382156841211900,382156841269100,57200,after
secret_dependent_routine,382156841271100,382156841328300,57200,after
secret_dependent_routine,382156841330400,382156841387800,57400,after
secret_dependent_routine,382156841389800,382156841446900,57100,after
secret_dependent_routine,382156841448700,382156841504800,56100,after
secret_dependent_routine,382156841506900,382156841563700,56800,after
secret_dependent_routine,382156841565700,382156841621500,55800,after
secret_dependent_routine,382156841623900,382156841680200,56300,after
secret_dependent_routine,382156841682400,382156841738700,56300,after
secret_dependent_routine,382156841740700,382156841796700,56000,after
secret_dependent_routine,382156841798900,382156841855400,56500,after
secret_dependent_routine,382156841857400,382156841913800,56400,after
secret_dependent_routine,382156841915700,382156841970900,55200,after
secret_dependent_routine,382156841973000,382156842040600,67600,after
secret_dependent_routine,382156842042900,382156842102300,59400,after
secret_dependent_routine,382156842104500,382156842171300,66800,after
secret_dependent_routine,382156842173500,382156842231900,58400,after
secret_dependent_routine,382156842234100,382156842289500,55400,after
secret_dependent_routine,382156842292300,382156842349300,57000,after
secret_dependent_routine,382156842351200,382156842410000,58800,after
secret_dependent_routine,382156842412400,382156842472700,60300,after
secret_dependent_routine,382156842474400,382156842533900,59500,after
secret_dependent_routine,382156842535800,382156842593600,57800,after
secret_dependent_routine,382156842595400,382156842653100,57700,after
secret_dependent_routine,382156842654800,382156842713500,58700,after
secret_dependent_routine,382156842715300,382156842771300,56000,after
secret_dependent_routine,382156842773200,382156842828500,55300,after
secret_dependent_routine,382156842830600,382156842885500,54900,after
secret_dependent_routine,382156842887600,382156842952600,65000,after
secret_dependent_routine,382156842955000,382156843009000,54000,after
secret_dependent_routine,382156843011400,382156843075200,63800,after
secret_dependent_routine,382156843077600,382156843145900,68300,after
secret_dependent_routine,382156843148300,382156843212300,64000,after
secret_dependent_routine,382156843214100,382156843266700,52600,after
secret_dependent_routine,382156843268500,382156843325100,56600,after
secret_dependent_routine,382156843327500,382156843387600,60100,after
secret_dependent_routine,382156843389900,382156843449400,59500,after
secret_dependent_routine,382156843451600,382156843510700,59100,after
secret_dependent_routine,382156843512600,382156843570900,58300,after
secret_dependent_routine,382156843572700,382156843630900,58200,after
secret_dependent_routine,382156843632700,382156843690100,57400,after
secret_dependent_routine,382156843692000,382156843746900,54900,after
secret_dependent_routine,382156843748900,382156843803700,54800,after
secret_dependent_routine,382156843805800,382156843860700,54900,after
secret_dependent_routine,382156843862900,382156843916800,53900,after
secret_dependent_routine,382156843919300,382156843973900,54600,after
secret_dependent_routine,382156843977600,382156844034100,56500,after
secret_dependent_routine,382156844036300,382156844093000,56700,after
secret_dependent_routine,382156844095500,382156844161100,65600,after
secret_dependent_routine,382156844163900,382156844231700,67800,after
secret_dependent_routine,382156844234600,382156844305700,71100,after
secret_dependent_routine,382156844308600,382156844380400,71800,after
secret_dependent_routine,382156844383400,382156844455600,72200,after
secret_dependent_routine,382156844458400,382156844528400,70000,after
secret_dependent_routine,382156844531500,382156844601200,69700,after
secret_dependent_routine,382156844604500,382156844674300,69800,after
secret_dependent_routine,382156844677600,382156844747100,69500,after
secret_dependent_routine,382156844750000,382156844819000,69000,after
secret_dependent_routine,382156844822100,382156844890900,68800,after
secret_dependent_routine,382156844894000,382156844973800,79800,after
secret_dependent_routine,382156844977800,382156845051400,73600,after
secret_dependent_routine,382156845054300,382156845125400,71100,after
secret_dependent_routine,382156845128200,382156845200000,71800,after
secret_dependent_routine,382156845241200,382156845313600,72400,after
secret_dependent_routine,382156845317300,382156845407400,90100,after
secret_dependent_routine,382156845421600,382156845497800,76200,after
secret_dependent_routine,382156845502000,382156845565400,63400,after
secret_dependent_routine,382156845568400,382156845611000,42600,after
secret_dependent_routine,382156845612700,382156845646600,33900,after
secret_dependent_routine,382156845648700,382156845719500,70800,after
secret_dependent_routine,382156845722000,382156845772700,50700,after
secret_dependent_routine,382156845775200,382156845832600,57400,after
secret_dependent_routine,382156845834500,382156845884300,49800,after
secret_dependent_routine,382156845886500,382156845940900,54400,after
secret_dependent_routine,382156845943200,382156845991400,48200,after
secret_dependent_routine,382156845993000,382156846029200,36200,after
secret_dependent_routine,382156846030400,382156846067200,36800,after
secret_dependent_routine,382156846068600,382156846105200,36600,after
secret_dependent_routine,382156846106500,382156846141800,35300,after
secret_dependent_routine,382156846143100,382156846178800,35700,after
secret_dependent_routine,382156846180100,382156846215900,35800,after
secret_dependent_routine,382156846217300,382156846262500,45200,after
secret_dependent_routine,382156846264300,382156846299100,34800,after
secret_dependent_routine,382156846300300,382156846335000,34700,after
secret_dependent_routine,382156846336300,382156846370500,34200,after
secret_dependent_routine,382156846371800,382156846406500,34700,after
secret_dependent_routine,382156846407800,382156846449400,41600,after
secret_dependent_routine,382156846451300,382156846515900,64600,after
secret_dependent_routine,382156846518500,382156846552500,34000,after
secret_dependent_routine,382156846554000,382156846596900,42900,after
secret_dependent_routine,382156846598400,382156846634500,36100,after
secret_dependent_routine,382156846636500,382156846673600,37100,after
secret_dependent_routine,382156846674800,382156846710400,35600,after
secret_dependent_routine,382156846711700,382156846748200,36500,after
secret_dependent_routine,382156846749900,382156846786600,36700,after
secret_dependent_routine,382156846787800,382156846824000,36200,after
secret_dependent_routine,382156846825300,382156846861600,36300,after
secret_dependent_routine,382156846862900,382156846899000,36100,after
secret_dependent_routine,382156846900300,382156846935800,35500,after
secret_dependent_routine,382156846937100,382156846973300,36200,after
secret_dependent_routine,382156846974500,382156847010700,36200,after
secret_dependent_routine,382156847011900,382156847048200,36300,after
secret_dependent_routine,382156847049500,382156847085700,36200,after
secret_dependent_routine,382156847087000,382156847122800,35800,after
secret_dependent_routine,382156847124100,382156847160000,35900,after
secret_dependent_routine,382156847161500,382156847198700,37200,after
secret_dependent_routine,382156847199900,382156847237200,37300,after
secret_dependent_routine,382156847238400,382156847274500,36100,after
secret_dependent_routine,382156847275700,382156847311600,35900,after
secret_dependent_routine,382156847312900,382156847348900,36000,after
secret_dependent_routine,382156847350100,382156847386100,36000,after
secret_dependent_routine,382156847387300,382156847423100,35800,after
secret_dependent_routine,382156847424400,382156847474400,50000,after
secret_dependent_routine,382156847475800,382156847509500,33700,after
secret_dependent_routine,382156847510800,382156847552500,41700,after
secret_dependent_routine,382156847553900,382156847591000,37100,after
secret_dependent_routine,382156847592300,382156847628600,36300,after
secret_dependent_routine,382156847629800,382156847666400,36600,after
secret_dependent_routine,382156847667600,382156847703600,36000,after
secret_dependent_routine,382156847704800,382156847742000,37200,after
secret_dependent_routine,382156847743200,382156847779700,36500,after
secret_dependent_routine,382156847780900,382156847816500,35600,after
secret_dependent_routine,382156847817700,382156847853500,35800,after
secret_dependent_routine,382156847854700,382156847890600,35900,after
secret_dependent_routine,382156847891900,382156847927900,36000,after
secret_dependent_routine,382156847929200,382156847965400,36200,after
secret_dependent_routine,382156847966600,382156848002300,35700,after
secret_dependent_routine,382156848003800,382156848039500,35700,after
secret_dependent_routine,382156848040700,382156848076700,36000,after
secret_dependent_routine,382156848077800,382156848112900,35100,after
secret_dependent_routine,382156848114300,382156848148900,34600,after
secret_dependent_routine,382156848150200,382156848186000,35800,after
secret_dependent_routine,382156848187200,382156848222600,35400,after
secret_dependent_routine,382156848223800,382156848271100,47300,after
secret_dependent_routine,382156848272800,382156848306200,33400,after
secret_dependent_routine,382156848307400,382156848341000,33600,after
secret_dependent_routine,382156848342300,382156848377400,35100,after
secret_dependent_routine,382156848378800,382156848420600,41800,after
secret_dependent_routine,382156848422400,382156848464400,42000,after
secret_dependent_routine,382156848466000,382156848499700,33700,after
secret_dependent_routine,382156848501000,382156848534700,33700,after
secret_dependent_routine,382156848536000,382156848569700,33700,after
secret_dependent_routine,382156848570900,382156848605000,34100,after
secret_dependent_routine,382156848606200,382156848639800,33600,after
secret_dependent_routine,382156848641000,382156848674800,33800,after
secret_dependent_routine,382156848676000,382156848709500,33500,after
secret_dependent_routine,382156848710700,382156848744500,33800,after
secret_dependent_routine,382156848745700,382156848779200,33500,after
secret_dependent_routine,382156848782100,382156848817900,35800,after
secret_dependent_routine,382156848819400,382156848855400,36000,after
secret_dependent_routine,382156848856600,382156848892300,35700,after
secret_dependent_routine,382156848893500,382156848928900,35400,after
secret_dependent_routine,382156848930200,382156848965900,35700,after
secret_dependent_routine,382156848967100,382156849002400,35300,after
secret_dependent_routine,382156849003600,382156849039600,36000,after
secret_dependent_routine,382156849040900,382156849076700,35800,after
secret_dependent_routine,382156849078000,382156849113300,35300,after
secret_dependent_routine,382156849114600,382156849149700,35100,after
secret_dependent_routine,382156849150900,382156849186300,35400,after
secret_dependent_routine,382156849187700,382156849223300,35600,after
secret_dependent_routine,382156849224600,382156849260200,35600,after
secret_dependent_routine,382156849261400,382156849296800,35400,after
secret_dependent_routine,382156849298000,382156849333800,35800,after
secret_dependent_routine,382156849335300,382156849370600,35300,after
secret_dependent_routine,382156849371800,382156849407000,35200,after
secret_dependent_routine,382156849408300,382156849443700,35400,after
secret_dependent_routine,382156849444900,382156849480100,35200,after
secret_dependent_routine,382156849481400,382156849516600,35200,after
secret_dependent_routine,382156849517900,382156849553400,35500,after
secret_dependent_routine,382156849554800,382156849589700,34900,after
secret_dependent_routine,382156849590900,382156849626100,35200,after
secret_dependent_routine,382156849627400,382156849663500,36100,after
secret_dependent_routine,382156849664700,382156849700800,36100,after
secret_dependent_routine,382156849702100,382156849737800,35700,after
secret_dependent_routine,382156849739100,382156849775000,35900,after
secret_dependent_routine,382156849776200,382156849812800,36600,after
secret_dependent_routine,382156849814000,382156849849400,35400,after
secret_dependent_routine,382156849850700,382156849885300,34600,after
secret_dependent_routine,382156849886500,382156849921000,34500,after
secret_dependent_routine,382156849922200,382156849967600,45400,after
secret_dependent_routine,382156849969000,382156850001100,32100,after
secret_dependent_routine,382156850002400,382156850034600,32200,after
secret_dependent_routine,382156850035800,382156850067700,31900,after
secret_dependent_routine,382156850068900,382156850101300,32400,after
secret_dependent_routine,382156850102600,382156850134900,32300,after
secret_dependent_routine,382156850136200,382156850168900,32700,after
secret_dependent_routine,382156850170100,382156850202400,32300,after
secret_dependent_routine,382156850203700,382156850235500,31800,after
secret_dependent_routine,382156850236700,382156850273600,36900,after
secret_dependent_routine,382156850275300,382156850308400,33100,after
secret_dependent_routine,382156850311000,382156850346100,35100,after
secret_dependent_routine,382156850347400,382156850382500,35100,after
secret_dependent_routine,382156850383600,382156850418900,35300,after
secret_dependent_routine,382156850420100,382156850454800,34700,after
secret_dependent_routine,382156850456000,382156850490700,34700,after
secret_dependent_routine,382156850491900,382156850526900,35000,after
secret_dependent_routine,382156850528100,382156850563400,35300,after
secret_dependent_routine,382156850564600,382156850598700,34100,after
secret_dependent_routine,382156850599800,382156850634300,34500,after
secret_dependent_routine,382156850635500,382156850670100,34600,after
secret_dependent_routine,382156850671500,382156850706400,34900,after
secret_dependent_routine,382156850707500,382156850743700,36200,after
secret_dependent_routine,382156850744800,382156850779200,34400,after
secret_dependent_routine,382156850780400,382156850815000,34600,after
secret_dependent_routine,382156850816200,382156850850900,34700,after
secret_dependent_routine,382156850852100,382156850887000,34900,after
secret_dependent_routine,382156850888200,382156850922900,34700,after
secret_dependent_routine,382156850924100,382156850961900,37800,after
secret_dependent_routine,382156850963200,382156850995500,32300,after
secret_dependent_routine,382156850996900,382156851029700,32800,after
secret_dependent_routine,382156851030900,382156851063300,32400,after
secret_dependent_routine,382156851064500,382156851097300,32800,after
secret_dependent_routine,382156851098400,382156851131000,32600,after
secret_dependent_routine,382156851132200,382156851164200,32000,after
secret_dependent_routine,382156851165300,382156851197600,32300,after
secret_dependent_routine,382156851198800,382156851231100,32300,after
secret_dependent_routine,382156851232300,382156851265200,32900,after
secret_dependent_routine,382156851266400,382156851298800,32400,after
secret_dependent_routine,382156851300000,382156851332300,32300,after
secret_dependent_routine,382156851333400,382156851366300,32900,after
secret_dependent_routine,382156851367400,382156851399800,32400,after
secret_dependent_routine,382156851401000,382156851434600,33600,after
secret_dependent_routine,382156851435700,382156851467700,32000,after
secret_dependent_routine,382156851468900,382156851501600,32700,after
secret_dependent_routine,382156851502700,382156851534300,31600,after
secret_dependent_routine,382156851535500,382156851568400,32900,after
secret_dependent_routine,382156851569700,382156851602100,32400,after
secret_dependent_routine,382156851603300,382156851636200,32900,after
secret_dependent_routine,382156851637400,382156851669900,32500,after
secret_dependent_routine,382156851671100,382156851704000,32900,after
secret_dependent_routine,382156851705200,382156851737500,32300,after
secret_dependent_routine,382156851738700,382156851771700,33000,after
secret_dependent_routine,382156851774000,382156851808600,34600,after
secret_dependent_routine,382156851809800,382156851843900,34100,after
secret_dependent_routine,382156851845100,382156851879500,34400,after
secret_dependent_routine,382156851880700,382156851914600,33900,after
secret_dependent_routine,382156851917300,382156851956000,38700,after
secret_dependent_routine,382156851957300,382156851989700,32400,after
secret_dependent_routine,382156851990900,382156852023700,32800,after
secret_dependent_routine,382156852024900,382156852057900,33000,after
secret_dependent_routine,382156852059100,382156852091800,32700,after
secret_dependent_routine,382156852093100,382156852125500,32400,after
secret_dependent_routine,382156852126800,382156852159200,32400,after
secret_dependent_routine,382156852160600,382156852193300,32700,after
secret_dependent_routine,382156852194500,382156852226800,32300,after
secret_dependent_routine,382156852228100,382156852260600,32500,after
secret_dependent_routine,382156852261800,382156852297400,35600,after
secret_dependent_routine,382156852299100,382156852331900,32800,after
secret_dependent_routine,382156852333100,382156852365600,32500,after
secret_dependent_routine,382156852367000,382156852399600,32600,after
secret_dependent_routine,382156852400900,382156852433200,32300,after
secret_dependent_routine,382156852434400,382156852466200,31800,after
secret_dependent_routine,382156852467400,382156852499200,31800,after
secret_dependent_routine,382156852500500,382156852532400,31900,after
secret_dependent_routine,382156852533600,382156852565700,32100,after
secret_dependent_routine,382156852566900,382156852599300,32400,after
secret_dependent_routine,382156852600500,382156852632200,31700,after
secret_dependent_routine,382156852633500,382156852665500,32000,after
secret_dependent_routine,382156852666600,382156852699300,32700,after
secret_dependent_routine,382156852700600,382156852733200,32600,after
secret_dependent_routine,382156852734300,382156852766600,32300,after
secret_dependent_routine,382156852767900,382156852800200,32300,after
secret_dependent_routine,382156852802000,382156852834100,32100,after
secret_dependent_routine,382156852835200,382156852867900,32700,after
secret_dependent_routine,382156852869200,382156852902700,33500,after
secret_dependent_routine,382156852904200,382156852936700,32500,after
secret_dependent_routine,382156852938300,382156852982900,44600,after
secret_dependent_routine,382156852984300,382156853018700,34400,after
secret_dependent_routine,382156853020000,382156853053500,33500,after
secret_dependent_routine,382156853054700,382156853088600,33900,after
secret_dependent_routine,382156853089800,382156853124000,34200,after
secret_dependent_routine,382156853125300,382156853160400,35100,after
secret_dependent_routine,382156853162800,382156853195100,32300,after
secret_dependent_routine,382156853196300,382156853230300,34000,after
secret_dependent_routine,382156853231600,382156853263800,32200,after
secret_dependent_routine,382156853266200,382156853298400,32200,after
secret_dependent_routine,382156853299600,382156853332600,33000,after
secret_dependent_routine,382156853333900,382156853367100,33200,after
secret_dependent_routine,382156853368300,382156853401000,32700,after
secret_dependent_routine,382156853402400,382156853435000,32600,after
secret_dependent_routine,382156853436300,382156853469000,32700,after
secret_dependent_routine,382156853470200,382156853502600,32400,after
secret_dependent_routine,382156853503700,382156853536200,32500,after
secret_dependent_routine,382156853537500,382156853569800,32300,after
secret_dependent_routine,382156853571000,382156853603400,32400,after
secret_dependent_routine,382156853604600,382156853637100,32500,after
secret_dependent_routine,382156853638300,382156853670300,32000,after
secret_dependent_routine,382156853671500,382156853703800,32300,after
secret_dependent_routine,382156853705000,382156853737200,32200,after
secret_dependent_routine,382156853738400,382156853770800,32400,after
secret_dependent_routine,382156853772000,382156853804800,32800,after
secret_dependent_routine,382156853806100,382156853838400,32300,after
secret_dependent_routine,382156853839600,382156853872800,33200,after
secret_dependent_routine,382156853874100,382156853906700,32600,after
secret_dependent_routine,382156853907900,382156853940100,32200,after
secret_dependent_routine,382156853941300,382156854151200,209900,after
secret_dependent_routine,382156854227200,382156854307700,80500,after
secret_dependent_routine,382156854314300,382156854387600,73300,after
secret_dependent_routine,382156854391800,382156854466100,74300,after
secret_dependent_routine,382156854469600,382156854545600,76000,after
secret_dependent_routine,382156854549300,382156854622100,72800,after
secret_dependent_routine,382156854626000,382156854708200,82200,after
secret_dependent_routine,382156854711800,382156854779900,68100,after
secret_dependent_routine,382156854782700,382156854856300,73600,after
secret_dependent_routine,382156854859700,382156854927700,68000,after
secret_dependent_routine,382156854931100,382156854996000,64900,after
secret_dependent_routine,382156854998700,382156855073300,74600,after
secret_dependent_routine,382156855076700,382156855160600,83900,after
secret_dependent_routine,382156855168900,382156855244400,75500,after
secret_dependent_routine,382156855250400,382156855325700,75300,after
secret_dependent_routine,382156855331700,382156855404900,73200,after
secret_dependent_routine,382156855409000,382156855483300,74300,after
secret_dependent_routine,382156855488100,382156855558000,69900,after
secret_dependent_routine,382156855560900,382156855621800,60900,after
secret_dependent_routine,382156855624600,382156855683100,58500,after
secret_dependent_routine,382156855685800,382156855744300,58500,after
secret_dependent_routine,382156855748200,382156855808300,60100,after
secret_dependent_routine,382156855811700,382156855869200,57500,after
secret_dependent_routine,382156855876100,382156855931700,55600,after
secret_dependent_routine,382156855934200,382156855982000,47800,after
secret_dependent_routine,382156855984500,382156856040100,55600,after
secret_dependent_routine,382156856043100,382156856109500,66400,after
secret_dependent_routine,382156856112700,382156856172900,60200,after
secret_dependent_routine,382156856175600,382156856231300,55700,after
secret_dependent_routine,382156856233700,382156856288800,55100,after
secret_dependent_routine,382156856291200,382156856346200,55000,after
secret_dependent_routine,382156856348900,382156856406800,57900,after
secret_dependent_routine,382156856409000,382156856467900,58900,after
secret_dependent_routine,382156856470200,382156856530400,60200,after
secret_dependent_routine,382156856532800,382156856596900,64100,after
secret_dependent_routine,382156856599600,382156856671100,71500,after
secret_dependent_routine,382156856673900,382156856743800,69900,after
secret_dependent_routine,382156856747600,382156856812000,64400,after
secret_dependent_routine,382156856814100,382156856874800,60700,after
secret_dependent_routine,382156856877400,382156856937200,59800,after
secret_dependent_routine,382156856939300,382156856999000,59700,after
secret_dependent_routine,382156857001600,382156857065200,63600,after
secret_dependent_routine,382156857067500,382156857127000,59500,after
secret_dependent_routine,382156857129300,382156857187800,58500,after
secret_dependent_routine,382156857190200,382156857248900,58700,after
secret_dependent_routine,382156857251300,382156857310300,59000,after
secret_dependent_routine,382156857312700,382156857370000,57300,after
secret_dependent_routine,382156857372300,382156857429800,57500,after
secret_dependent_routine,382156857432100,382156857499600,67500,after
secret_dependent_routine,382156857501800,382156857562500,60700,after
secret_dependent_routine,382156857574200,382156857643500,69300,after
secret_dependent_routine,382156857646400,382156857708700,62300,after
secret_dependent_routine,382156857710900,382156857768400,57500,after
secret_dependent_routine,382156857770600,382156857831300,60700,after
secret_dependent_routine,382156857833200,382156857890600,57400,after
secret_dependent_routine,382156857892500,382156857947400,54900,after
secret_dependent_routine,382156857950100,382156857999700,49600,after
secret_dependent_routine,382156858002000,382156858054800,52800,after
secret_dependent_routine,382156858057300,382156858121900,64600,after
secret_dependent_routine,382156858126300,382156858179900,53600,after
secret_dependent_routine,382156858182400,382156858237200,54800,after
secret_dependent_routine,382156858239200,382156858292800,53600,after
secret_dependent_routine,382156858294800,382156858348600,53800,after
secret_dependent_routine,382156858350700,382156858403800,53100,after
secret_dependent_routine,382156858405900,382156858460500,54600,after
secret_dependent_routine,382156858466000,382156858523100,57100,after
secret_dependent_routine,382156858525400,382156858581700,56300,after
secret_dependent_routine,382156858585800,382156858651900,66100,after
secret_dependent_routine,382156858654600,382156858709300,54700,after
secret_dependent_routine,382156858711300,382156858764700,53400,after
secret_dependent_routine,382156858766800,382156858819000,52200,after
secret_dependent_routine,382156858821400,382156858875500,54100,after
secret_dependent_routine,382156858877700,382156858930800,53100,after
secret_dependent_routine,382156858932900,382156858985700,52800,after
secret_dependent_routine,382156858988400,382156859040700,52300,after
secret_dependent_routine,382156859043000,382156859098600,55600,after
secret_dependent_routine,382156859101200,382156859156100,54900,after
secret_dependent_routine,382156859248200,382156859304300,56100,after
secret_dependent_routine,382156859307400,382156859361100,53700,after
secret_dependent_routine,382156859363700,382156859417700,54000,after
secret_dependent_routine,382156859419800,382156859474700,54900,after
secret_dependent_routine,382156859478700,382156859540100,61400,after
secret_dependent_routine,382156859542100,382156859604900,62800,after
secret_dependent_routine,382156859607100,382156859667700,60600,after
secret_dependent_routine,382156859669800,382156859720900,51100,after
secret_dependent_routine,382156859723400,382156859774300,50900,after
secret_dependent_routine,382156859780100,382156859833200,53100,after
secret_dependent_routine,382156859835900,382156859887400,51500,after
secret_dependent_routine,382156859889800,382156859943000,53200,after
secret_dependent_routine,382156859945500,382156859999000,53500,after
secret_dependent_routine,382156860001000,382156860055500,54500,after
secret_dependent_routine,382156860057700,382156860119900,62200,after
secret_dependent_routine,382156860122200,382156860174600,52400,after
secret_dependent_routine,382156860176600,382156860229200,52600,after
secret_dependent_routine,382156860231300,382156860284800,53500,after
secret_dependent_routine,382156860286700,382156860340000,53300,after
secret_dependent_routine,382156860342100,382156860396700,54600,after
secret_dependent_routine,382156860398800,382156860451600,52800,after
secret_dependent_routine,382156860453600,382156860513600,60000,after
secret_dependent_routine,382156860515900,382156860581700,65800,after
secret_dependent_routine,382156860584100,382156860656800,72700,after
secret_dependent_routine,382156860658700,382156860716100,57400,after
secret_dependent_routine,382156860718100,382156860775900,57800,after
secret_dependent_routine,382156860778000,382156860836300,58300,after
secret_dependent_routine,382156860838500,382156860896400,57900,after
secret_dependent_routine,382156860898900,382156860958200,59300,after
secret_dependent_routine,382156860960500,382156861019700,59200,after
secret_dependent_routine,382156861025400,382156861083000,57600,after
secret_dependent_routine,382156861085600,382156861144200,58600,after
secret_dependent_routine,382156861150500,382156861211600,61100,after
secret_dependent_routine,382156861213900,382156861282100,68200,after
secret_dependent_routine,382156861284900,382156861352300,67400,after
secret_dependent_routine,382156861355600,382156861425500,69900,after
secret_dependent_routine,382156861428100,382156861497000,68900,after
secret_dependent_routine,382156861500100,382156861565400,65300,after
secret_dependent_routine,382156861568300,382156861639700,71400,after
secret_dependent_routine,382156861642700,382156861713100,70400,after
secret_dependent_routine,382156861717100,382156861784900,67800,after
secret_dependent_routine,382156861788300,382156861859400,71100,after
secret_dependent_routine,382156861863100,382156861932900,69800,after
secret_dependent_routine,382156861936400,382156862007800,71400,after
secret_dependent_routine,382156862011200,382156862082000,70800,after
secret_dependent_routine,382156862089900,382156862160300,70400,after
secret_dependent_routine,382156862163100,382156862219700,56600,after
secret_dependent_routine,382156862221900,382156862277500,55600,after
secret_dependent_routine,382156862279600,382156862334800,55200,after
secret_dependent_routine,382156862336900,382156862388200,51300,after
secret_dependent_routine,382156862389900,382156862443500,53600,after
secret_dependent_routine,382156862445800,382156862506300,60500,after
secret_dependent_routine,382156862508600,382156862572000,63400,after
secret_dependent_routine,382156862574600,382156862642500,67900,after
secret_dependent_routine,382156862645900,382156862714900,69000,after
secret_dependent_routine,382156862717800,382156862785000,67200,after
secret_dependent_routine,382156862788000,382156862856600,68600,after
secret_dependent_routine,382156862859500,382156862929600,70100,after
secret_dependent_routine,382156862933600,382156863003500,69900,after
secret_dependent_routine,382156863006300,382156863077100,70800,after
secret_dependent_routine,382156863080100,382156863144200,64100,after
secret_dependent_routine,382156863146600,382156863203800,57200,after
secret_dependent_routine,382156863206000,382156863266200,60200,after
secret_dependent_routine,382156863268800,382156863328100,59300,after
secret_dependent_routine,382156863330100,382156863385600,55500,after
secret_dependent_routine,382156863387800,382156863443400,55600,after
secret_dependent_routine,382156863445500,382156863500000,54500,after
secret_dependent_routine,382156863502300,382156863557800,55500,after
secret_dependent_routine,382156863560100,382156863616300,56200,after
secret_dependent_routine,382156863618600,382156863674400,55800,after
secret_dependent_routine,382156863676500,382156863730100,53600,after
secret_dependent_routine,382156863732200,382156863786000,53800,after
secret_dependent_routine,382156863788000,382156863843200,55200,after
secret_dependent_routine,382156863848800,382156863905700,56900,after
secret_dependent_routine,382156863907800,382156863966500,58700,after
secret_dependent_routine,382156863968500,382156864023600,55100,after
secret_dependent_routine,382156864025700,382156864081700,56000,after
secret_dependent_routine,382156864084100,382156864157800,73700,after
secret_dependent_routine,382156864161300,382156864228000,66700,after
secret_dependent_routine,382156864230900,382156864300000,69100,after
secret_dependent_routine,382156864302600,382156864368900,66300,after
secret_dependent_routine,382156864375700,382156864443500,67800,after
secret_dependent_routine,382156864446300,382156864513500,67200,after
secret_dependent_routine,382156864516200,382156864588400,72200,after
secret_dependent_routine,382156864591200,382156864662200,71000,after
secret_dependent_routine,382156864664900,382156864734900,70000,after
secret_dependent_routine,382156864737100,382156864806200,69100,after
secret_dependent_routine,382156864808500,382156864875500,67000,after
secret_dependent_routine,382156864877800,382156864946100,68300,after
secret_dependent_routine,382156864948200,382156865015500,67300,after
secret_dependent_routine,382156865018100,382156865088800,70700,after
secret_dependent_routine,382156865091500,382156865162100,70600,after
secret_dependent_routine,382156865164600,382156865237300,72700,after
secret_dependent_routine,382156865240600,382156865317800,77200,after
secret_dependent_routine,382156865320200,382156865379400,59200,after
secret_dependent_routine,382156865381400,382156865437900,56500,after
secret_dependent_routine,382156865440100,382156865497100,57000,after
secret_dependent_routine,382156865499300,382156865555000,55700,after
secret_dependent_routine,382156865557000,382156865612200,55200,after
secret_dependent_routine,382156865614000,382156865671000,57000,after
secret_dependent_routine,382156865673000,382156865731500,58500,after
secret_dependent_routine,382156865733700,382156865788600,54900,after
secret_dependent_routine,382156865790800,382156865847400,56600,after
secret_dependent_routine,382156865849400,382156865907300,57900,after
secret_dependent_routine,382156865910000,382156865969500,59500,after
secret_dependent_routine,382156865971800,382156866033000,61200,after
secret_dependent_routine,382156866035500,382156866091900,56400,after
secret_dependent_routine,382156866094000,382156866159300,65300,after
secret_dependent_routine,382156866162200,382156866219500,57300,after
secret_dependent_routine,382156866221600,382156866280100,58500,after
secret_dependent_routine,382156866282100,382156866340800,58700,after
secret_dependent_routine,382156866342700,382156866398600,55900,after
secret_dependent_routine,382156866400700,382156866456900,56200,after
secret_dependent_routine,382156866458800,382156866514500,55700,after
secret_dependent_routine,382156866516500,382156866572400,55900,after
secret_dependent_routine,382156866574700,382156866631100,56400,after
secret_dependent_routine,382156866636500,382156866693700,57200,after
secret_dependent_routine,382156866695800,382156866757700,61900,after
secret_dependent_routine,382156866761400,382156866830200,68800,after
secret_dependent_routine,382156866832600,382156866907200,74600,after
secret_dependent_routine,382156866909400,382156866981300,71900,after
secret_dependent_routine,382156866983500,382156867051600,68100,after
secret_dependent_routine,382156867054000,382156867125700,71700,after
secret_dependent_routine,382156867128500,382156867199900,71400,after
secret_dependent_routine,382156867202500,382156867273700,71200,after
secret_dependent_routine,382156867276600,382156867347700,71100,after
secret_dependent_routine,382156867353400,382156867410100,56700,after
secret_dependent_routine,382156867412200,382156867467300,55100,after
secret_dependent_routine,382156867469300,382156867524900,55600,after
secret_dependent_routine,382156867527000,382156867581700,54700,after
secret_dependent_routine,382156867584500,382156867642100,57600,after
secret_dependent_routine,382156867644300,382156867697200,52900,after
secret_dependent_routine,382156867699300,382156867755500,56200,after
secret_dependent_routine,382156867757700,382156867814400,56700,after
secret_dependent_routine,382156867816300,382156867873500,57200,after
secret_dependent_routine,382156867875600,382156867939700,64100,after
secret_dependent_routine,382156867942100,382156868013000,70900,after
secret_dependent_routine,382156868015500,382156868081400,65900,after
secret_dependent_routine,382156868083400,382156868163200,79800,after
secret_dependent_routine,382156868169400,382156868250000,80600,after
secret_dependent_routine,382156868252700,382156868315300,62600,after
secret_dependent_routine,382156868317800,382156868368300,50500,after
secret_dependent_routine,382156868369900,382156868418700,48800,after
secret_dependent_routine,382156868420600,382156868478100,57500,after
secret_dependent_routine,382156868480600,382156868536400,55800,after
secret_dependent_routine,382156868538500,382156868594800,56300,after
secret_dependent_routine,382156868596800,382156868652500,55700,after
secret_dependent_routine,382156868654300,382156868713300,59000,after
secret_dependent_routine,382156868715300,382156868770200,54900,after
secret_dependent_routine,382156868772100,382156868827600,55500,after
secret_dependent_routine,382156868829500,382156868890000,60500,after
secret_dependent_routine,382156868892300,382156868951100,58800,after
secret_dependent_routine,382156868953400,382156869022900,69500,after
secret_dependent_routine,382156869028000,382156869084600,56600,after
secret_dependent_routine,382156869089600,382156869146800,57200,after
secret_dependent_routine,382156869149200,382156869207200,58000,after
secret_dependent_routine,382156869209400,382156869264700,55300,after
secret_dependent_routine,382156869266800,382156869313700,46900,after
secret_dependent_routine,382156869317900,382156869375800,57900,after
secret_dependent_routine,382156869377700,382156869433500,55800,after
secret_dependent_routine,382156869435300,382156869491400,56100,after
secret_dependent_routine,382156869493200,382156869549200,56000,after
secret_dependent_routine,382156869550900,382156869601500,50600,after
secret_dependent_routine,382156869603200,382156869648400,45200,after
secret_dependent_routine,382156869650200,382156869702500,52300,after
secret_dependent_routine,382156869704500,382156869756200,51700,after
secret_dependent_routine,382156869758200,382156869807000,48800,after
secret_dependent_routine,382156869809000,382156869868800,59800,after
secret_dependent_routine,382156869871000,382156869931100,60100,after
secret_dependent_routine,382156869933400,382156869998700,65300,after
secret_dependent_routine,382156870001200,382156870217800,216600,after
secret_dependent_routine,382156870228300,382156870318100,89800,after
secret_dependent_routine,382156870322500,382156870411300,88800,after
secret_dependent_routine,382156870415300,382156870503500,88200,after
secret_dependent_routine,382156870506800,382156870598900,92100,after
secret_dependent_routine,382156870602100,382156870690800,88700,after
secret_dependent_routine,382156870694100,382156870779500,85400,after
secret_dependent_routine,382156870783500,382156870867000,83500,after
secret_dependent_routine,382156870870200,382156870954700,84500,after
secret_dependent_routine,382156870957400,382156871036400,79000,after
secret_dependent_routine,382156871038800,382156871099800,61000,after
secret_dependent_routine,382156871101600,382156871159400,57800,after
secret_dependent_routine,382156871161400,382156871218000,56600,after
secret_dependent_routine,382156871220300,382156871279000,58700,after
secret_dependent_routine,382156871281300,382156871341200,59900,after
secret_dependent_routine,382156871343400,382156871399800,56400,after
secret_dependent_routine,382156871401700,382156871460700,59000,after
secret_dependent_routine,382156871463100,382156871522000,58900,after
secret_dependent_routine,382156871525300,382156871585000,59700,after
secret_dependent_routine,382156871587800,382156871652600,64800,after
secret_dependent_routine,382156871657000,382156871726100,69100,after
secret_dependent_routine,382156871729200,382156871807300,78100,after
secret_dependent_routine,382156871810700,382156871874000,63300,after
secret_dependent_routine,382156871876100,382156871942500,66400,after
secret_dependent_routine,382156871945100,382156872017900,72800,after
secret_dependent_routine,382156872020500,382156872091500,71000,after
secret_dependent_routine,382156872094300,382156872162700,68400,after
secret_dependent_routine,382156872164800,382156872223000,58200,after
secret_dependent_routine,382156872224900,382156872281800,56900,after
secret_dependent_routine,382156872283700,382156872352600,68900,after
secret_dependent_routine,382156872360100,382156872426200,66100,after
secret_dependent_routine,382156872431800,382156872489100,57300,after
secret_dependent_routine,382156872491200,382156872545500,54300,after
secret_dependent_routine,382156872547200,382156872594200,47000,after
secret_dependent_routine,382156872596500,382156872651000,54500,after
secret_dependent_routine,382156872653000,382156872707500,54500,after
secret_dependent_routine,382156872709500,382156872763000,53500,after
secret_dependent_routine,382156872765100,382156872818700,53600,after
secret_dependent_routine,382156872821100,382156872876100,55000,after
secret_dependent_routine,382156872878100,382156872934100,56000,after
secret_dependent_routine,382156872936100,382156872990800,54700,after
secret_dependent_routine,382156872993000,382156873048800,55800,after
secret_dependent_routine,382156873050800,382156873105800,55000,after
secret_dependent_routine,382156873107700,382156873166800,59100,after
secret_dependent_routine,382156873168900,382156873226000,57100,after
secret_dependent_routine,382156873227800,382156873283100,55300,after
secret_dependent_routine,382156873285100,382156873347400,62300,after
secret_dependent_routine,382156873349600,382156873415700,66100,after
secret_dependent_routine,382156873418600,382156873491300,72700,after
secret_dependent_routine,382156873493600,382156873554100,60500,after
secret_dependent_routine,382156873556400,382156873619200,62800,after
secret_dependent_routine,382156873621200,382156873682700,61500,after
secret_dependent_routine,382156873685200,382156873747300,62100,after
secret_dependent_routine,382156873749400,382156873819300,69900,after
secret_dependent_routine,382156873822100,382156873883400,61300,after
secret_dependent_routine,382156873885500,382156873949200,63700,after
secret_dependent_routine,382156873955300,382156874019600,64300,after
secret_dependent_routine,382156874022300,382156874094900,72600,after
secret_dependent_routine,382156874097600,382156874162100,64500,after
secret_dependent_routine,382156874164300,382156874221600,57300,after
secret_dependent_routine,382156874223600,382156874280800,57200,after
secret_dependent_routine,382156874283000,382156874338900,55900,after
secret_dependent_routine,382156874341200,382156874406800,65600,after
secret_dependent_routine,382156874409000,382156874474800,65800,after
secret_dependent_routine,382156874477100,382156874546800,69700,after
secret_dependent_routine,382156874549000,382156874618200,69200,after
secret_dependent_routine,382156874621000,382156874690900,69900,after
secret_dependent_routine,382156874693300,382156874763000,69700,after
secret_dependent_routine,382156874765500,382156874827900,62400,after
secret_dependent_routine,382156874829800,382156874886300,56500,after
secret_dependent_routine,382156874888400,382156874957700,69300,after
secret_dependent_routine,382156874960200,382156875031700,71500,after
secret_dependent_routine,382156875034200,382156875102900,68700,after
secret_dependent_routine,382156875108300,382156875176800,68500,after
secret_dependent_routine,382156875179000,382156875251300,72300,after
secret_dependent_routine,382156875253900,382156875326500,72600,after
secret_dependent_routine,382156875329000,382156875399200,70200,after
secret_dependent_routine,382156875401500,382156875471500,70000,after
secret_dependent_routine,382156875474000,382156875545800,71800,after
secret_dependent_routine,382156875548200,382156875618600,70400,after
secret_dependent_routine,382156875620900,382156875691600,70700,after
secret_dependent_routine,382156875694100,382156875764300,70200,after
secret_dependent_routine,382156875766600,382156875851000,84400,after
secret_dependent_routine,382156875854400,382156875927400,73000,after
secret_dependent_routine,382156875930200,382156875998000,67800,after
secret_dependent_routine,382156876000100,382156876058000,57900,after
secret_dependent_routine,382156876060100,382156876131500,71400,after
secret_dependent_routine,382156876134100,382156876199100,65000,after
secret_dependent_routine,382156876201100,382156876259300,58200,after
secret_dependent_routine,382156876261400,382156876316000,54600,after
secret_dependent_routine,382156876317900,382156876376100,58200,after
secret_dependent_routine,382156876377900,382156876433700,55800,after
secret_dependent_routine,382156876435500,382156876491400,55900,after
secret_dependent_routine,382156876496700,382156876551800,55100,after
secret_dependent_routine,382156876553800,382156876611400,57600,after
secret_dependent_routine,382156876613400,382156876668100,54700,after
secret_dependent_routine,382156876670300,382156876726200,55900,after
secret_dependent_routine,382156876728300,382156876781400,53100,after
secret_dependent_routine,382156876783600,382156876841800,58200,after
secret_dependent_routine,382156876843700,382156876905600,61900,after
secret_dependent_routine,382156876908000,382156876973400,65400,after
secret_dependent_routine,382156876975600,382156877041000,65400,after
secret_dependent_routine,382156877043200,382156877110900,67700,after
secret_dependent_routine,382156877113200,382156877188000,74800,after
secret_dependent_routine,382156877191400,382156877328600,137200,after
secret_dependent_routine,382156877367300,382156877454400,87100,after
secret_dependent_routine,382156877458000,382156877536900,78900,after
secret_dependent_routine,382156877539700,382156877618600,78900,after
secret_dependent_routine,382156877622200,382156877683000,60800,after
secret_dependent_routine,382156877685600,382156877748500,62900,after
secret_dependent_routine,382156877750700,382156877824300,73600,after
secret_dependent_routine,382156877827100,382156877894100,67000,after
secret_dependent_routine,382156877897900,382156877971000,73100,after
secret_dependent_routine,382156877973800,382156878045100,71300,after
secret_dependent_routine,382156878047600,382156878118100,70500,after
secret_dependent_routine,382156878120900,382156878189400,68500,after
secret_dependent_routine,382156878196300,382156878265800,69500,after
secret_dependent_routine,382156878268700,382156878338800,70100,after
secret_dependent_routine,382156878341300,382156878409900,68600,after
secret_dependent_routine,382156878412300,382156878500500,88200,after
secret_dependent_routine,382156878503100,382156878571500,68400,after
secret_dependent_routine,382156878574200,382156878644700,70500,after
secret_dependent_routine,382156878648100,382156878723700,75600,after
secret_dependent_routine,382156878731600,382156878790900,59300,after
secret_dependent_routine,382156878793500,382156878849800,56300,after
secret_dependent_routine,382156878852300,382156878904600,52300,after
secret_dependent_routine,382156878907000,382156878960300,53300,after
secret_dependent_routine,382156878962600,382156879016300,53700,after
secret_dependent_routine,382156879018400,382156879073100,54700,after
secret_dependent_routine,382156879082700,382156879142300,59600,after
secret_dependent_routine,382156879144700,382156879211600,66900,after
secret_dependent_routine,382156879214000,382156879281000,67000,after
secret_dependent_routine,382156879283200,382156879372500,89300,after
secret_dependent_routine,382156879375300,382156879454000,78700,after
secret_dependent_routine,382156879460600,382156879537600,77000,after
secret_dependent_routine,382156879540800,382156879620500,79700,after
secret_dependent_routine,382156879623700,382156879697800,74100,after
secret_dependent_routine,382156879700500,382156879811200,110700,after
secret_dependent_routine,382156879814600,382156879885600,71000,after
secret_dependent_routine,382156879888100,382156879959400,71300,after
secret_dependent_routine,382156879962000,382156880038800,76800,after
secret_dependent_routine,382156880041900,382156880113400,71500,after
secret_dependent_routine,382156880116400,382156880188600,72200,after
secret_dependent_routine,382156880193600,382156880257900,64300,after
secret_dependent_routine,382156880260100,382156880322800,62700,after
secret_dependent_routine,382156880324800,382156880380700,55900,after
secret_dependent_routine,382156880391400,382156880458100,66700,after
secret_dependent_routine,382156880460600,382156880532200,71600,after
secret_dependent_routine,382156880534600,382156880617300,82700,after
secret_dependent_routine,382156880619800,382156880689700,69900,after
secret_dependent_routine,382156880692300,382156880764900,72600,after
secret_dependent_routine,382156880767900,382156880841300,73400,after
secret_dependent_routine,382156880844100,382156880913900,69800,after
secret_dependent_routine,382156880916100,382156880980500,64400,after
secret_dependent_routine,382156880985600,382156881054800,69200,after
secret_dependent_routine,382156881057400,382156881124800,67400,after
secret_dependent_routine,382156881127200,382156881191800,64600,after
secret_dependent_routine,382156881194200,382156881260000,65800,after
secret_dependent_routine,382156881266500,382156881328800,62300,after
secret_dependent_routine,382156881331200,382156881391200,60000,after
secret_dependent_routine,382156881393300,382156881454700,61400,after
secret_dependent_routine,382156881456800,382156881512500,55700,after
secret_dependent_routine,382156881514700,382156881573800,59100,after
secret_dependent_routine,382156881576400,382156881634600,58200,after
secret_dependent_routine,382156881636800,382156881692200,55400,after
secret_dependent_routine,382156881696800,382156881753000,56200,after
secret_dependent_routine,382156881754700,382156881821600,66900,after
secret_dependent_routine,382156881823900,382156881873600,49700,after
secret_dependent_routine,382156881875400,382156881927700,52300,after
secret_dependent_routine,382156881929800,382156881981100,51300,after
secret_dependent_routine,382156881983200,382156882036900,53700,after
secret_dependent_routine,382156882038900,382156882096800,57900,after
secret_dependent_routine,382156882098900,382156882159400,60500,after
secret_dependent_routine,382156882161700,382156882223900,62200,after
secret_dependent_routine,382156882229200,382156882281700,52500,after
secret_dependent_routine,382156882283500,382156882334400,50900,after
secret_dependent_routine,382156882336200,382156882388000,51800,after
secret_dependent_routine,382156882390200,382156882444100,53900,after
secret_dependent_routine,382156882446500,382156882500500,54000,after
secret_dependent_routine,382156882502900,382156882558500,55600,after
secret_dependent_routine,382156882560700,382156882613200,52500,after
secret_dependent_routine,382156882615600,382156882670200,54600,after
secret_dependent_routine,382156882672600,382156882727800,55200,after
secret_dependent_routine,382156882730100,382156882785200,55100,after
secret_dependent_routine,382156882787200,382156882840900,53700,after
secret_dependent_routine,382156882842800,382156882897100,54300,after
secret_dependent_routine,382156882898800,382156882952700,53900,after
secret_dependent_routine,382156882954500,382156883005200,50700,after
secret_dependent_routine,382156883007000,382156883060000,53000,after
secret_dependent_routine,382156883061900,382156883119500,57600,after
secret_dependent_routine,382156883121700,382156883175600,53900,after
secret_dependent_routine,382156883177700,382156883229100,51400,after
secret_dependent_routine,382156883231100,382156883282600,51500,after
secret_dependent_routine,382156883284500,382156883336400,51900,after
secret_dependent_routine,382156883338900,382156883392000,53100,after
secret_dependent_routine,382156883394100,382156883447600,53500,after
secret_dependent_routine,382156883449400,382156883501900,52500,after
secret_dependent_routine,382156883503700,382156883556200,52500,after
secret_dependent_routine,382156883558200,382156883610600,52400,after
secret_dependent_routine,382156883613000,382156883666200,53200,after
secret_dependent_routine,382156883684100,382156883744000,59900,after
secret_dependent_routine,382156883748100,382156883819500,71400,after
secret_dependent_routine,382156883823300,382156884912900,1089600,after
secret_dependent_routine,382156884915000,382156884947600,32600,after
secret_dependent_routine,382156884950100,382156884989900,39800,after
secret_dependent_routine,382156884992000,382156885026600,34600,after
secret_dependent_routine,382156885027900,382156885060500,32600,after
secret_dependent_routine,382156885061700,382156885094200,32500,after
secret_dependent_routine,382156885095300,382156885128800,33500,after
secret_dependent_routine,382156885130100,382156885163900,33800,after
secret_dependent_routine,382156885165100,382156885198700,33600,after
secret_dependent_routine,382156885200400,382156885235200,34800,after
secret_dependent_routine,382156885236500,382156885271500,35000,after
secret_dependent_routine,382156885272800,382156885308800,36000,after
secret_dependent_routine,382156885310100,382156885345100,35000,after
secret_dependent_routine,382156885346300,382156885381600,35300,after
secret_dependent_routine,382156885383000,382156885420100,37100,after
secret_dependent_routine,382156885421400,382156885454700,33300,after
secret_dependent_routine,382156885455800,382156885487000,31200,after
secret_dependent_routine,382156885488100,382156885516000,27900,after
secret_dependent_routine,382156885517000,382156885546000,29000,after
secret_dependent_routine,382156885547100,382156885574300,27200,after
secret_dependent_routine,382156885575300,382156885602700,27400,after
secret_dependent_routine,382156885603700,382156885631200,27500,after
secret_dependent_routine,382156885632200,382156885660000,27800,after
secret_dependent_routine,382156885661000,382156885688800,27800,after
secret_dependent_routine,382156885689800,382156885717200,27400,after
secret_dependent_routine,382156885718100,382156885745800,27700,after
secret_dependent_routine,382156885746700,382156885774900,28200,after
secret_dependent_routine,382156885775900,382156885803600,27700,after
secret_dependent_routine,382156885804500,382156885837400,32900,after
secret_dependent_routine,382156885838800,382156885866300,27500,after
secret_dependent_routine,382156885867300,382156885896000,28700,after
secret_dependent_routine,382156885897100,382156885924400,27300,after
secret_dependent_routine,382156885925400,382156885952600,27200,after
secret_dependent_routine,382156885953500,382156885980400,26900,after
secret_dependent_routine,382156885981300,382156886008300,27000,after
secret_dependent_routine,382156886009300,382156886039700,30400,after
secret_dependent_routine,382156886042000,382156886073300,31300,after
secret_dependent_routine,382156886074400,382156886106600,32200,after
secret_dependent_routine,382156886109700,382156886144500,34800,after
secret_dependent_routine,382156886145700,382156886181400,35700,after
secret_dependent_routine,382156886182600,382156886566100,383500,after
secret_dependent_routine,382156886585300,382156886650200,64900,after
secret_dependent_routine,382156886653800,382156886733200,79400,after
secret_dependent_routine,382156886736700,382156886810100,73400,after
secret_dependent_routine,382156886817500,382156886889300,71800,after
secret_dependent_routine,382156886892400,382156886972600,80200,after
secret_dependent_routine,382156886975700,382156887186800,211100,after
secret_dependent_routine,382156887195500,382156887268500,73000,after
secret_dependent_routine,382156887272300,382156887331300,59000,after
secret_dependent_routine,382156887333900,382156887390000,56100,after
secret_dependent_routine,382156887392300,382156887456200,63900,after
secret_dependent_routine,382156887459000,382156887512600,53600,after
secret_dependent_routine,382156887514900,382156887560800,45900,after
secret_dependent_routine,382156887562600,382156887598300,35700,after
secret_dependent_routine,382156887599800,382156887635000,35200,after
secret_dependent_routine,382156887636100,382156887665900,29800,after
secret_dependent_routine,382156887667000,382156887696800,29800,after
secret_dependent_routine,382156887697800,382156887724700,26900,after
secret_dependent_routine,382156887725700,382156887753000,27300,after
secret_dependent_routine,382156887754000,382156887781100,27100,after
secret_dependent_routine,382156887782000,382156887809700,27700,after
secret_dependent_routine,382156887810800,382156887838100,27300,after
secret_dependent_routine,382156887839200,382156887869600,30400,after
secret_dependent_routine,382156887870700,382156887900600,29900,after
secret_dependent_routine,382156887901700,382156887932000,30300,after
secret_dependent_routine,382156887937000,382156887980300,43300,after
secret_dependent_routine,382156887982100,382156888016800,34700,after
secret_dependent_routine,382156888018000,382156888048800,30800,after
secret_dependent_routine,382156888050000,382156888077800,27800,after
secret_dependent_routine,382156888078900,382156888107200,28300,after
secret_dependent_routine,382156888108300,382156888135800,27500,after
secret_dependent_routine,382156888136800,382156888164800,28000,after
secret_dependent_routine,382156888176300,382156888206400,30100,after
secret_dependent_routine,382156888207700,382156888238900,31200,after
secret_dependent_routine,382156888240300,382156888268300,28000,after
secret_dependent_routine,382156888269500,382156888297600,28100,after
secret_dependent_routine,382156888298700,382156888326700,28000,after
secret_dependent_routine,382156888327700,382156888356200,28500,after
secret_dependent_routine,382156888357200,382156888385500,28300,after
secret_dependent_routine,382156888386500,382156888414400,27900,after
secret_dependent_routine,382156888415400,382156888445900,30500,after
secret_dependent_routine,382156888447000,382156888477100,30100,after
secret_dependent_routine,382156888478200,382156888509100,30900,after
secret_dependent_routine,382156888510500,382156888545300,34800,after
secret_dependent_routine,382156888546900,382156888581800,34900,after
secret_dependent_routine,382156888583100,382156888618900,35800,after
secret_dependent_routine,382156888620200,382156888656300,36100,after
secret_dependent_routine,382156888657600,382156888693800,36200,after
secret_dependent_routine,382156888695200,382156888731200,36000,after
secret_dependent_routine,382156888732500,382156888770100,37600,after
secret_dependent_routine,382156888771500,382156888806400,34900,after
secret_dependent_routine,382156888807400,382156888835000,27600,after
secret_dependent_routine,382156888836000,382156888864000,28000,after
secret_dependent_routine,382156888865000,382156888893500,28500,after
secret_dependent_routine,382156888894500,382156888922900,28400,after
secret_dependent_routine,382156888923900,382156888952300,28400,after
secret_dependent_routine,382156888953300,382156888981600,28300,after
secret_dependent_routine,382156888982700,382156889010400,27700,after
secret_dependent_routine,382156889011400,382156889038800,27400,after
secret_dependent_routine,382156889039900,382156889072700,32800,after
secret_dependent_routine,382156889073900,382156889104200,30300,after
secret_dependent_routine,382156889105400,382156889136800,31400,after
secret_dependent_routine,382156889138000,382156889174300,36300,after
secret_dependent_routine,382156889175500,382156889210600,35100,after
secret_dependent_routine,382156889211800,382156889243300,31500,after
secret_dependent_routine,382156889244300,382156889272600,28300,after
secret_dependent_routine,382156889273600,382156889301600,28000,after
secret_dependent_routine,382156889302500,382156889330200,27700,after
secret_dependent_routine,382156889331400,382156889360000,28600,after
secret_dependent_routine,382156889361000,382156889389400,28400,after
secret_dependent_routine,382156889390300,382156889418300,28000,after
secret_dependent_routine,382156889419300,382156889447500,28200,after
secret_dependent_routine,382156889448500,382156889476500,28000,after
secret_dependent_routine,382156889477500,382156889505800,28300,after
secret_dependent_routine,382156889506800,382156889534600,27800,after
secret_dependent_routine,382156889535700,382156889564400,28700,after
secret_dependent_routine,382156889565400,382156889593600,28200,after
secret_dependent_routine,382156889594500,382156889622800,28300,after
secret_dependent_routine,382156889623800,382156889651700,27900,after
secret_dependent_routine,382156889652600,382156889680300,27700,after
secret_dependent_routine,382156889681300,382156889708900,27600,after
secret_dependent_routine,382156889709900,382156889737900,28000,after
secret_dependent_routine,382156889738900,382156889767100,28200,after
secret_dependent_routine,382156889768100,382156889795900,27800,after
secret_dependent_routine,382156889796900,382156889824700,27800,after
secret_dependent_routine,382156889825800,382156889854000,28200,after
secret_dependent_routine,382156889855200,382156889882700,27500,after
secret_dependent_routine,382156889883700,382156889911500,27800,after
secret_dependent_routine,382156889912500,382156889940300,27800,after
secret_dependent_routine,382156889941300,382156889972200,30900,after
secret_dependent_routine,382156889973500,382156890000900,27400,after
secret_dependent_routine,382156890002000,382156890030200,28200,after
secret_dependent_routine,382156890031200,382156890058700,27500,after
secret_dependent_routine,382156890059700,382156890087700,28000,after
secret_dependent_routine,382156890088700,382156890115800,27100,after
secret_dependent_routine,382156890116800,382156890144200,27400,after
secret_dependent_routine,382156890145200,382156890172700,27500,after
secret_dependent_routine,382156890173800,382156890202000,28200,after
secret_dependent_routine,382156890203000,382156890230500,27500,after
secret_dependent_routine,382156890231500,382156890259600,28100,after
secret_dependent_routine,382156890260600,382156890287200,26600,after
secret_dependent_routine,382156890288200,382156890315200,27000,after
secret_dependent_routine,382156890316300,382156890345100,28800,after
secret_dependent_routine,382156890346200,382156890376600,30400,after
secret_dependent_routine,382156890377900,382156890407400,29500,after
secret_dependent_routine,382156890408500,382156890478000,69500,after
secret_dependent_routine,382156890479900,382156890513800,33900,after
secret_dependent_routine,382156890514800,382156890545900,31100,after
secret_dependent_routine,382156890547100,382156890582300,35200,after
secret_dependent_routine,382156890583700,382156890618200,34500,after
secret_dependent_routine,382156890619500,382156890653700,34200,after
secret_dependent_routine,382156890655000,382156890689000,34000,after
secret_dependent_routine,382156890690300,382156890724300,34000,after
secret_dependent_routine,382156890725500,382156890759900,34400,after
secret_dependent_routine,382156890761200,382156890795700,34500,after
secret_dependent_routine,382156890797000,382156890833200,36200,after
secret_dependent_routine,382156890834500,382156890870700,36200,after
secret_dependent_routine,382156890872000,382156890909300,37300,after
secret_dependent_routine,382156890910500,382156890949400,38900,after
secret_dependent_routine,382156890951600,382156891000100,48500,after
secret_dependent_routine,382156891001700,382156891039700,38000,after
secret_dependent_routine,382156891041100,382156891091900,50800,after
secret_dependent_routine,382156891093300,382156891153100,59800,after
secret_dependent_routine,382156891155000,382156891197300,42300,after
secret_dependent_routine,382156891199100,382156891255700,56600,after
secret_dependent_routine,382156891257800,382156891313200,55400,after
secret_dependent_routine,382156891315400,382156891371200,55800,after
secret_dependent_routine,382156891373600,382156891430900,57300,after
secret_dependent_routine,382156891433700,382156891485900,52200,after
secret_dependent_routine,382156891487900,382156891543600,55700,after
secret_dependent_routine,382156891545700,382156891582400,36700,after
secret_dependent_routine,382156891584000,382156891620800,36800,after
secret_dependent_routine,382156891622100,382156891658800,36700,after
secret_dependent_routine,382156891660400,382156891697300,36900,after
secret_dependent_routine,382156891698700,382156891735400,36700,after
secret_dependent_routine,382156891736700,382156891772900,36200,after
secret_dependent_routine,382156891774300,382156891810800,36500,after
secret_dependent_routine,382156891812100,382156891848400,36300,after
secret_dependent_routine,382156891849700,382156891885600,35900,after
secret_dependent_routine,382156891886900,382156891923400,36500,after
secret_dependent_routine,382156891924700,382156891967300,42600,after
secret_dependent_routine,382156891969400,382156892004000,34600,after
secret_dependent_routine,382156892005200,382156892038500,33300,after
secret_dependent_routine,382156892039800,382156892073300,33500,after
secret_dependent_routine,382156892074500,382156892108700,34200,after
secret_dependent_routine,382156892109900,382156892143600,33700,after
secret_dependent_routine,382156892144800,382156892178600,33800,after
secret_dependent_routine,382156892179900,382156892213300,33400,after
secret_dependent_routine,382156892214600,382156892249000,34400,after
secret_dependent_routine,382156892250200,382156892284000,33800,after
secret_dependent_routine,382156892285200,382156892319800,34600,after
secret_dependent_routine,382156892320900,382156892353900,33000,after
secret_dependent_routine,382156892355100,382156892388800,33700,after
secret_dependent_routine,382156892389900,382156892423100,33200,after
secret_dependent_routine,382156892424300,382156892457500,33200,after
secret_dependent_routine,382156892458600,382156892491400,32800,after
secret_dependent_routine,382156892492500,382156892525300,32800,after
secret_dependent_routine,382156892526400,382156892558900,32500,after
secret_dependent_routine,382156892560100,382156892593300,33200,after
secret_dependent_routine,382156892594600,382156892627500,32900,after
secret_dependent_routine,382156892628700,382156892661800,33100,after
secret_dependent_routine,382156892663000,382156892695800,32800,after
secret_dependent_routine,382156892696900,382156892729900,33000,after
secret_dependent_routine,382156892731100,382156892763300,32200,after
secret_dependent_routine,382156892764400,382156892797900,33500,after
secret_dependent_routine,382156892799100,382156892832700,33600,after
secret_dependent_routine,382156892833800,382156892866500,32700,after
secret_dependent_routine,382156892867600,382156892900200,32600,after
secret_dependent_routine,382156892901400,382156892934400,33000,after
secret_dependent_routine,382156892935600,382156892968300,32700,after
secret_dependent_routine,382156892969500,382156893003300,33800,after
secret_dependent_routine,382156893004700,382156893038100,33400,after
secret_dependent_routine,382156893039300,382156893075200,35900,after
secret_dependent_routine,382156893076400,382156893111900,35500,after
secret_dependent_routine,382156893113100,382156893148100,35000,after
secret_dependent_routine,382156893149300,382156893182100,32800,after
secret_dependent_routine,382156893183400,382156893219400,36000,after
secret_dependent_routine,382156893221100,382156893256200,35100,after
secret_dependent_routine,382156893257400,382156893290600,33200,after
secret_dependent_routine,382156893291800,382156893325100,33300,after
secret_dependent_routine,382156893326200,382156893359300,33100,after
secret_dependent_routine,382156893360500,382156893393200,32700,after
secret_dependent_routine,382156893394300,382156893427500,33200,after
secret_dependent_routine,382156893428700,382156893461300,32600,after
secret_dependent_routine,382156893462600,382156893495000,32400,after
secret_dependent_routine,382156893496200,382156893529300,33100,after
secret_dependent_routine,382156893530400,382156893562900,32500,after
secret_dependent_routine,382156893564100,382156893596800,32700,after
secret_dependent_routine,382156893597900,382156893630600,32700,after
secret_dependent_routine,382156893631700,382156893664800,33100,after
secret_dependent_routine,382156893665900,382156893699000,33100,after
secret_dependent_routine,382156893700100,382156893733200,33100,after
secret_dependent_routine,382156893734400,382156893766900,32500,after
secret_dependent_routine,382156893768100,382156893800500,32400,after
secret_dependent_routine,382156893801600,382156893833900,32300,after
secret_dependent_routine,382156893835000,382156893867500,32500,after
secret_dependent_routine,382156893868600,382156893901100,32500,after
secret_dependent_routine,382156893902400,382156893935000,32600,after
secret_dependent_routine,382156893936100,382156893972700,36600,after
secret_dependent_routine,382156893974400,382156894007200,32800,after
secret_dependent_routine,382156894008500,382156894040900,32400,after
secret_dependent_routine,382156894042100,382156894074500,32400,after
secret_dependent_routine,382156894075700,382156894109700,34000,after
secret_dependent_routine,382156894110900,382156894148800,37900,after
secret_dependent_routine,382156894150400,382156894182800,32400,after
secret_dependent_routine,382156894184100,382156894217700,33600,after
secret_dependent_routine,382156894218900,382156894252100,33200,after
secret_dependent_routine,382156894253300,382156894287000,33700,after
secret_dependent_routine,382156894288200,382156894320900,32700,after
secret_dependent_routine,382156894322000,382156894357200,35200,after
secret_dependent_routine,382156894358500,382156894393600,35100,after
secret_dependent_routine,382156894394900,382156894431000,36100,after
secret_dependent_routine,382156894432200,382156894464800,32600,after
secret_dependent_routine,382156894466300,382156894498600,32300,after
secret_dependent_routine,382156894501200,382156894537200,36000,after
secret_dependent_routine,382156894538400,382156894577700,39300,after
secret_dependent_routine,382156894578900,382156894617300,38400,after
secret_dependent_routine,382156894618500,382156894658000,39500,after
secret_dependent_routine,382156894659300,382156894697500,38200,after
secret_dependent_routine,382156894698900,382156894737700,38800,after
secret_dependent_routine,382156894739000,382156894776500,37500,after
secret_dependent_routine,382156894777800,382156894816800,39000,after
secret_dependent_routine,382156894818200,382156894856100,37900,after
secret_dependent_routine,382156894857300,382156894896100,38800,after
secret_dependent_routine,382156894897300,382156894938600,41300,after
secret_dependent_routine,382156894940500,382156894995800,55300,after
secret_dependent_routine,382156894997800,382156895051500,53700,after
secret_dependent_routine,382156895054100,382156895119600,65500,after
secret_dependent_routine,382156895122500,382156895189800,67300,after
secret_dependent_routine,382156895192500,382156895243300,50800,after
secret_dependent_routine,382156895245500,382156895306100,60600,after
secret_dependent_routine,382156895308200,382156895348100,39900,after
secret_dependent_routine,382156895349500,382156895396400,46900,after
secret_dependent_routine,382156895398200,382156895454800,56600,after
secret_dependent_routine,382156895457500,382156895498500,41000,after
secret_dependent_routine,382156895500000,382156895534300,34300,after
secret_dependent_routine,382156895535600,382156895570500,34900,after
secret_dependent_routine,382156895571800,382156895605700,33900,after
secret_dependent_routine,382156895607000,382156895640600,33600,after
secret_dependent_routine,382156895641800,382156895675800,34000,after
secret_dependent_routine,382156895677000,382156895710400,33400,after
secret_dependent_routine,382156895711600,382156895745400,33800,after
secret_dependent_routine,382156895746600,382156895780000,33400,after
secret_dependent_routine,382156895781200,382156895814400,33200,after
secret_dependent_routine,382156895815700,382156895849100,33400,after
secret_dependent_routine,382156895850300,382156895886300,36000,after
secret_dependent_routine,382156895887600,382156895920900,33300,after
secret_dependent_routine,382156895922100,382156895961800,39700,after
secret_dependent_routine,382156895963700,382156895997300,33600,after
secret_dependent_routine,382156895998800,382156896032900,34100,after
secret_dependent_routine,382156896034100,382156896067300,33200,after
secret_dependent_routine,382156896068500,382156896102300,33800,after
secret_dependent_routine,382156896103500,382156896136700,33200,after
secret_dependent_routine,382156896137900,382156896171700,33800,after
secret_dependent_routine,382156896172900,382156896206800,33900,after
secret_dependent_routine,382156896208100,382156896242600,34500,after
secret_dependent_routine,382156896246900,382156896282600,35700,after
secret_dependent_routine,382156896283900,382156896320200,36300,after
secret_dependent_routine,382156896321400,382156896358500,37100,after
secret_dependent_routine,382156896359800,382156896398900,39100,after
secret_dependent_routine,382156896400100,382156896438000,37900,after
secret_dependent_routine,382156896439300,382156896478100,38800,after
secret_dependent_routine,382156896479300,382156896527600,48300,after
secret_dependent_routine,382156896529400,382156896578500,49100,after
secret_dependent_routine,382156896580500,382156896642600,62100,after
secret_dependent_routine,382156896644800,382156896699400,54600,after
secret_dependent_routine,382156896701700,382156896762700,61000,after
secret_dependent_routine,382156896769300,382156896834900,65600,after
secret_dependent_routine,382156896837200,382156896899300,62100,after
secret_dependent_routine,382156896901500,382156896952000,50500,after
secret_dependent_routine,382156896953800,382156897011000,57200,after
secret_dependent_routine,382156897013100,382156897066600,53500,after
secret_dependent_routine,382156897069500,382156897121700,52200,after
secret_dependent_routine,382156897123900,382156897161500,37600,after
secret_dependent_routine,382156897162800,382156897196000,33200,after
secret_dependent_routine,382156897197200,382156897236800,39600,after
secret_dependent_routine,382156897238500,382156897293600,55100,after
secret_dependent_routine,382156897295600,382156897340500,44900,after
secret_dependent_routine,382156897342300,382156897377700,35400,after
secret_dependent_routine,382156897379200,382156897416200,37000,after
secret_dependent_routine,382156897417600,382156897453100,35500,after
secret_dependent_routine,382156897454400,382156897489300,34900,after
secret_dependent_routine,382156897490600,382156897523300,32700,after
secret_dependent_routine,382156897524400,382156897558400,34000,after
secret_dependent_routine,382156897559600,382156897594800,35200,after
secret_dependent_routine,382156897596000,382156897632200,36200,after
secret_dependent_routine,382156897633700,382156897668800,35100,after
secret_dependent_routine,382156897670000,382156897709500,39500,after
secret_dependent_routine,382156897710900,382156897745200,34300,after
secret_dependent_routine,382156897746500,382156897781200,34700,after
secret_dependent_routine,382156897782400,382156897816100,33700,after
secret_dependent_routine,382156897817300,382156897852400,35100,after
secret_dependent_routine,382156897853600,382156897888200,34600,after
secret_dependent_routine,382156897889400,382156897923800,34400,after
secret_dependent_routine,382156897925000,382156897965900,40900,after
secret_dependent_routine,382156897967700,382156898002500,34800,after
secret_dependent_routine,382156898003800,382156898038300,34500,after
secret_dependent_routine,382156898039700,382156898074700,35000,after
secret_dependent_routine,382156898077600,382156898111700,34100,after
secret_dependent_routine,382156898113000,382156898147500,34500,after
secret_dependent_routine,382156898148800,382156898182700,33900,after
secret_dependent_routine,382156898183900,382156898218100,34200,after
secret_dependent_routine,382156898219300,382156898253000,33700,after
secret_dependent_routine,382156898254200,382156898288700,34500,after
secret_dependent_routine,382156898289900,382156898323700,33800,after
secret_dependent_routine,382156898325000,382156898360200,35200,after
secret_dependent_routine,382156898361400,382156898395400,34000,after
secret_dependent_routine,382156898396600,382156898431300,34700,after
secret_dependent_routine,382156898432600,382156898467000,34400,after
secret_dependent_routine,382156898468200,382156898502900,34700,after
secret_dependent_routine,382156898504100,382156898538600,34500,after
secret_dependent_routine,382156898539900,382156898575300,35400,after
secret_dependent_routine,382156898576600,382156898611400,34800,after
secret_dependent_routine,382156898612600,382156898647900,35300,after
secret_dependent_routine,382156898649100,382156898684000,34900,after
secret_dependent_routine,382156898685200,382156898720200,35000,after
secret_dependent_routine,382156898721400,382156898755600,34200,after
secret_dependent_routine,382156898756900,382156898791300,34400,after
secret_dependent_routine,382156898792500,382156898826900,34400,after
secret_dependent_routine,382156898828200,382156898862600,34400,after
secret_dependent_routine,382156898863800,382156898898000,34200,after
secret_dependent_routine,382156898899300,382156898934100,34800,after
secret_dependent_routine,382156898937100,382156898971800,34700,after
secret_dependent_routine,382156898973200,382156899007700,34500,after
secret_dependent_routine,382156899008900,382156899043300,34400,after
secret_dependent_routine,382156899044500,382156899079800,35300,after
secret_dependent_routine,382156899081000,382156899115200,34200,after
secret_dependent_routine,382156899116400,382156899151300,34900,after
secret_dependent_routine,382156899152500,382156899186600,34100,after
secret_dependent_routine,382156899187800,382156899222700,34900,after
secret_dependent_routine,382156899224000,382156899259100,35100,after
secret_dependent_routine,382156899260400,382156899296500,36100,after
secret_dependent_routine,382156899297900,382156899334800,36900,after
secret_dependent_routine,382156899336200,382156899372600,36400,after
secret_dependent_routine,382156899373900,382156899411200,37300,after
secret_dependent_routine,382156899412600,382156899453700,41100,after
secret_dependent_routine,382156899456100,382156899511800,55700,after
secret_dependent_routine,382156899514300,382156899577900,63600,after
secret_dependent_routine,382156899580400,382156899666100,85700,after
secret_dependent_routine,382156899668300,382156899733800,65500,after
secret_dependent_routine,382156899736200,382156899780300,44100,after
secret_dependent_routine,382156899783800,382156899816900,33100,after
secret_dependent_routine,382156899818200,382156899851600,33400,after
secret_dependent_routine,382156899852600,382156899881100,28500,after
secret_dependent_routine,382156899882200,382156899911000,28800,after
secret_dependent_routine,382156899912100,382156899940700,28600,after
secret_dependent_routine,382156899941700,382156899974400,32700,after
secret_dependent_routine,382156899975800,382156900004300,28500,after
secret_dependent_routine,382156900005300,382156900032400,27100,after
secret_dependent_routine,382156900033400,382156900060700,27300,after
secret_dependent_routine,382156900061700,382156900088500,26800,after
secret_dependent_routine,382156900089400,382156900116300,26900,after
secret_dependent_routine,382156900117300,382156900144400,27100,after
secret_dependent_routine,382156900145400,382156900172400,27000,after
secret_dependent_routine,382156900173300,382156900201100,27800,after
secret_dependent_routine,382156900202200,382156900236100,33900,after
secret_dependent_routine,382156900237200,382156900267400,30200,after
secret_dependent_routine,382156900268500,382156900298700,30200,after
secret_dependent_routine,382156900301000,382156900331100,30100,after
secret_dependent_routine,382156900332200,382156900363700,31500,after
secret_dependent_routine,382156900364900,382156900397300,32400,after
secret_dependent_routine,382156900398500,382156900431400,32900,after
secret_dependent_routine,382156900432700,382156900461000,28300,after
secret_dependent_routine,382156900462000,382156900489400,27400,after
secret_dependent_routine,382156900490300,382156900516800,26500,after
secret_dependent_routine,382156900517800,382156900544900,27100,after
secret_dependent_routine,382156900545900,382156900572800,26900,after
secret_dependent_routine,382156900573800,382156900600900,27100,after
secret_dependent_routine,382156900601800,382156900628500,26700,after
secret_dependent_routine,382156900629500,382156900656500,27000,after
secret_dependent_routine,382156900657400,382156900684700,27300,after
secret_dependent_routine,382156900685700,382156900713000,27300,after
secret_dependent_routine,382156900713900,382156900742300,28400,after
secret_dependent_routine,382156900743300,382156900773200,29900,after
secret_dependent_routine,382156900774500,382156900801200,26700,after
secret_dependent_routine,382156900802200,382156900830300,28100,after
secret_dependent_routine,382156900831500,382156900861200,29700,after
secret_dependent_routine,382156900862300,382156900892300,30000,after
secret_dependent_routine,382156900893400,382156900923200,29800,after
secret_dependent_routine,382156900924300,382156900954400,30100,after
secret_dependent_routine,382156900955500,382156900985200,29700,after
secret_dependent_routine,382156900986800,382156901146800,160000,after
secret_dependent_routine,382156901162800,382156901228800,66000,after
secret_dependent_routine,382156901231400,382156901282900,51500,after
secret_dependent_routine,382156901287000,382156901323300,36300,after
secret_dependent_routine,382156901324700,382156901361900,37200,after
secret_dependent_routine,382156901364600,382156901398600,34000,after
secret_dependent_routine,382156901399900,382156901433000,33100,after
secret_dependent_routine,382156901434200,382156901466700,32500,after
secret_dependent_routine,382156901468000,382156901500800,32800,after
secret_dependent_routine,382156901502200,382156901534600,32400,after
secret_dependent_routine,382156901535900,382156901569000,33100,after
secret_dependent_routine,382156901570200,382156901603400,33200,after
secret_dependent_routine,382156901604600,382156901638000,33400,after
secret_dependent_routine,382156901640600,382156901673800,33200,after
secret_dependent_routine,382156901675100,382156901709000,33900,after
secret_dependent_routine,382156901710400,382156901745000,34600,after
secret_dependent_routine,382156901746500,382156901783300,36800,after
secret_dependent_routine,382156901784800,382156901828000,43200,after
secret_dependent_routine,382156901830200,382156901869600,39400,after
secret_dependent_routine,382156901871200,382156901907700,36500,after
secret_dependent_routine,382156901909000,382156902016000,107000,after
secret_dependent_routine,382156902030500,382156902086700,56200,after
secret_dependent_routine,382156902090100,382156902151500,61400,after
secret_dependent_routine,382156902154500,382156902212300,57800,after
secret_dependent_routine,382156902214600,382156902275700,61100,after
secret_dependent_routine,382156902277500,382156902340100,62600,after
secret_dependent_routine,382156902342500,382156902403400,60900,after
secret_dependent_routine,382156902405500,382156902465800,60300,after
secret_dependent_routine,382156902468100,382156902514400,46300,after
secret_dependent_routine,382156902516300,382156902561700,45400,after
secret_dependent_routine,382156902563400,382156902611200,47800,after
secret_dependent_routine,382156902613100,382156902660300,47200,after
secret_dependent_routine,382156902662200,382156902710500,48300,after
secret_dependent_routine,382156902713400,382156902761500,48100,after
secret_dependent_routine,382156902763400,382156902817800,54400,after
secret_dependent_routine,382156902820200,382156902877800,57600,after
secret_dependent_routine,382156902880200,382156902953200,73000,after
secret_dependent_routine,382156902956000,382156903021500,65500,after
secret_dependent_routine,382156903023600,382156903090300,66700,after
secret_dependent_routine,382156903092500,382156903157800,65300,after
secret_dependent_routine,382156903160100,382156903216500,56400,after
secret_dependent_routine,382156903218300,382156903276300,58000,after
secret_dependent_routine,382156903278200,382156903344100,65900,after
secret_dependent_routine,382156903346100,382156903418600,72500,after
secret_dependent_routine,382156903421100,382156903494000,72900,after
secret_dependent_routine,382156903499500,382156903567500,68000,after
secret_dependent_routine,382156903569700,382156903636700,67000,after
secret_dependent_routine,382156903638700,382156903699800,61100,after
secret_dependent_routine,382156903701500,382156903762100,60600,after
secret_dependent_routine,382156903764000,382156903825600,61600,after
secret_dependent_routine,382156903828800,382156903887700,58900,after
secret_dependent_routine,382156903889400,382156903964900,75500,after
secret_dependent_routine,382156903967100,382156904034100,67000,after
secret_dependent_routine,382156904036200,382156904103600,67400,after
secret_dependent_routine,382156904105800,382156904172000,66200,after
secret_dependent_routine,382156904174000,382156904240600,66600,after
secret_dependent_routine,382156904242800,382156904307500,64700,after
secret_dependent_routine,382156904309500,382156904369300,59800,after
secret_dependent_routine,382156904371200,382156904440000,68800,after
secret_dependent_routine,382156904442400,382156904504200,61800,after
secret_dependent_routine,382156904506200,382156904571500,65300,after
secret_dependent_routine,382156904573400,382156904638100,64700,after
secret_dependent_routine,382156904640200,382156904703700,63500,after
secret_dependent_routine,382156904705900,382156904769300,63400,after
secret_dependent_routine,382156904771400,382156904839000,67600,after
secret_dependent_routine,382156904841200,382156904980600,139400,after
secret_dependent_routine,382156904983400,382156905056000,72600,after
secret_dependent_routine,382156905058400,382156905130200,71800,after
secret_dependent_routine,382156905133400,382156905203100,69700,after
secret_dependent_routine,382156905205000,382156905257200,52200,after
secret_dependent_routine,382156905259200,382156905294500,35300,after
secret_dependent_routine,382156905298700,382156905334400,35700,after
secret_dependent_routine,382156905335700,382156905370100,34400,after
secret_dependent_routine,382156905371300,382156905403900,32600,after
secret_dependent_routine,382156905405200,382156905445100,39900,after
secret_dependent_routine,382156905446800,382156905480400,33600,after
secret_dependent_routine,382156905481700,382156905518500,36800,after
secret_dependent_routine,382156905519800,382156905554300,34500,after
secret_dependent_routine,382156905556300,382156905588800,32500,after
secret_dependent_routine,382156905590000,382156905619700,29700,after
secret_dependent_routine,382156905620900,382156905650500,29600,after
secret_dependent_routine,382156905651600,382156905681000,29400,after
secret_dependent_routine,382156905682100,382156905712000,29900,after
secret_dependent_routine,382156905713100,382156905742300,29200,after
secret_dependent_routine,382156905743300,382156905773400,30100,after
secret_dependent_routine,382156905774500,382156905804200,29700,after
secret_dependent_routine,382156905806700,382156905837000,30300,after
secret_dependent_routine,382156905839400,382156905869500,30100,after
secret_dependent_routine,382156905870700,382156905901300,30600,after
secret_dependent_routine,382156905902400,382156905932400,30000,after
secret_dependent_routine,382156905933500,382156905963700,30200,after
secret_dependent_routine,382156905964800,382156905995300,30500,after
secret_dependent_routine,382156905996400,382156906027600,31200,after
secret_dependent_routine,382156906028700,382156906059600,30900,after
secret_dependent_routine,382156906060800,382156906091100,30300,after
secret_dependent_routine,382156906092300,382156906123200,30900,after
secret_dependent_routine,382156906124300,382156906155100,30800,after
secret_dependent_routine,382156906156200,382156906186900,30700,after
secret_dependent_routine,382156906188000,382156906218700,30700,after
secret_dependent_routine,382156906219800,382156906250800,31000,after
secret_dependent_routine,382156906251900,382156906283000,31100,after
secret_dependent_routine,382156906284100,382156906315000,30900,after
secret_dependent_routine,382156906316100,382156906347000,30900,after
secret_dependent_routine,382156906348100,382156906378700,30600,after
secret_dependent_routine,382156906379800,382156906410600,30800,after
secret_dependent_routine,382156906411700,382156906519500,107800,after
secret_dependent_routine,382156906528400,382156906599600,71200,after
secret_dependent_routine,382156906602400,382156906645100,42700,after
secret_dependent_routine,382156906646900,382156906690500,43600,after
secret_dependent_routine,382156906692100,382156906732600,40500,after
secret_dependent_routine,382156906734100,382156906772800,38700,after
secret_dependent_routine,382156906774100,382156906810000,35900,after
secret_dependent_routine,382156906811500,382156906849700,38200,after
secret_dependent_routine,382156906851100,382156906886200,35100,after
secret_dependent_routine,382156906887600,382156906924200,36600,after
secret_dependent_routine,382156906925500,382156906962600,37100,after
secret_dependent_routine,382156906963900,382156906999900,36000,after
secret_dependent_routine,382156907001300,382156907037300,36000,after
secret_dependent_routine,382156907038700,382156907075300,36600,after
secret_dependent_routine,382156907076700,382156907116100,39400,after
secret_dependent_routine,382156907117800,382156907154700,36900,after
secret_dependent_routine,382156907155900,382156907191500,35600,after
secret_dependent_routine,382156907194200,382156907231000,36800,after
secret_dependent_routine,382156907232400,382156907268300,35900,after
secret_dependent_routine,382156907269700,382156907306400,36700,after
secret_dependent_routine,382156907307700,382156907344000,36300,after
secret_dependent_routine,382156907345300,382156907383100,37800,after
secret_dependent_routine,382156907384500,382156907419100,34600,after
secret_dependent_routine,382156907420400,382156907464600,44200,after
secret_dependent_routine,382156907466100,382156907502400,36300,after
secret_dependent_routine,382156907505000,382156907584000,79000,after
secret_dependent_routine,382156907586500,382156907653800,67300,after
secret_dependent_routine,382156907656500,382156907706000,49500,after
secret_dependent_routine,382156907707900,382156907743100,35200,after
secret_dependent_routine,382156907744600,382156907780300,35700,after
secret_dependent_routine,382156907781600,382156907817800,36200,after
secret_dependent_routine,382156907819200,382156907855300,36100,after
secret_dependent_routine,382156907856500,382156907892300,35800,after
secret_dependent_routine,382156907893500,382156907929800,36300,after
secret_dependent_routine,382156907931100,382156907968200,37100,after
secret_dependent_routine,382156907969500,382156908005000,35500,after
secret_dependent_routine,382156908006300,382156908041200,34900,after
secret_dependent_routine,382156908056800,382156908092500,35700,after
secret_dependent_routine,382156908093800,382156908128700,34900,after
secret_dependent_routine,382156908130000,382156908165800,35800,after
secret_dependent_routine,382156908167000,382156908208300,41300,after
secret_dependent_routine,382156908210000,382156908240900,30900,after
secret_dependent_routine,382156908242000,382156908272000,30000,after
secret_dependent_routine,382156908273100,382156908303500,30400,after
secret_dependent_routine,382156908304700,382156908334700,30000,after
secret_dependent_routine,382156908335700,382156908366300,30600,after
secret_dependent_routine,382156908367400,382156908397900,30500,after
secret_dependent_routine,382156908399000,382156908434100,35100,after
secret_dependent_routine,382156908435300,382156908465700,30400,after
secret_dependent_routine,382156908466900,382156908496900,30000,after
secret_dependent_routine,382156908497900,382156908528400,30500,after
secret_dependent_routine,382156908529500,382156908559800,30300,after
secret_dependent_routine,382156908560900,382156908590500,29600,after
secret_dependent_routine,382156908593200,382156908623300,30100,after
secret_dependent_routine,382156908624500,382156908654500,30000,after
secret_dependent_routine,382156908655600,382156908686000,30400,after
secret_dependent_routine,382156908687100,382156908718800,31700,after
secret_dependent_routine,382156908720000,382156908757600,37600,after
secret_dependent_routine,382156908759200,382156908792100,32900,after
secret_dependent_routine,382156908793500,382156908824200,30700,after
secret_dependent_routine,382156908825300,382156908855400,30100,after
secret_dependent_routine,382156908856500,382156908887100,30600,after
secret_dependent_routine,382156908888100,382156908917800,29700,after
secret_dependent_routine,382156908918900,382156908949400,30500,after
secret_dependent_routine,382156908950500,382156908980400,29900,after
secret_dependent_routine,382156908981400,382156909011800,30400,after
secret_dependent_routine,382156909012800,382156909042800,30000,after
secret_dependent_routine,382156909043900,382156909074100,30200,after
secret_dependent_routine,382156909076600,382156909106900,30300,after
secret_dependent_routine,382156909108100,382156909138500,30400,after
secret_dependent_routine,382156909139600,382156909170700,31100,after
secret_dependent_routine,382156909171800,382156909202500,30700,after
secret_dependent_routine,382156909203500,382156909234000,30500,after
secret_dependent_routine,382156909235100,382156909265700,30600,after
secret_dependent_routine,382156909266800,382156909297300,30500,after
secret_dependent_routine,382156909298400,382156909328900,30500,after
secret_dependent_routine,382156909330000,382156909359700,29700,after
secret_dependent_routine,382156909360800,382156909391500,30700,after
secret_dependent_routine,382156909392500,382156909424200,31700,after
secret_dependent_routine,382156909426100,382156909457500,31400,after
secret_dependent_routine,382156909458700,382156909488400,29700,after
secret_dependent_routine,382156909489500,382156909520400,30900,after
secret_dependent_routine,382156909521400,382156909551600,30200,after
secret_dependent_routine,382156909552700,382156909583300,30600,after
secret_dependent_routine,382156909584400,382156909614100,29700,after
secret_dependent_routine,382156909615100,382156909645500,30400,after
secret_dependent_routine,382156909646500,382156909676300,29800,after
secret_dependent_routine,382156909677400,382156909707600,30200,after
secret_dependent_routine,382156909708700,382156909738300,29600,after
secret_dependent_routine,382156909739400,382156909769600,30200,after
secret_dependent_routine,382156909771900,382156909802700,30800,after
secret_dependent_routine,382156909803900,382156909834700,30800,after
secret_dependent_routine,382156909835800,382156909865900,30100,after
secret_dependent_routine,382156909867000,382156909897900,30900,after
secret_dependent_routine,382156909899000,382156909929300,30300,after
secret_dependent_routine,382156909930400,382156909961300,30900,after
secret_dependent_routine,382156909962300,382156909993200,30900,after
secret_dependent_routine,382156909994300,382156910025200,30900,after
secret_dependent_routine,382156910026200,382156910057000,30800,after
secret_dependent_routine,382156910058100,382156910089100,31000,after
secret_dependent_routine,382156910090300,382156910120500,30200,after
secret_dependent_routine,382156910121600,382156910152500,30900,after
secret_dependent_routine,382156910153600,382156910183200,29600,after
secret_dependent_routine,382156910249800,382156910281600,31800,after
secret_dependent_routine,382156910283000,382156910314000,31000,after
secret_dependent_routine,382156910315100,382156910346500,31400,after
secret_dependent_routine,382156910347600,382156910378800,31200,after
secret_dependent_routine,382156910379900,382156910410600,30700,after
secret_dependent_routine,382156910411700,382156910446000,34300,after
secret_dependent_routine,382156910447200,382156910477800,30600,after
secret_dependent_routine,382156910480200,382156910510000,29800,after
secret_dependent_routine,382156910511200,382156910541600,30400,after
secret_dependent_routine,382156910542700,382156910572800,30100,after
secret_dependent_routine,382156910573900,382156910604300,30400,after
secret_dependent_routine,382156910605300,382156910635200,29900,after
secret_dependent_routine,382156910636300,382156910666400,30100,after
secret_dependent_routine,382156910667500,382156910697000,29500,after
secret_dependent_routine,382156910698100,382156910728600,30500,after
secret_dependent_routine,382156910729700,382156910760000,30300,after
secret_dependent_routine,382156910761100,382156910791700,30600,after
secret_dependent_routine,382156910792800,382156910822300,29500,after
secret_dependent_routine,382156910823400,382156910854200,30800,after
secret_dependent_routine,382156910855300,382156910885400,30100,after
secret_dependent_routine,382156910886500,382156910916800,30300,after
secret_dependent_routine,382156910917900,382156910947800,29900,after
secret_dependent_routine,382156910949000,382156910979900,30900,after
secret_dependent_routine,382156910982400,382156911012100,29700,after
secret_dependent_routine,382156911013200,382156911043300,30100,after
secret_dependent_routine,382156911044400,382156911073900,29500,after
secret_dependent_routine,382156911075000,382156911105100,30100,after
secret_dependent_routine,382156911106200,382156911145500,39300,after
secret_dependent_routine,382156911147100,382156911188600,41500,after
secret_dependent_routine,382156911190000,382156911222800,32800,after
secret_dependent_routine,382156911224200,382156911280500,56300,after
secret_dependent_routine,382156911283300,382156911338900,55600,after
secret_dependent_routine,382156911346100,382156911397500,51400,after
secret_dependent_routine,382156911399800,382156911443300,43500,after
secret_dependent_routine,382156911445400,382156911484700,39300,after
secret_dependent_routine,382156911486500,382156911523700,37200,after
secret_dependent_routine,382156911525300,382156911564200,38900,after
secret_dependent_routine,382156911565800,382156911600100,34300,after
secret_dependent_routine,382156911601500,382156911638100,36600,after
secret_dependent_routine,382156911639400,382156911672500,33100,after
secret_dependent_routine,382156911674000,382156911708000,34000,after
secret_dependent_routine,382156911709300,382156911742800,33500,after
secret_dependent_routine,382156911744800,382156911779400,34600,after
secret_dependent_routine,382156911780700,382156911813800,33100,after
secret_dependent_routine,382156911815400,382156911849200,33800,after
secret_dependent_routine,382156911850900,382156911884500,33600,after
secret_dependent_routine,382156911887200,382156911922000,34800,after
secret_dependent_routine,382156911923800,382156911958000,34200,after
secret_dependent_routine,382156911959400,382156912028800,69400,after
secret_dependent_routine,382156912037600,382156912076600,39000,after
secret_dependent_routine,382156912079100,382156912117000,37900,after
secret_dependent_routine,382156912118400,382156912156200,37800,after
secret_dependent_routine,382156912157500,382156912191700,34200,after
secret_dependent_routine,382156912193000,382156912227200,34200,after
secret_dependent_routine,382156912228300,382156912261200,32900,after
secret_dependent_routine,382156912262300,382156912295500,33200,after
secret_dependent_routine,382156912296700,382156912329700,33000,after
secret_dependent_routine,382156912330900,382156912364100,33200,after
secret_dependent_routine,382156912365300,382156912398800,33500,after
secret_dependent_routine,382156912401100,382156912439400,38300,after
secret_dependent_routine,382156912440600,382156912471600,31000,after
secret_dependent_routine,382156912472700,382156912510400,37700,after
secret_dependent_routine,382156912534300,382156912641200,106900,after
secret_dependent_routine,382156912643500,382156912700600,57100,after
secret_dependent_routine,382156912702900,382156912753900,51000,after
secret_dependent_routine,382156912756000,382156912817200,61200,after
secret_dependent_routine,382156912820300,382156912875200,54900,after
secret_dependent_routine,382156912877500,382156912926900,49400,after
secret_dependent_routine,382156912929200,382156912975800,46600,after
secret_dependent_routine,382156912977400,382156913011700,34300,after
secret_dependent_routine,382156913013000,382156913048100,35100,after
secret_dependent_routine,382156913049300,382156913083600,34300,after
secret_dependent_routine,382156913084800,382156913120200,35400,after
secret_dependent_routine,382156913121400,382156913154800,33400,after
secret_dependent_routine,382156913156000,382156913190900,34900,after
secret_dependent_routine,382156913192100,382156913226600,34500,after
secret_dependent_routine,382156913227800,382156913259800,32000,after
secret_dependent_routine,382156913260800,382156913291800,31000,after
secret_dependent_routine,382156913293000,382156913324200,31200,after
secret_dependent_routine,382156913325300,382156913356800,31500,after
secret_dependent_routine,382156913357900,382156913389600,31700,after
secret_dependent_routine,382156913390600,382156913423800,33200,after
secret_dependent_routine,382156913425100,382156913455900,30800,after
secret_dependent_routine,382156913457100,382156913487300,30200,after
secret_dependent_routine,382156913488500,382156913519300,30800,after
secret_dependent_routine,382156913520500,382156913550800,30300,after
secret_dependent_routine,382156913551900,382156913582600,30700,after
secret_dependent_routine,382156913583700,382156913614400,30700,after
secret_dependent_routine,382156913615500,382156913646700,31200,after
secret_dependent_routine,382156913647900,382156913678700,30800,after
secret_dependent_routine,382156913679800,382156913717900,38100,after
secret_dependent_routine,382156913719400,382156913751200,31800,after
secret_dependent_routine,382156913753600,382156913784700,31100,after
secret_dependent_routine,382156913785800,382156913815700,29900,after
secret_dependent_routine,382156913816800,382156913847800,31000,after
secret_dependent_routine,382156913850000,382156913880500,30500,after
secret_dependent_routine,382156913881600,382156913913000,31400,after
secret_dependent_routine,382156913914100,382156913954400,40300,after
secret_dependent_routine,382156913955700,382156913988800,33100,after
secret_dependent_routine,382156913990100,382156914024200,34100,after
secret_dependent_routine,382156914025400,382156914060800,35400,after
secret_dependent_routine,382156914061900,382156914096500,34600,after
secret_dependent_routine,382156914097700,382156914132600,34900,after
secret_dependent_routine,382156914133800,382156914168600,34800,after
secret_dependent_routine,382156914169900,382156914203700,33800,after
secret_dependent_routine,382156914204900,382156914237600,32700,after
secret_dependent_routine,382156914238800,382156914273300,34500,after
secret_dependent_routine,382156914274500,382156914307900,33400,after
secret_dependent_routine,382156914309100,382156914341000,31900,after
secret_dependent_routine,382156914342100,382156914373100,31000,after
secret_dependent_routine,382156914374200,382156914407000,32800,after
secret_dependent_routine,382156914408100,382156914439500,31400,after
secret_dependent_routine,382156914440600,382156914473100,32500,after
secret_dependent_routine,382156914474200,382156914505600,31400,after
secret_dependent_routine,382156914506700,382156914557600,50900,after
secret_dependent_routine,382156914588700,382156914655100,66400,after
secret_dependent_routine,382156914656900,382156914713900,57000,after
secret_dependent_routine,382156914715700,382156914768100,52400,after
secret_dependent_routine,382156914770400,382156914865900,95500,after
secret_dependent_routine,382156914868400,382156914919600,51200,after
secret_dependent_routine,382156914921800,382156914959900,38100,after
secret_dependent_routine,382156914961700,382156914997600,35900,after
secret_dependent_routine,382156914998900,382156915032900,34000,after
secret_dependent_routine,382156915036700,382156915073400,36700,after
secret_dependent_routine,382156915075600,382156915115500,39900,after
secret_dependent_routine,382156915117500,382156915150600,33100,after
secret_dependent_routine,382156915152600,382156915190300,37700,after
secret_dependent_routine,382156915192000,382156915229100,37100,after
secret_dependent_routine,382156915230600,382156915268700,38100,after
secret_dependent_routine,382156915270400,382156915305100,34700,after
secret_dependent_routine,382156915306300,382156915338400,32100,after
secret_dependent_routine,382156915339600,382156915370300,30700,after
secret_dependent_routine,382156915373100,382156915423100,50000,after
secret_dependent_routine,382156915429100,382156915474300,45200,after
secret_dependent_routine,382156915476100,382156915517800,41700,after
secret_dependent_routine,382156915521100,382156915554100,33000,after
secret_dependent_routine,382156915555700,382156915589800,34100,after
secret_dependent_routine,382156915591100,382156915621800,30700,after
secret_dependent_routine,382156915623300,382156915654100,30800,after
secret_dependent_routine,382156915655200,382156915686500,31300,after
secret_dependent_routine,382156915687800,382156915723900,36100,after
secret_dependent_routine,382156915725700,382156915756900,31200,after
secret_dependent_routine,382156915758300,382156915790400,32100,after
secret_dependent_routine,382156915792200,382156915822700,30500,after
secret_dependent_routine,382156915823800,382156915855300,31500,after
secret_dependent_routine,382156915856500,382156915888000,31500,after
secret_dependent_routine,382156915889400,382156915923000,33600,after
secret_dependent_routine,382156915924300,382156915974800,50500,after
secret_dependent_routine,382156915977700,382156916148800,171100,after
secret_dependent_routine,382156916163600,382156916232000,68400,after
secret_dependent_routine,382156916235500,382156916293200,57700,after
secret_dependent_routine,382156916296000,382156916367100,71100,after
secret_dependent_routine,382156916369000,382156916446400,77400,after
secret_dependent_routine,382156916449200,382156916514000,64800,after
secret_dependent_routine,382156916516600,382156916591800,75200,after
secret_dependent_routine,382156916594600,382156916651600,57000,after
secret_dependent_routine,382156916654100,382156916693800,39700,after
secret_dependent_routine,382156916695500,382156916733100,37600,after
secret_dependent_routine,382156916734400,382156916769400,35000,after
secret_dependent_routine,382156916770600,382156916809200,38600,after
secret_dependent_routine,382156916811900,382156916869500,57600,after
secret_dependent_routine,382156916870800,382156916905600,34800,after
secret_dependent_routine,382156916906900,382156916941900,35000,after
secret_dependent_routine,382156916943100,382156916997300,54200,after
secret_dependent_routine,382156916999100,382156917048700,49600,after
secret_dependent_routine,382156917050800,382156917094000,43200,after
secret_dependent_routine,382156917095700,382156917142300,46600,after
secret_dependent_routine,382156917143700,382156917177200,33500,after
secret_dependent_routine,382156917179900,382156917212000,32100,after
secret_dependent_routine,382156917213200,382156917244400,31200,after
secret_dependent_routine,382156917245500,382156917277700,32200,after
secret_dependent_routine,382156917278800,382156917309600,30800,after
secret_dependent_routine,382156917310700,382156917341000,30300,after
secret_dependent_routine,382156917342100,382156917371600,29500,after
secret_dependent_routine,382156917372600,382156917403800,31200,after
secret_dependent_routine,382156917404800,382156917436600,31800,after
secret_dependent_routine,382156917437900,382156917467100,29200,after
secret_dependent_routine,382156917469500,382156917499400,29900,after
secret_dependent_routine,382156917500500,382156917530400,29900,after
secret_dependent_routine,382156917531500,382156917561500,30000,after
secret_dependent_routine,382156917562500,382156917592800,30300,after
secret_dependent_routine,382156917593800,382156917623800,30000,after
secret_dependent_routine,382156917624900,382156917655200,30300,after
secret_dependent_routine,382156917656200,382156917685600,29400,after
secret_dependent_routine,382156917686700,382156917716700,30000,after
secret_dependent_routine,382156917717700,382156917747600,29900,after
secret_dependent_routine,382156917748700,382156917779100,30400,after
secret_dependent_routine,382156917780100,382156917809900,29800,after
secret_dependent_routine,382156917811000,382156917841100,30100,after
secret_dependent_routine,382156917842100,382156917872300,30200,after
secret_dependent_routine,382156917873400,382156917903600,30200,after
secret_dependent_routine,382156917904600,382156917935200,30600,after
secret_dependent_routine,382156917936300,382156917967100,30800,after
secret_dependent_routine,382156917968100,382156917998100,30000,after
secret_dependent_routine,382156917999200,382156918029800,30600,after
secret_dependent_routine,382156918030800,382156918060900,30100,after
secret_dependent_routine,382156918062000,382156918092000,30000,after
secret_dependent_routine,382156918092900,382156918122800,29900,after
secret_dependent_routine,382156918123900,382156918154700,30800,after
secret_dependent_routine,382156918155800,382156918186000,30200,after
secret_dependent_routine,382156918187000,382156918216700,29700,after
secret_dependent_routine,382156918217800,382156918247900,30100,after
secret_dependent_routine,382156918249000,382156918279100,30100,after
secret_dependent_routine,382156918280100,382156918310200,30100,after
secret_dependent_routine,382156918312300,382156918341500,29200,after
secret_dependent_routine,382156918342500,382156918370900,28400,after
secret_dependent_routine,382156918371900,382156918400900,29000,after
secret_dependent_routine,382156918402000,382156918430100,28100,after
secret_dependent_routine,382156918431200,382156918460500,29300,after
secret_dependent_routine,382156918461600,382156918490300,28700,after
secret_dependent_routine,382156918491300,382156918519900,28600,after
secret_dependent_routine,382156918520900,382156918549800,28900,after
secret_dependent_routine,382156918550900,382156918586000,35100,after
secret_dependent_routine,382156918587500,382156918618200,30700,after
secret_dependent_routine,382156918619400,382156918650700,31300,after
secret_dependent_routine,382156918651800,382156918682900,31100,after
secret_dependent_routine,382156918684100,382156918718600,34500,after
secret_dependent_routine,382156918719900,382156918754200,34300,after
secret_dependent_routine,382156918755500,382156918801600,46100,after
secret_dependent_routine,382156918812400,382156918869200,56800,after
secret_dependent_routine,382156918871400,382156918908400,37000,after
secret_dependent_routine,382156918909800,382156918945900,36100,after
secret_dependent_routine,382156918947300,382156918983400,36100,after
secret_dependent_routine,382156918984700,382156919021100,36400,after
secret_dependent_routine,382156919023300,382156919059300,36000,after
secret_dependent_routine,382156919060600,382156919096300,35700,after
secret_dependent_routine,382156919097500,382156919133200,35700,after
secret_dependent_routine,382156919134600,382156919170600,36000,after
secret_dependent_routine,382156919172200,382156919208400,36200,after
secret_dependent_routine,382156919209900,382156919245700,35800,after
secret_dependent_routine,382156919247400,382156919283400,36000,after
secret_dependent_routine,382156919285300,382156919321700,36400,after
secret_dependent_routine,382156919322800,382156919353600,30800,after
secret_dependent_routine,382156919354900,382156919385200,30300,after
secret_dependent_routine,382156919386400,382156919421400,35000,after
secret_dependent_routine,382156919422800,382156919458500,35700,after
secret_dependent_routine,382156919459800,382156919496200,36400,after
secret_dependent_routine,382156919497600,382156919533500,35900,after
secret_dependent_routine,382156919534800,382156919568300,33500,after
secret_dependent_routine,382156919569400,382156919600900,31500,after
secret_dependent_routine,382156919603300,382156919632000,28700,after
secret_dependent_routine,382156919633300,382156919661800,28500,after
secret_dependent_routine,382156919662800,382156919695700,32900,after
secret_dependent_routine,382156919696900,382156919730500,33600,after
secret_dependent_routine,382156919731800,382156919765800,34000,after
secret_dependent_routine,382156919767000,382156919800900,33900,after
secret_dependent_routine,382156919802100,382156919836400,34300,after
secret_dependent_routine,382156919837600,382156919871900,34300,after
secret_dependent_routine,382156919873300,382156919911000,37700,after
secret_dependent_routine,382156919912900,382156919949900,37000,after
secret_dependent_routine,382156919951200,382156919983600,32400,after
secret_dependent_routine,382156919984700,382156920016900,32200,after
secret_dependent_routine,382156920018100,382156920047100,29000,after
secret_dependent_routine,382156920048200,382156920076100,27900,after
secret_dependent_routine,382156920077100,382156920104600,27500,after
secret_dependent_routine,382156920105700,382156920134100,28400,after
secret_dependent_routine,382156920135100,382156920163300,28200,after
secret_dependent_routine,382156920164300,382156920192400,28100,after
secret_dependent_routine,382156920193400,382156920222300,28900,after
secret_dependent_routine,382156920223200,382156920249900,26700,after
secret_dependent_routine,382156920250800,382156920278300,27500,after
secret_dependent_routine,382156920279200,382156920306700,27500,after
secret_dependent_routine,382156920308700,382156920335600,26900,after
secret_dependent_routine,382156920336600,382156920363900,27300,after
secret_dependent_routine,382156920364800,382156920392400,27600,after
secret_dependent_routine,382156920393400,382156920420600,27200,after
secret_dependent_routine,382156920421500,382156920448600,27100,after
secret_dependent_routine,382156920449600,382156920477000,27400,after
secret_dependent_routine,382156920478000,382156920504700,26700,after
secret_dependent_routine,382156920505600,382156920532900,27300,after
secret_dependent_routine,382156920533900,382156920561000,27100,after
secret_dependent_routine,382156920561900,382156920593600,31700,after
secret_dependent_routine,382156920595000,382156920623600,28600,after
secret_dependent_routine,382156920624600,382156920653100,28500,after
secret_dependent_routine,382156920654300,382156920685700,31400,after
secret_dependent_routine,382156920686800,382156920718300,31500,after
secret_dependent_routine,382156920719400,382156920752200,32800,after
secret_dependent_routine,382156920754800,382156920790600,35800,after
secret_dependent_routine,382156920792100,382156920828500,36400,after
secret_dependent_routine,382156920829800,382156920860400,30600,after
secret_dependent_routine,382156920861400,382156920890500,29100,after
secret_dependent_routine,382156920891400,382156920920500,29100,after
secret_dependent_routine,382156920921400,382156920950100,28700,after
secret_dependent_routine,382156920951100,382156920979700,28600,after
secret_dependent_routine,382156920980700,382156921009200,28500,after
secret_dependent_routine,382156921010200,382156921038900,28700,after
secret_dependent_routine,382156921039900,382156921069100,29200,after
secret_dependent_routine,382156921070100,382156921099000,28900,after
secret_dependent_routine,382156921100000,382156921128700,28700,after
secret_dependent_routine,382156921129600,382156921158500,28900,after
secret_dependent_routine,382156921159500,382156921188200,28700,after
secret_dependent_routine,382156921189200,382156921218100,28900,after
secret_dependent_routine,382156921219100,382156921248300,29200,after
secret_dependent_routine,382156921249200,382156921280200,31000,after
secret_dependent_routine,382156921281400,382156921321300,39900,after
secret_dependent_routine,382156921322900,382156921350900,28000,after
secret_dependent_routine,382156921352000,382156921379700,27700,after
secret_dependent_routine,382156921380700,382156921408500,27800,after
secret_dependent_routine,382156921409500,382156921437400,27900,after
secret_dependent_routine,382156921438400,382156921465900,27500,after
secret_dependent_routine,382156921466900,382156921494100,27200,after
secret_dependent_routine,382156921495000,382156921522500,27500,after
secret_dependent_routine,382156921523400,382156921551000,27600,after
secret_dependent_routine,382156921551900,382156921580000,28100,after
secret_dependent_routine,382156921580900,382156921608300,27400,after
secret_dependent_routine,382156921610400,382156921639300,28900,after
secret_dependent_routine,382156921640400,382156921671500,31100,after
secret_dependent_routine,382156921672600,382156921704200,31600,after
secret_dependent_routine,382156921705400,382156921737200,31800,after
secret_dependent_routine,382156921738300,382156921773800,35500,after
secret_dependent_routine,382156921775100,382156921810500,35400,after
secret_dependent_routine,382156921811700,382156921846000,34300,after
secret_dependent_routine,382156921847000,382156921875000,28000,after
secret_dependent_routine,382156921877100,382156921904500,27400,after
secret_dependent_routine,382156921905500,382156921932800,27300,after
secret_dependent_routine,382156921933800,382156921961500,27700,after
secret_dependent_routine,382156921962500,382156921993100,30600,after
secret_dependent_routine,382156921994300,382156922023300,29000,after
secret_dependent_routine,382156922024300,382156922052000,27700,after
secret_dependent_routine,382156922052900,382156922080300,27400,after
secret_dependent_routine,382156922081300,382156922109000,27700,after
secret_dependent_routine,382156922110000,382156922137600,27600,after
secret_dependent_routine,382156922138600,382156922166500,27900,after
secret_dependent_routine,382156922167500,382156922194700,27200,after
secret_dependent_routine,382156922195700,382156922223800,28100,after
secret_dependent_routine,382156922224700,382156922252300,27600,after
secret_dependent_routine,382156922253300,382156922281500,28200,after
secret_dependent_routine,382156922282400,382156922310500,28100,after
secret_dependent_routine,382156922311500,382156922339500,28000,after
secret_dependent_routine,382156922340500,382156922368300,27800,after
secret_dependent_routine,382156922369300,382156922397300,28000,after
secret_dependent_routine,382156922398200,382156922426600,28400,after
secret_dependent_routine,382156922427600,382156922455300,27700,after
secret_dependent_routine,382156922456300,382156922483900,27600,after
secret_dependent_routine,382156922484800,382156922513200,28400,after
secret_dependent_routine,382156922514100,382156922542100,28000,after
secret_dependent_routine,382156922543100,382156922571500,28400,after
secret_dependent_routine,382156922572500,382156922605200,32700,after
secret_dependent_routine,382156922606500,382156922635900,29400,after
secret_dependent_routine,382156922636900,382156922666800,29900,after
secret_dependent_routine,382156922667900,382156922701500,33600,after
secret_dependent_routine,382156922702500,382156922734600,32100,after
secret_dependent_routine,382156922735600,382156922770300,34700,after
secret_dependent_routine,382156922771500,382156922806800,35300,after
secret_dependent_routine,382156922808000,382156922844500,36500,after
secret_dependent_routine,382156922845500,382156922874300,28800,after
secret_dependent_routine,382156922875200,382156922904200,29000,after
secret_dependent_routine,382156922906200,382156922936100,29900,after
secret_dependent_routine,382156922937100,382156922967700,30600,after
secret_dependent_routine,382156922969800,382156922997300,27500,after
secret_dependent_routine,382156922998300,382156923026100,27800,after
secret_dependent_routine,382156923027100,382156923054600,27500,after
secret_dependent_routine,382156923055600,382156923083000,27400,after
secret_dependent_routine,382156923083900,382156923111400,27500,after
secret_dependent_routine,382156923112400,382156923140100,27700,after
secret_dependent_routine,382156923141100,382156923169200,28100,after
secret_dependent_routine,382156923170200,382156923198500,28300,after
secret_dependent_routine,382156923199500,382156923227800,28300,after
secret_dependent_routine,382156923228800,382156923257100,28300,after
secret_dependent_routine,382156923258000,382156923285800,27800,after
secret_dependent_routine,382156923286800,382156923314500,27700,after
secret_dependent_routine,382156923315500,382156923343400,27900,after
secret_dependent_routine,382156923344400,382156923372200,27800,after
secret_dependent_routine,382156923373200,382156923400900,27700,after
secret_dependent_routine,382156923401800,382156923430200,28400,after
secret_dependent_routine,382156923431200,382156923459100,27900,after
secret_dependent_routine,382156923460000,382156923487700,27700,after
secret_dependent_routine,382156923488600,382156923516100,27500,after
secret_dependent_routine,382156923517000,382156923545100,28100,after
secret_dependent_routine,382156923546000,382156923573700,27700,after
secret_dependent_routine,382156923574700,382156923603000,28300,after
secret_dependent_routine,382156923603900,382156923631500,27600,after
secret_dependent_routine,382156923632400,382156923660600,28200,after
secret_dependent_routine,382156923661500,382156923689100,27600,after
secret_dependent_routine,382156923690100,382156923718500,28400,after
secret_dependent_routine,382156923719400,382156923747100,27700,after
secret_dependent_routine,382156923748100,382156923775700,27600,after
secret_dependent_routine,382156923776700,382156923804900,28200,after
secret_dependent_routine,382156923805900,382156923835200,29300,after
secret_dependent_routine,382156923836200,382156923864100,27900,after
secret_dependent_routine,382156923865100,382156923892900,27800,after
secret_dependent_routine,382156923893800,382156923921200,27400,after
secret_dependent_routine,382156923922200,382156923949900,27700,after
secret_dependent_routine,382156923950900,382156923978500,27600,after
secret_dependent_routine,382156923979500,382156924007400,27900,after
secret_dependent_routine,382156924009400,382156924036800,27400,after
secret_dependent_routine,382156924037800,382156924065500,27700,after
secret_dependent_routine,382156924066500,382156924095000,28500,after
secret_dependent_routine,382156924096000,382156924124000,28000,after
secret_dependent_routine,382156924126000,382156924156900,30900,after
secret_dependent_routine,382156924157900,382156924188100,30200,after
secret_dependent_routine,382156924189200,382156924220400,31200,after
secret_dependent_routine,382156924221400,382156924251600,30200,after
secret_dependent_routine,382156924252600,382156924284500,31900,after
secret_dependent_routine,382156924285700,382156924319700,34000,after
secret_dependent_routine,382156924320800,382156924355000,34200,after
secret_dependent_routine,382156924356100,382156924393800,37700,after
secret_dependent_routine,382156924395000,382156924433400,38400,after
secret_dependent_routine,382156924434700,382156924525500,90800,after
secret_dependent_routine,382156924534700,382156924607100,72400,after
secret_dependent_routine,382156924609700,382156924646800,37100,after
secret_dependent_routine,382156924648300,382156924686200,37900,after
secret_dependent_routine,382156924688300,382156924730300,42000,after
secret_dependent_routine,382156924731700,382156924769900,38200,after
secret_dependent_routine,382156924771500,382156924809000,37500,after
secret_dependent_routine,382156924810500,382156924843000,32500,after
secret_dependent_routine,382156924844000,382156924872500,28500,after
secret_dependent_routine,382156924873600,382156924906500,32900,after
secret_dependent_routine,382156924907700,382156924941700,34000,after
secret_dependent_routine,382156924943000,382156924978400,35400,after
secret_dependent_routine,382156924979600,382156925014800,35200,after
secret_dependent_routine,382156925016100,382156925052200,36100,after
secret_dependent_routine,382156925053500,382156925090200,36700,after
secret_dependent_routine,382156925091500,382156925127400,35900,after
secret_dependent_routine,382156925130300,382156925167800,37500,after
secret_dependent_routine,382156925169500,382156925204400,34900,after
secret_dependent_routine,382156925206000,382156925240300,34300,after
secret_dependent_routine,382156925241800,382156925277900,36100,after
secret_dependent_routine,382156925279300,382156925315500,36200,after
secret_dependent_routine,382156925316800,382156925353200,36400,after
secret_dependent_routine,382156925355700,382156925391600,35900,after
secret_dependent_routine,382156925397900,382156925438300,40400,after
secret_dependent_routine,382156925440800,382156925478800,38000,after
secret_dependent_routine,382156925479800,382156925510200,30400,after
secret_dependent_routine,382156925511300,382156925542000,30700,after
secret_dependent_routine,382156925543000,382156925573300,30300,after
secret_dependent_routine,382156925574300,382156925605400,31100,after
secret_dependent_routine,382156925606400,382156925637400,31000,after
secret_dependent_routine,382156925638400,382156925667300,28900,after
secret_dependent_routine,382156925668400,382156925698000,29600,after
secret_dependent_routine,382156925698900,382156925728300,29400,after
secret_dependent_routine,382156925729300,382156925759000,29700,after
secret_dependent_routine,382156925761000,382156925788800,27800,after
secret_dependent_routine,382156925789900,382156925816900,27000,after
secret_dependent_routine,382156925817900,382156925845300,27400,after
secret_dependent_routine,382156925846300,382156925874500,28200,after
secret_dependent_routine,382156925875500,382156925903200,27700,after
secret_dependent_routine,382156925904100,382156925931600,27500,after
secret_dependent_routine,382156925932600,382156925959700,27100,after
secret_dependent_routine,382156925960600,382156925988900,28300,after
secret_dependent_routine,382156925989900,382156926017200,27300,after
secret_dependent_routine,382156926018200,382156926044800,26600,after
secret_dependent_routine,382156926045800,382156926072800,27000,after
secret_dependent_routine,382156926073800,382156926101200,27400,after
secret_dependent_routine,382156926102100,382156926129600,27500,after
secret_dependent_routine,382156926130500,382156926157700,27200,after
secret_dependent_routine,382156926158700,382156926190300,31600,after
secret_dependent_routine,382156926191600,382156926219700,28100,after
secret_dependent_routine,382156926220700,382156926248700,28000,after
secret_dependent_routine,382156926249700,382156926277400,27700,after
secret_dependent_routine,382156926278400,382156926306600,28200,after
secret_dependent_routine,382156926307500,382156926334800,27300,after
secret_dependent_routine,382156926335800,382156926362900,27100,after
secret_dependent_routine,382156926363900,382156926391100,27200,after
secret_dependent_routine,382156926392000,382156926422700,30700,after
secret_dependent_routine,382156926423800,382156926455600,31800,after
secret_dependent_routine,382156926456700,382156926488000,31300,after
secret_dependent_routine,382156926489300,382156926523800,34500,after
secret_dependent_routine,382156926526700,382156926562700,36000,after
secret_dependent_routine,382156926563900,382156926594700,30800,after
secret_dependent_routine,382156926595700,382156926623100,27400,after
secret_dependent_routine,382156926624100,382156926651400,27300,after
secret_dependent_routine,382156926652400,382156926680100,27700,after
secret_dependent_routine,382156926681100,382156926710000,28900,after
secret_dependent_routine,382156926711300,382156926743200,31900,after
secret_dependent_routine,382156926744500,382156926771600,27100,after
secret_dependent_routine,382156926772600,382156926800000,27400,after
secret_dependent_routine,382156926801000,382156926828600,27600,after
secret_dependent_routine,382156926829500,382156926857300,27800,after
secret_dependent_routine,382156926858200,382156926885500,27300,after
secret_dependent_routine,382156926886500,382156926913900,27400,after
secret_dependent_routine,382156926914900,382156926942100,27200,after
secret_dependent_routine,382156926943100,382156926970700,27600,after
secret_dependent_routine,382156926971600,382156926999200,27600,after
secret_dependent_routine,382156927000200,382156927027900,27700,after
secret_dependent_routine,382156927029800,382156927058100,28300,after
secret_dependent_routine,382156927059200,382156927087400,28200,after
secret_dependent_routine,382156927088400,382156927116800,28400,after
secret_dependent_routine,382156927117800,382156927148300,30500,after
secret_dependent_routine,382156927149400,382156927180900,31500,after
secret_dependent_routine,382156927182100,382156927213400,31300,after
secret_dependent_routine,382156927215400,382156927250500,35100,after
secret_dependent_routine,382156927251900,382156927286600,34700,after
secret_dependent_routine,382156927287800,382156927322400,34600,after
secret_dependent_routine,382156927323600,382156927358100,34500,after
secret_dependent_routine,382156927359400,382156927395200,35800,after
secret_dependent_routine,382156927396800,382156927437200,40400,after
secret_dependent_routine,382156927439900,382156927514400,74500,after
secret_dependent_routine,382156927518300,382156927564300,46000,after
secret_dependent_routine,382156927566100,382156927609400,43300,after
secret_dependent_routine,382156927611200,382156927652100,40900,after
secret_dependent_routine,382156927653200,382156927685800,32600,after
secret_dependent_routine,382156927686900,382156927718800,31900,after
secret_dependent_routine,382156927719800,382156927750200,30400,after
secret_dependent_routine,382156927752800,382156927782500,29700,after
secret_dependent_routine,382156927783500,382156927812600,29100,after
secret_dependent_routine,382156927813700,382156927849800,36100,after
secret_dependent_routine,382156927851000,382156927888000,37000,after
secret_dependent_routine,382156927889100,382156927922700,33600,after
secret_dependent_routine,382156927924000,382156927965600,41600,after
secret_dependent_routine,382156927967700,382156928004600,36900,after
secret_dependent_routine,382156928006100,382156928081400,75300,after
secret_dependent_routine,382156928094900,382156928164600,69700,after
secret_dependent_routine,382156928168200,382156928231900,63700,after
secret_dependent_routine,382156928234300,382156928299700,65400,after
secret_dependent_routine,382156928301700,382156928363300,61600,after
secret_dependent_routine,382156928365300,382156928432600,67300,after
secret_dependent_routine,382156928435000,382156928498600,63600,after
secret_dependent_routine,382156928504400,382156928566500,62100,after
secret_dependent_routine,382156928568500,382156928635600,67100,after
secret_dependent_routine,382156928637800,382156928696900,59100,after
secret_dependent_routine,382156928698800,382156928755000,56200,after
secret_dependent_routine,382156928757300,382156928811900,54600,after
secret_dependent_routine,382156928813900,382156928872400,58500,after
secret_dependent_routine,382156928874400,382156928939100,64700,after
secret_dependent_routine,382156928941400,382156929007200,65800,after
secret_dependent_routine,382156929009500,382156929067400,57900,after
secret_dependent_routine,382156929073800,382156929126600,52800,after
secret_dependent_routine,382156929128800,382156929166300,37500,after
secret_dependent_routine,382156929167900,382156929206100,38200,after
secret_dependent_routine,382156929207500,382156929244800,37300,after
secret_dependent_routine,382156929246200,382156929282900,36700,after
secret_dependent_routine,382156929284300,382156929321100,36800,after
secret_dependent_routine,382156929322400,382156929359800,37400,after
secret_dependent_routine,382156929361000,382156929403400,42400,after
secret_dependent_routine,382156929404800,382156929441300,36500,after
secret_dependent_routine,382156929442600,382156929479700,37100,after
secret_dependent_routine,382156929481000,382156929516700,35700,after
secret_dependent_routine,382156929518000,382156929554100,36100,after
secret_dependent_routine,382156929555400,382156929589600,34200,after
secret_dependent_routine,382156929592000,382156929628100,36100,after
secret_dependent_routine,382156929629200,382156929659800,30600,after
secret_dependent_routine,382156929660900,382156929691900,31000,after
secret_dependent_routine,382156929693000,382156929733300,40300,after
secret_dependent_routine,382156929735000,382156929766700,31700,after
secret_dependent_routine,382156929767800,382156929799800,32000,after
secret_dependent_routine,382156929801000,382156929832600,31600,after
secret_dependent_routine,382156929833800,382156929867200,33400,after
secret_dependent_routine,382156929868300,382156929900100,31800,after
secret_dependent_routine,382156929901200,382156929933300,32100,after
secret_dependent_routine,382156929934300,382156929966300,32000,after
secret_dependent_routine,382156929967300,382156929999300,32000,after
secret_dependent_routine,382156930000400,382156930031100,30700,after
secret_dependent_routine,382156930032100,382156930063900,31800,after
secret_dependent_routine,382156930065000,382156930096600,31600,after
secret_dependent_routine,382156930097700,382156930130200,32500,after
secret_dependent_routine,382156930131300,382156930163700,32400,after
secret_dependent_routine,382156930164800,382156930215400,50600,after
secret_dependent_routine,382156930256000,382156930312000,56000,after
secret_dependent_routine,382156930313700,382156930387500,73800,after
secret_dependent_routine,382156930389400,382156930490500,101100,after
secret_dependent_routine,382156930492900,382156930529200,36300,after
secret_dependent_routine,382156930531000,382156930565500,34500,after
secret_dependent_routine,382156930566800,382156930601400,34600,after
secret_dependent_routine,382156930602600,382156930637400,34800,after
secret_dependent_routine,382156930638600,382156930674200,35600,after
secret_dependent_routine,382156930675400,382156930709400,34000,after
secret_dependent_routine,382156930710600,382156930746400,35800,after
secret_dependent_routine,382156930747600,382156930781800,34200,after
secret_dependent_routine,382156930785000,382156930820200,35200,after
secret_dependent_routine,382156930821500,382156930854600,33100,after
secret_dependent_routine,382156930855700,382156930887600,31900,after
secret_dependent_routine,382156930888600,382156930919400,30800,after
secret_dependent_routine,382156930920500,382156930952900,32400,after
secret_dependent_routine,382156930954000,382156930984900,30900,after
secret_dependent_routine,382156930985900,382156931018200,32300,after
secret_dependent_routine,382156931019300,382156931050300,31000,after
secret_dependent_routine,382156931052700,382156931084000,31300,after
secret_dependent_routine,382156931085200,382156931116500,31300,after
secret_dependent_routine,382156931117600,382156931149200,31600,after
secret_dependent_routine,382156931150300,382156931181400,31100,after
secret_dependent_routine,382156931182500,382156931214600,32100,after
secret_dependent_routine,382156931215800,382156931247100,31300,after
secret_dependent_routine,382156931248200,382156931279200,31000,after
secret_dependent_routine,382156931280300,382156931311500,31200,after
secret_dependent_routine,382156931312600,382156931343600,31000,after
secret_dependent_routine,382156931344700,382156931379900,35200,after
secret_dependent_routine,382156931381800,382156931516500,134700,after
secret_dependent_routine,382156931527000,382156931621200,94200,after
secret_dependent_routine,382156931624900,382156931721300,96400,after
secret_dependent_routine,382156931724600,382156931797900,73300,after
secret_dependent_routine,382156931801300,382156931851800,50500,after
secret_dependent_routine,382156931853900,382156931892200,38300,after
secret_dependent_routine,382156931893600,382156931931600,38000,after
secret_dependent_routine,382156931933000,382156931971600,38600,after
secret_dependent_routine,382156931973100,382156932013100,40000,after
secret_dependent_routine,382156932014200,382156932048300,34100,after
secret_dependent_routine,382156932049400,382156932083000,33600,after
secret_dependent_routine,382156932084100,382156932117400,33300,after
secret_dependent_routine,382156932118700,382156932155500,36800,after
secret_dependent_routine,382156932156800,382156932194300,37500,after
secret_dependent_routine,382156932195600,382156932237500,41900,after
secret_dependent_routine,382156932238700,382156932274500,35800,after
secret_dependent_routine,382156932275500,382156932308700,33200,after
secret_dependent_routine,382156932309900,382156932344100,34200,after
secret_dependent_routine,382156932345400,382156932379700,34300,after
secret_dependent_routine,382156932381000,382156932419000,38000,after
secret_dependent_routine,382156932420200,382156932455100,34900,after
secret_dependent_routine,382156932456300,382156932491000,34700,after
secret_dependent_routine,382156932492100,382156932523300,31200,after
secret_dependent_routine,382156932524400,382156932559500,35100,after
secret_dependent_routine,382156932560800,382156932598700,37900,after
secret_dependent_routine,382156932601600,382156932636300,34700,after
secret_dependent_routine,382156932643900,382156932676800,32900,after
secret_dependent_routine,382156932678100,382156932717600,39500,after
secret_dependent_routine,382156932718900,382156932757500,38600,after
secret_dependent_routine,382156932759200,382156932798900,39700,after
secret_dependent_routine,382156932800200,382156932835500,35300,after
secret_dependent_routine,382156932836800,382156932871100,34300,after
secret_dependent_routine,382156932872300,382156932901700,29400,after
secret_dependent_routine,382156932902800,382156932932700,29900,after
secret_dependent_routine,382156932933700,382156932963200,29500,after
secret_dependent_routine,382156932964200,382156932993400,29200,after
secret_dependent_routine,382156932994400,382156933023700,29300,after
secret_dependent_routine,382156933024700,382156933053600,28900,after
secret_dependent_routine,382156933054500,382156933083700,29200,after
secret_dependent_routine,382156933084700,382156933113400,28700,after
secret_dependent_routine,382156933114400,382156933143500,29100,after
secret_dependent_routine,382156933144500,382156933173700,29200,after
secret_dependent_routine,382156933174700,382156933212000,37300,after
secret_dependent_routine,382156933213400,382156933243000,29600,after
secret_dependent_routine,382156933244100,382156933273600,29500,after
secret_dependent_routine,382156933274600,382156933303200,28600,after
secret_dependent_routine,382156933304300,382156933333000,28700,after
secret_dependent_routine,382156933334100,382156933364500,30400,after
secret_dependent_routine,382156933365600,382156933397100,31500,after
secret_dependent_routine,382156933398300,382156933430200,31900,after
secret_dependent_routine,382156933431400,382156933465100,33700,after
secret_dependent_routine,382156933466300,382156933501400,35100,after
secret_dependent_routine,382156933502600,382156933538100,35500,after
secret_dependent_routine,382156933539200,382156933570300,31100,after
secret_dependent_routine,382156933571300,382156933599800,28500,after
secret_dependent_routine,382156933600800,382156933629200,28400,after
secret_dependent_routine,382156933630200,382156933660200,30000,after
secret_dependent_routine,382156933661300,382156933693200,31900,after
secret_dependent_routine,382156933694700,382156933723600,28900,after
secret_dependent_routine,382156933724700,382156933753500,28800,after
secret_dependent_routine,382156933754500,382156933783300,28800,after
secret_dependent_routine,382156933784300,382156933813200,28900,after
secret_dependent_routine,382156933815300,382156933844300,29000,after
secret_dependent_routine,382156933845400,382156933873500,28100,after
secret_dependent_routine,382156933874500,382156933902800,28300,after
secret_dependent_routine,382156933903800,382156933932300,28500,after
secret_dependent_routine,382156933933300,382156933961400,28100,after
secret_dependent_routine,382156933962400,382156933992200,29800,after
secret_dependent_routine,382156933994500,382156934025400,30900,after
secret_dependent_routine,382156934026700,382156934058000,31300,after
secret_dependent_routine,382156934059100,382156934093200,34100,after
secret_dependent_routine,382156934094400,382156934128700,34300,after
secret_dependent_routine,382156934129900,382156934163700,33800,after
secret_dependent_routine,382156934166000,382156934194000,28000,after
secret_dependent_routine,382156934194900,382156934223700,28800,after
secret_dependent_routine,382156934224700,382156934252700,28000,after
secret_dependent_routine,382156934253600,382156934281900,28300,after
secret_dependent_routine,382156934283000,382156934311200,28200,after
secret_dependent_routine,382156934312200,382156934340400,28200,after
secret_dependent_routine,382156934341400,382156934370400,29000,after
secret_dependent_routine,382156934371400,382156934399600,28200,after
secret_dependent_routine,382156934400700,382156934428900,28200,after
secret_dependent_routine,382156934429900,382156934458500,28600,after
secret_dependent_routine,382156934459500,382156934487900,28400,after
secret_dependent_routine,382156934488900,382156934517400,28500,after
secret_dependent_routine,382156934518500,382156934547100,28600,after
secret_dependent_routine,382156934548100,382156934576200,28100,after
secret_dependent_routine,382156934577300,382156934605200,27900,after
secret_dependent_routine,382156934606200,382156934634800,28600,after
secret_dependent_routine,382156934635800,382156934664500,28700,after
secret_dependent_routine,382156934665400,382156934694300,28900,after
secret_dependent_routine,382156934695400,382156934723700,28300,after
secret_dependent_routine,382156934724700,382156934753200,28500,after
secret_dependent_routine,382156934754400,382156934784000,29600,after
secret_dependent_routine,382156934785000,382156934813600,28600,after
secret_dependent_routine,382156934814600,382156934842700,28100,after
secret_dependent_routine,382156934843700,382156934871700,28000,after
secret_dependent_routine,382156934878700,382156934909400,30700,after
secret_dependent_routine,382156934911700,382156934943400,31700,after
secret_dependent_routine,382156934944600,382156934977100,32500,after
secret_dependent_routine,382156934980200,382156935014100,33900,after
secret_dependent_routine,382156935015400,382156935049700,34300,after
secret_dependent_routine,382156935050900,382156935085600,34700,after
secret_dependent_routine,382156935087000,382156935122000,35000,after
secret_dependent_routine,382156935123200,382156935157900,34700,after
secret_dependent_routine,382156935159200,382156935205200,46000,after
secret_dependent_routine,382156935207100,382156935247000,39900,after
secret_dependent_routine,382156935248400,382156935286900,38500,after
secret_dependent_routine,382156935291900,382156935329200,37300,after
secret_dependent_routine,382156935331200,382156935369400,38200,after
secret_dependent_routine,382156935372800,382156935409800,37000,after
secret_dependent_routine,382156935410900,382156935443000,32100,after
secret_dependent_routine,382156935446400,382156935475700,29300,after
secret_dependent_routine,382156935476700,382156935505500,28800,after
secret_dependent_routine,382156935506500,382156935536200,29700,after
secret_dependent_routine,382156935537200,382156935567000,29800,after
secret_dependent_routine,382156935568100,382156935598200,30100,after
secret_dependent_routine,382156935599200,382156935628100,28900,after
secret_dependent_routine,382156935629000,382156935659700,30700,after
secret_dependent_routine,382156935660700,382156935690600,29900,after
secret_dependent_routine,382156935691700,382156935719700,28000,after
secret_dependent_routine,382156935720700,382156935749000,28300,after
secret_dependent_routine,382156935750000,382156935778300,28300,after
secret_dependent_routine,382156935779300,382156935808300,29000,after
secret_dependent_routine,382156935809300,382156935838400,29100,after
secret_dependent_routine,382156935839400,382156935868400,29000,after
secret_dependent_routine,382156935869400,382156935898300,28900,after
secret_dependent_routine,382156935899300,382156935928100,28800,after
secret_dependent_routine,382156935929100,382156935957900,28800,after
secret_dependent_routine,382156935958900,382156935988400,29500,after
secret_dependent_routine,382156935989400,382156936017800,28400,after
secret_dependent_routine,382156936018800,382156936047300,28500,after
secret_dependent_routine,382156936048300,382156936076900,28600,after
secret_dependent_routine,382156936077900,382156936108800,30900,after
secret_dependent_routine,382156936109900,382156936142200,32300,after
secret_dependent_routine,382156936144500,382156936175200,30700,after
secret_dependent_routine,382156936176300,382156936209100,32800,after
secret_dependent_routine,382156936210400,382156936244700,34300,after
secret_dependent_routine,382156936245900,382156936281300,35400,after
secret_dependent_routine,382156936282500,382156936318100,35600,after
secret_dependent_routine,382156936319200,382156936354600,35400,after
secret_dependent_routine,382156936356300,382156936394300,38000,after
secret_dependent_routine,382156936395600,382156936429800,34200,after
secret_dependent_routine,382156936431100,382156936470600,39500,after
secret_dependent_routine,382156936471600,382156936502400,30800,after
secret_dependent_routine,382156936503500,382156936533700,30200,after
secret_dependent_routine,382156936534700,382156936562800,28100,after
secret_dependent_routine,382156936564000,382156936592300,28300,after
secret_dependent_routine,382156936593300,382156936621500,28200,after
secret_dependent_routine,382156936622600,382156936651000,28400,after
secret_dependent_routine,382156936652000,382156936680500,28500,after
secret_dependent_routine,382156936681600,382156936709800,28200,after
secret_dependent_routine,382156936711900,382156936741100,29200,after
secret_dependent_routine,382156936742200,382156936772100,29900,after
secret_dependent_routine,382156936773100,382156936801200,28100,after
secret_dependent_routine,382156936802100,382156936830600,28500,after
secret_dependent_routine,382156936831600,382156936859600,28000,after
secret_dependent_routine,382156936860500,382156936888800,28300,after
secret_dependent_routine,382156936889800,382156936918100,28300,after
secret_dependent_routine,382156936919100,382156936947700,28600,after
secret_dependent_routine,382156936948700,382156936976700,28000,after
secret_dependent_routine,382156936977700,382156937006000,28300,after
secret_dependent_routine,382156937007000,382156937036700,29700,after
secret_dependent_routine,382156937037600,382156937069000,31400,after
secret_dependent_routine,382156937070000,382156937097600,27600,after
secret_dependent_routine,382156937098600,382156937131700,33100,after
secret_dependent_routine,382156937132800,382156937164500,31700,after
secret_dependent_routine,382156937165700,382156937199100,33400,after
secret_dependent_routine,382156937200400,382156937280800,80400,after
secret_dependent_routine,382156937283000,382156937319200,36200,after
secret_dependent_routine,382156937321000,382156937358800,37800,after
secret_dependent_routine,382156937362400,382156937399900,37500,after
secret_dependent_routine,382156937401200,382156937437700,36500,after
secret_dependent_routine,382156937438900,382156937472300,33400,after
secret_dependent_routine,382156937473300,382156937502600,29300,after
secret_dependent_routine,382156937503800,382156937532600,28800,after
secret_dependent_routine,382156937533700,382156937562200,28500,after
secret_dependent_routine,382156937563300,382156937591900,28600,after
secret_dependent_routine,382156937593000,382156937620900,27900,after
secret_dependent_routine,382156937622000,382156937650200,28200,after
secret_dependent_routine,382156937651300,382156937679600,28300,after
secret_dependent_routine,382156937680600,382156937707600,27000,after
secret_dependent_routine,382156937708600,382156937735600,27000,after
secret_dependent_routine,382156937736600,382156937764100,27500,after
secret_dependent_routine,382156937765100,382156937793400,28300,after
secret_dependent_routine,382156937794400,382156937821800,27400,after
secret_dependent_routine,382156937822800,382156937851000,28200,after
secret_dependent_routine,382156937852000,382156937879500,27500,after
secret_dependent_routine,382156937880500,382156937908500,28000,after
secret_dependent_routine,382156937909500,382156937938200,28700,after
secret_dependent_routine,382156937939200,382156937967700,28500,after
secret_dependent_routine,382156937968700,382156937997000,28300,after
secret_dependent_routine,382156937998000,382156938026300,28300,after
secret_dependent_routine,382156938027300,382156938055800,28500,after
secret_dependent_routine,382156938056800,382156938086100,29300,after
secret_dependent_routine,382156938088000,382156938118200,30200,after
secret_dependent_routine,382156938119400,382156938151000,31600,after
secret_dependent_routine,382156938152100,382156938184000,31900,after
secret_dependent_routine,382156938185100,382156938215200,30100,after
secret_dependent_routine,382156938216300,382156938247700,31400,after
secret_dependent_routine,382156938248800,382156938281400,32600,after
secret_dependent_routine,382156938282400,382156938310800,28400,after
secret_dependent_routine,382156938311800,382156938339400,27600,after
secret_dependent_routine,382156938340400,382156938368700,28300,after
secret_dependent_routine,382156938369700,382156938396700,27000,after
secret_dependent_routine,382156938397700,382156938426100,28400,after
secret_dependent_routine,382156938427100,382156938454900,27800,after
secret_dependent_routine,382156938456900,382156938484700,27800,after
secret_dependent_routine,382156938485700,382156938513300,27600,after
secret_dependent_routine,382156938514300,382156938542100,27800,after
secret_dependent_routine,382156938543000,382156938570100,27100,after
secret_dependent_routine,382156938571100,382156938598200,27100,after
secret_dependent_routine,382156938599200,382156938626400,27200,after
secret_dependent_routine,382156938627400,382156938654900,27500,after
secret_dependent_routine,382156938655800,382156938683500,27700,after
secret_dependent_routine,382156938684500,382156938712000,27500,after
secret_dependent_routine,382156938713000,382156938740500,27500,after
secret_dependent_routine,382156938741400,382156938769000,27600,after
secret_dependent_routine,382156938770000,382156938797400,27400,after
secret_dependent_routine,382156938798300,382156938826000,27700,after
secret_dependent_routine,382156938827000,382156938854300,27300,after
secret_dependent_routine,382156938855300,382156938882700,27400,after
secret_dependent_routine,382156938883600,382156938910800,27200,after
secret_dependent_routine,382156938911800,382156938939600,27800,after
secret_dependent_routine,382156938940600,382156938967700,27100,after
secret_dependent_routine,382156938968700,382156938996000,27300,after
secret_dependent_routine,382156938996900,382156939027700,30800,after
secret_dependent_routine,382156939028700,382156939059000,30300,after
secret_dependent_routine,382156939060200,382156939088000,27800,after
secret_dependent_routine,382156939089000,382156939119000,30000,after
secret_dependent_routine,382156939120100,382156939150800,30700,after
secret_dependent_routine,382156939151900,382156939183300,31400,after
secret_dependent_routine,382156939184400,382156939219100,34700,after
secret_dependent_routine,382156939220500,382156939252200,31700,after
secret_dependent_routine,382156939253300,382156939284100,30800,after
secret_dependent_routine,382156939285300,382156939317200,31900,after
secret_dependent_routine,382156939318300,382156939349100,30800,after
secret_dependent_routine,382156939350200,382156939381600,31400,after
secret_dependent_routine,382156939384100,382156939416600,32500,after
secret_dependent_routine,382156939417800,382156939451100,33300,after
secret_dependent_routine,382156939452500,382156939486500,34000,after
secret_dependent_routine,382156939488000,382156939526100,38100,after
secret_dependent_routine,382156939527800,382156939567400,39600,after
secret_dependent_routine,382156939570200,382156939608300,38100,after
secret_dependent_routine,382156939609600,382156939657800,48200,after
secret_dependent_routine,382156939661900,382156939701600,39700,after
secret_dependent_routine,382156939704600,382156939741400,36800,after
secret_dependent_routine,382156939742700,382156939780200,37500,after
secret_dependent_routine,382156939781400,382156939837000,55600,after
secret_dependent_routine,382156939838900,382156939877100,38200,after
secret_dependent_routine,382156939878600,382156939916900,38300,after
secret_dependent_routine,382156939918100,382156939973400,55300,after
secret_dependent_routine,382156939975100,382156940011600,36500,after
secret_dependent_routine,382156940013000,382156940050800,37800,after
secret_dependent_routine,382156940051900,382156940087800,35900,after
secret_dependent_routine,382156940089300,382156940126400,37100,after
secret_dependent_routine,382156940127700,382156940167000,39300,after
secret_dependent_routine,382156940169000,382156940205700,36700,after
secret_dependent_routine,382156940206900,382156940243700,36800,after
secret_dependent_routine,382156940244700,382156940273000,28300,after
secret_dependent_routine,382156940274000,382156940302800,28800,after
secret_dependent_routine,382156940303900,382156940332600,28700,after
secret_dependent_routine,382156940333700,382156940362600,28900,after
secret_dependent_routine,382156940363600,382156940391900,28300,after
secret_dependent_routine,382156940392900,382156940423000,30100,after
secret_dependent_routine,382156940424000,382156940451800,27800,after
secret_dependent_routine,382156940452700,382156940480600,27900,after
secret_dependent_routine,382156940481500,382156940509100,27600,after
secret_dependent_routine,382156940510100,382156940537800,27700,after
secret_dependent_routine,382156940538700,382156940568500,29800,after
secret_dependent_routine,382156940569500,382156940597700,28200,after
secret_dependent_routine,382156940598700,382156940627000,28300,after
secret_dependent_routine,382156940628100,382156940656500,28400,after
secret_dependent_routine,382156940657500,382156940685800,28300,after
secret_dependent_routine,382156940686700,382156940715000,28300,after
secret_dependent_routine,382156940716000,382156940743500,27500,after
secret_dependent_routine,382156940744500,382156940772500,28000,after
secret_dependent_routine,382156940773400,382156940801600,28200,after
secret_dependent_routine,382156940802600,382156940830500,27900,after
secret_dependent_routine,382156940831500,382156940859500,28000,after
secret_dependent_routine,382156940862500,382156940890400,27900,after
secret_dependent_routine,382156940891500,382156940919600,28100,after
secret_dependent_routine,382156940920700,382156940949100,28400,after
secret_dependent_routine,382156940950000,382156940978200,28200,after
secret_dependent_routine,382156940979200,382156941006700,27500,after
secret_dependent_routine,382156941007700,382156941035800,28100,after
secret_dependent_routine,382156941036800,382156941064500,27700,after
secret_dependent_routine,382156941065600,382156941093500,27900,after
secret_dependent_routine,382156941094500,382156941126400,31900,after
secret_dependent_routine,382156941127500,382156941158200,30700,after
secret_dependent_routine,382156941159300,382156941190000,30700,after
secret_dependent_routine,382156941191100,382156941230600,39500,after
secret_dependent_routine,382156941232300,382156941266900,34600,after
secret_dependent_routine,382156941268200,382156941301000,32800,after
secret_dependent_routine,382156941301900,382156941329400,27500,after
secret_dependent_routine,382156941330400,382156941358100,27700,after
secret_dependent_routine,382156941359100,382156941386200,27100,after
secret_dependent_routine,382156941387100,382156941414800,27700,after
secret_dependent_routine,382156941415700,382156941443300,27600,after
secret_dependent_routine,382156941444300,382156941471900,27600,after
secret_dependent_routine,382156941472900,382156941501100,28200,after
secret_dependent_routine,382156941502100,382156941529700,27600,after
secret_dependent_routine,382156941530600,382156941557600,27000,after
secret_dependent_routine,382156941558600,382156941585800,27200,after
secret_dependent_routine,382156941586700,382156941613900,27200,after
secret_dependent_routine,382156941614900,382156941642200,27300,after
secret_dependent_routine,382156941643100,382156941670800,27700,after
secret_dependent_routine,382156941671700,382156941699600,27900,after
secret_dependent_routine,382156941700500,382156941727700,27200,after
secret_dependent_routine,382156941728700,382156941756300,27600,after
secret_dependent_routine,382156941757300,382156941784100,26800,after
secret_dependent_routine,382156941785000,382156941813300,28300,after
secret_dependent_routine,382156941814400,382156941841700,27300,after
secret_dependent_routine,382156941842600,382156941870900,28300,after
secret_dependent_routine,382156941871800,382156941899200,27400,after
secret_dependent_routine,382156941900200,382156941927500,27300,after
secret_dependent_routine,382156941929700,382156941957400,27700,after
secret_dependent_routine,382156941958400,382156941986600,28200,after
secret_dependent_routine,382156941987600,382156942015100,27500,after
secret_dependent_routine,382156942016100,382156942044000,27900,after
secret_dependent_routine,382156942045000,382156942072500,27500,after
secret_dependent_routine,382156942073600,382156942102500,28900,after
secret_dependent_routine,382156942109600,382156942143500,33900,after
secret_dependent_routine,382156942144600,382156942178400,33800,after
secret_dependent_routine,382156942179500,382156942215800,36300,after
secret_dependent_routine,382156942217000,382156942254700,37700,after
secret_dependent_routine,382156942256000,382156942293000,37000,after
secret_dependent_routine,382156942295300,382156942326600,31300,after
secret_dependent_routine,382156942327600,382156942359000,31400,after
secret_dependent_routine,382156942359900,382156942390000,30100,after
secret_dependent_routine,382156942391000,382156942420800,29800,after
secret_dependent_routine,382156942421700,382156942452200,30500,after
secret_dependent_routine,382156942453200,382156942482700,29500,after
secret_dependent_routine,382156942483700,382156942513500,29800,after
secret_dependent_routine,382156942514600,382156942544400,29800,after
secret_dependent_routine,382156942545400,382156942575500,30100,after
secret_dependent_routine,382156942576400,382156942606000,29600,after
secret_dependent_routine,382156942607000,382156942636800,29800,after
secret_dependent_routine,382156942637700,382156942667100,29400,after
secret_dependent_routine,382156942668100,382156942695800,27700,after
secret_dependent_routine,382156942696800,382156942726000,29200,after
secret_dependent_routine,382156942727000,382156942757300,30300,after
secret_dependent_routine,382156942758300,382156942789500,31200,after
secret_dependent_routine,382156942790500,382156942820800,30300,after
secret_dependent_routine,382156942821800,382156942852100,30300,after
secret_dependent_routine,382156942853000,382156942882800,29800,after
secret_dependent_routine,382156942883800,382156942913100,29300,after
secret_dependent_routine,382156942914100,382156942943700,29600,after
secret_dependent_routine,382156942944600,382156942974400,29800,after
secret_dependent_routine,382156942975400,382156943006000,30600,after
secret_dependent_routine,382156943007000,382156943036600,29600,after
secret_dependent_routine,382156943037600,382156943067700,30100,after
secret_dependent_routine,382156943069800,382156943097800,28000,after
secret_dependent_routine,382156943099000,382156943130800,31800,after
secret_dependent_routine,382156943131900,382156943164000,32100,after
secret_dependent_routine,382156943165000,382156943197000,32000,after
secret_dependent_routine,382156943198200,382156943236600,38400,after
secret_dependent_routine,382156943238300,382156943274200,35900,after
secret_dependent_routine,382156943275100,382156943303100,28000,after
secret_dependent_routine,382156943304100,382156943331900,27800,after
secret_dependent_routine,382156943332900,382156943360100,27200,after
secret_dependent_routine,382156943361100,382156943388800,27700,after
secret_dependent_routine,382156943389700,382156943417500,27800,after
secret_dependent_routine,382156943418500,382156943446100,27600,after
secret_dependent_routine,382156943447000,382156943474500,27500,after
secret_dependent_routine,382156943476600,382156943503800,27200,after
secret_dependent_routine,382156943504900,382156943532300,27400,after
secret_dependent_routine,382156943533300,382156943561000,27700,after
secret_dependent_routine,382156943561900,382156943589200,27300,after
secret_dependent_routine,382156943590200,382156943617600,27400,after
secret_dependent_routine,382156943618600,382156943646000,27400,after
secret_dependent_routine,382156943647000,382156943674300,27300,after
secret_dependent_routine,382156943675200,382156943702500,27300,after
secret_dependent_routine,382156943703500,382156943731200,27700,after
secret_dependent_routine,382156943732200,382156943759900,27700,after
secret_dependent_routine,382156943760800,382156943788300,27500,after
secret_dependent_routine,382156943789300,382156943816600,27300,after
secret_dependent_routine,382156943817600,382156943846000,28400,after
secret_dependent_routine,382156943847000,382156943875500,28500,after
secret_dependent_routine,382156943876500,382156943903600,27100,after
secret_dependent_routine,382156943904600,382156943932500,27900,after
secret_dependent_routine,382156943933500,382156943960900,27400,after
secret_dependent_routine,382156943961900,382156943990600,28700,after
secret_dependent_routine,382156943991600,382156944018800,27200,after
secret_dependent_routine,382156944019700,382156944047000,27300,after
secret_dependent_routine,382156944048000,382156944075400,27400,after
secret_dependent_routine,382156944076300,382156944103600,27300,after
secret_dependent_routine,382156944104600,382156944134100,29500,after
secret_dependent_routine,382156944136600,382156944168700,32100,after
secret_dependent_routine,382156944169800,382156944202100,32300,after
secret_dependent_routine,382156944203300,382156944238400,35100,after
secret_dependent_routine,382156944239600,382156944274600,35000,after
secret_dependent_routine,382156944275800,382156944310100,34300,after
secret_dependent_routine,382156944311200,382156944339000,27800,after
secret_dependent_routine,382156944339900,382156944368100,28200,after
secret_dependent_routine,382156944369200,382156944397600,28400,after
secret_dependent_routine,382156944398500,382156944427700,29200,after
secret_dependent_routine,382156944428800,382156944458800,30000,after
secret_dependent_routine,382156944459900,382156944490000,30100,after
secret_dependent_routine,382156944491300,382156944527200,35900,after
secret_dependent_routine,382156944528400,382156944562000,33600,after
secret_dependent_routine,382156944563300,382156944598900,35600,after
secret_dependent_routine,382156944600000,382156944651600,51600,after
secret_dependent_routine,382156944653500,382156944714300,60800,after
secret_dependent_routine,382156944716700,382156944784600,67900,after
secret_dependent_routine,382156944787700,382156944853200,65500,after
secret_dependent_routine,382156944856400,382156944916500,60100,after
secret_dependent_routine,382156944918800,382156944978500,59700,after
secret_dependent_routine,382156944984300,382156945038100,53800,after
secret_dependent_routine,382156945040300,382156945099400,59100,after
secret_dependent_routine,382156945101900,382156945167900,66000,after
secret_dependent_routine,382156945170300,382156945227100,56800,after
secret_dependent_routine,382156945229500,382156945285000,55500,after
secret_dependent_routine,382156945287900,382156945345900,58000,after
secret_dependent_routine,382156945349700,382156945407600,57900,after
secret_dependent_routine,382156945409200,382156945473300,64100,after
secret_dependent_routine,382156945475700,382156945530400,54700,after
secret_dependent_routine,382156945532800,382156945570700,37900,after
secret_dependent_routine,382156945572000,382156945606300,34300,after
secret_dependent_routine,382156945607500,382156945646100,38600,after
secret_dependent_routine,382156945647500,382156945685900,38400,after
secret_dependent_routine,382156945687700,382156945725600,37900,after
secret_dependent_routine,382156945727100,382156945762700,35600,after
secret_dependent_routine,382156945854400,382156945892600,38200,after
secret_dependent_routine,382156945895100,382156945932900,37800,after
secret_dependent_routine,382156945937500,382156945975700,38200,after
secret_dependent_routine,382156945981100,382156946020800,39700,after
secret_dependent_routine,382156946022600,382156946062700,40100,after
secret_dependent_routine,382156946064300,382156946104400,40100,after
secret_dependent_routine,382156946106000,382156946144700,38700,after
secret_dependent_routine,382156946145800,382156946179700,33900,after
secret_dependent_routine,382156946180700,382156946216500,35800,after
secret_dependent_routine,382156946220800,382156946258200,37400,after
secret_dependent_routine,382156946259600,382156946297100,37500,after
secret_dependent_routine,382156946298600,382156946336600,38000,after
secret_dependent_routine,382156946338000,382156946378100,40100,after
secret_dependent_routine,382156946379900,382156946418700,38800,after
secret_dependent_routine,382156946420300,382156946460100,39800,after
secret_dependent_routine,382156946461900,382156946500200,38300,after
secret_dependent_routine,382156946501500,382156946545000,43500,after
secret_dependent_routine,382156946548100,382156946895200,347100,after
secret_dependent_routine,382156946923600,382156947005800,82200,after
secret_dependent_routine,382156947010100,382156947052800,42700,after
secret_dependent_routine,382156947054700,382156947095200,40500,after
secret_dependent_routine,382156947096600,382156947136600,40000,after
secret_dependent_routine,382156947138000,382156947179200,41200,after
secret_dependent_routine,382156947180700,382156947222800,42100,after
secret_dependent_routine,382156947224100,382156947262100,38000,after
secret_dependent_routine,382156947263500,382156947300800,37300,after
secret_dependent_routine,382156947302100,382156947353900,51800,after
secret_dependent_routine,382156947367400,382156947405100,37700,after
secret_dependent_routine,382156947406600,382156947443300,36700,after
secret_dependent_routine,382156947444500,382156947477600,33100,after
secret_dependent_routine,382156947478600,382156947513700,35100,after
secret_dependent_routine,382156947515700,382156947547200,31500,after
secret_dependent_routine,382156947548500,382156947579400,30900,after
secret_dependent_routine,382156947580600,382156947612600,32000,after
secret_dependent_routine,382156947613700,382156947645000,31300,after
secret_dependent_routine,382156947646000,382156947676800,30800,after
secret_dependent_routine,382156947677900,382156947708900,31000,after
secret_dependent_routine,382156947710000,382156947740400,30400,after
secret_dependent_routine,382156947743000,382156947774400,31400,after
secret_dependent_routine,382156947775500,382156947806300,30800,after
secret_dependent_routine,382156947807500,382156947838800,31300,after
secret_dependent_routine,382156947839900,382156947871200,31300,after
secret_dependent_routine,382156947872300,382156947904000,31700,after
secret_dependent_routine,382156947905100,382156947936700,31600,after
secret_dependent_routine,382156947937800,382156947968900,31100,after
secret_dependent_routine,382156947970100,382156948000700,30600,after
secret_dependent_routine,382156948001800,382156948032500,30700,after
secret_dependent_routine,382156948033600,382156948064900,31300,after
secret_dependent_routine,382156948066000,382156948097400,31400,after
secret_dependent_routine,382156948098600,382156948130300,31700,after
secret_dependent_routine,382156948131300,382156948163300,32000,after
secret_dependent_routine,382156948164400,382156948195700,31300,after
secret_dependent_routine,382156948196800,382156948227800,31000,after
secret_dependent_routine,382156948228900,382156948260100,31200,after
secret_dependent_routine,382156948261100,382156948292800,31700,after
secret_dependent_routine,382156948294000,382156948325700,31700,after
secret_dependent_routine,382156948326800,382156948358900,32100,after
secret_dependent_routine,382156948360000,382156948391200,31200,after
secret_dependent_routine,382156948392200,382156948425100,32900,after
secret_dependent_routine,382156948426200,382156948457100,30900,after
secret_dependent_routine,382156948458300,382156948490000,31700,after
secret_dependent_routine,382156948491100,382156948529800,38700,after
secret_dependent_routine,382156948531000,382156948562900,31900,after
secret_dependent_routine,382156948564000,382156948599400,35400,after
secret_dependent_routine,382156948600700,382156948636800,36100,after
secret_dependent_routine,382156948638100,382156948673900,35800,after
secret_dependent_routine,382156948675200,382156948711200,36000,after
secret_dependent_routine,382156948712500,382156948748100,35600,after
secret_dependent_routine,382156948749300,382156948784900,35600,after
secret_dependent_routine,382156948787400,382156948822300,34900,after
secret_dependent_routine,382156948823600,382156948859500,35900,after
secret_dependent_routine,382156948860800,382156948896600,35800,after
secret_dependent_routine,382156948897900,382156948934100,36200,after
secret_dependent_routine,382156948935300,382156948971600,36300,after
secret_dependent_routine,382156948973900,382156949005200,31300,after
secret_dependent_routine,382156949006300,382156949037000,30700,after
secret_dependent_routine,382156949038100,382156949069600,31500,after
secret_dependent_routine,382156949070600,382156949101600,31000,after
secret_dependent_routine,382156949102800,382156949135200,32400,after
secret_dependent_routine,382156949136300,382156949167500,31200,after
secret_dependent_routine,382156949168600,382156949200800,32200,after
secret_dependent_routine,382156949201900,382156949232500,30600,after
secret_dependent_routine,382156949233700,382156949265100,31400,after
secret_dependent_routine,382156949266200,382156949297000,30800,after
secret_dependent_routine,382156949298100,382156949329600,31500,after
secret_dependent_routine,382156949330700,382156949368400,37700,after
secret_dependent_routine,382156949370000,382156949403000,33000,after
secret_dependent_routine,382156949404100,382156949436900,32800,after
secret_dependent_routine,382156949438000,382156949470500,32500,after
secret_dependent_routine,382156949471600,382156949504400,32800,after
secret_dependent_routine,382156949505600,382156949537900,32300,after
secret_dependent_routine,382156949539000,382156949570700,31700,after
secret_dependent_routine,382156949571800,382156949604400,32600,after
secret_dependent_routine,382156949605400,382156949636900,31500,after
secret_dependent_routine,382156949638000,382156949670300,32300,after
secret_dependent_routine,382156949671300,382156949703900,32600,after
secret_dependent_routine,382156949705100,382156949737600,32500,after
secret_dependent_routine,382156949738600,382156949770900,32300,after
secret_dependent_routine,382156949772000,382156949804100,32100,after
secret_dependent_routine,382156949805200,382156949837400,32200,after
secret_dependent_routine,382156949838500,382156949870300,31800,after
secret_dependent_routine,382156949871300,382156949903500,32200,after
secret_dependent_routine,382156949904600,382156949936000,31400,after
secret_dependent_routine,382156949937100,382156949968200,31100,after
secret_dependent_routine,382156949969300,382156950000500,31200,after
secret_dependent_routine,382156950001700,382156950049600,47900,after
secret_dependent_routine,382156950051300,382156950135300,84000,after
secret_dependent_routine,382156950137300,382156950197700,60400,after
secret_dependent_routine,382156950200600,382156950322400,121800,after
secret_dependent_routine,382156950334200,382156950539000,204800,after
secret_dependent_routine,382156950555900,382156950620600,64700,after
secret_dependent_routine,382156950623500,382156950681300,57800,after
secret_dependent_routine,382156950686200,382156950738500,52300,after
secret_dependent_routine,382156950740700,382156950799600,58900,after
secret_dependent_routine,382156950802300,382156950864700,62400,after
secret_dependent_routine,382156950866600,382156950929100,62500,after
secret_dependent_routine,382156950931400,382156950993600,62200,after
secret_dependent_routine,382156950996000,382156951059800,63800,after
secret_dependent_routine,382156951062400,382156951159100,96700,after
secret_dependent_routine,382156951170600,382156951237200,66600,after
secret_dependent_routine,382156951240900,382156951307700,66800,after
secret_dependent_routine,382156951314200,382156951351900,37700,after
secret_dependent_routine,382156951353900,382156951391500,37600,after
secret_dependent_routine,382156951392700,382156951427200,34500,after
secret_dependent_routine,382156951428500,382156951463000,34500,after
secret_dependent_routine,382156951464100,382156951497200,33100,after
secret_dependent_routine,382156951498400,382156951531700,33300,after
secret_dependent_routine,382156951532900,382156951565900,33000,after
secret_dependent_routine,382156951567000,382156951600900,33900,after
secret_dependent_routine,382156951602100,382156951635400,33300,after
secret_dependent_routine,382156951636600,382156951670000,33400,after
secret_dependent_routine,382156951671200,382156951705200,34000,after
secret_dependent_routine,382156951706400,382156951741100,34700,after
secret_dependent_routine,382156951742100,382156951772800,30700,after
secret_dependent_routine,382156951773900,382156951805000,31100,after
secret_dependent_routine,382156951806100,382156951836500,30400,after
secret_dependent_routine,382156951837600,382156951869100,31500,after
secret_dependent_routine,382156951870200,382156951900700,30500,after
secret_dependent_routine,382156951901800,382156951933100,31300,after
secret_dependent_routine,382156951934200,382156951965700,31500,after
secret_dependent_routine,382156951966800,382156951998300,31500,after
secret_dependent_routine,382156951999400,382156952036000,36600,after
secret_dependent_routine,382156952037300,382156952068600,31300,after
secret_dependent_routine,382156952069700,382156952104000,34300,after
secret_dependent_routine,382156952105200,382156952143000,37800,after
secret_dependent_routine,382156952144500,382156952175400,30900,after
secret_dependent_routine,382156952176600,382156952207500,30900,after
secret_dependent_routine,382156952209600,382156952240400,30800,after
secret_dependent_routine,382156952241500,382156952272800,31300,after
secret_dependent_routine,382156952273900,382156952304300,30400,after
secret_dependent_routine,382156952305400,382156952336300,30900,after
secret_dependent_routine,382156952337400,382156952367800,30400,after
secret_dependent_routine,382156952368900,382156952399600,30700,after
secret_dependent_routine,382156952400700,382156952439100,38400,after
secret_dependent_routine,382156952440900,382156952473100,32200,after
secret_dependent_routine,382156952475300,382156952509500,34200,after
secret_dependent_routine,382156952510700,382156952544600,33900,after
secret_dependent_routine,382156952545600,382156952578300,32700,after
secret_dependent_routine,382156952579400,382156952613500,34100,after
secret_dependent_routine,382156952614500,382156952648600,34100,after
secret_dependent_routine,382156952649700,382156952683600,33900,after
secret_dependent_routine,382156952684700,382156952718900,34200,after
secret_dependent_routine,382156952720000,382156952753800,33800,after
secret_dependent_routine,382156952754900,382156952788100,33200,after
secret_dependent_routine,382156952789200,382156952822800,33600,after
secret_dependent_routine,382156952823900,382156952857500,33600,after
secret_dependent_routine,382156952858700,382156952892600,33900,after
secret_dependent_routine,382156952893700,382156952928100,34400,after
secret_dependent_routine,382156952929200,382156952963400,34200,after
secret_dependent_routine,382156952964500,382156952998200,33700,after
secret_dependent_routine,382156952999300,382156953035900,36600,after
secret_dependent_routine,382156953037000,382156953068300,31300,after
secret_dependent_routine,382156953069400,382156953100500,31100,after
secret_dependent_routine,382156953101600,382156953132000,30400,after
secret_dependent_routine,382156953133100,382156953163800,30700,after
secret_dependent_routine,382156953164800,382156953195500,30700,after
secret_dependent_routine,382156953196600,382156953228100,31500,after
secret_dependent_routine,382156953229200,382156953259700,30500,after
secret_dependent_routine,382156953260800,382156953292200,31400,after
secret_dependent_routine,382156953293300,382156953324500,31200,after
secret_dependent_routine,382156953325600,382156953356200,30600,after
secret_dependent_routine,382156953357300,382156953388100,30800,after
secret_dependent_routine,382156953389200,382156953419800,30600,after
secret_dependent_routine,382156953422300,382156953453300,31000,after
secret_dependent_routine,382156953454500,382156953486500,32000,after
secret_dependent_routine,382156953487600,382156953518600,31000,after
secret_dependent_routine,382156953519700,382156953552000,32300,after
secret_dependent_routine,382156953553100,382156953584100,31000,after
secret_dependent_routine,382156953585200,382156953616600,31400,after
secret_dependent_routine,382156953617700,382156953648100,30400,after
secret_dependent_routine,382156953649200,382156953680300,31100,after
secret_dependent_routine,382156953681300,382156953711500,30200,after
secret_dependent_routine,382156953712600,382156953743300,30700,after
secret_dependent_routine,382156953744400,382156953774500,30100,after
secret_dependent_routine,382156953775600,382156953806000,30400,after
secret_dependent_routine,382156953807000,382156953837700,30700,after
secret_dependent_routine,382156953838700,382156953869600,30900,after
secret_dependent_routine,382156953871900,382156953902900,31000,after
secret_dependent_routine,382156953904000,382156953935100,31100,after
secret_dependent_routine,382156953936300,382156953967100,30800,after
secret_dependent_routine,382156953968200,382156953999200,31000,after
secret_dependent_routine,382156954000300,382156954038500,38200,after
secret_dependent_routine,382156954039700,382156954072400,32700,after
secret_dependent_routine,382156954073500,382156954108600,35100,after
secret_dependent_routine,382156954109800,382156954145500,35700,after
secret_dependent_routine,382156954146900,382156954181900,35000,after
secret_dependent_routine,382156954183100,382156954219400,36300,after
secret_dependent_routine,382156954220500,382156954255400,34900,after
secret_dependent_routine,382156954256600,382156954293800,37200,after
secret_dependent_routine,382156954294900,382156954330900,36000,after
secret_dependent_routine,382156954332000,382156954367200,35200,after
secret_dependent_routine,382156954368300,382156954402200,33900,after
secret_dependent_routine,382156954403300,382156954440700,37400,after
secret_dependent_routine,382156954442300,382156954474600,32300,after
secret_dependent_routine,382156954475700,382156954508200,32500,after
secret_dependent_routine,382156954509400,382156954545500,36100,after
secret_dependent_routine,382156954546800,382156954578600,31800,after
secret_dependent_routine,382156954579800,382156954610800,31000,after
secret_dependent_routine,382156954611900,382156954643500,31600,after
secret_dependent_routine,382156954646100,382156954677300,31200,after
secret_dependent_routine,382156954678400,382156954709400,31000,after
secret_dependent_routine,382156954710500,382156954741400,30900,after
secret_dependent_routine,382156954742500,382156954774000,31500,after
secret_dependent_routine,382156954775100,382156954806200,31100,after
secret_dependent_routine,382156954807300,382156954838500,31200,after
secret_dependent_routine,382156954839500,382156954874900,35400,after
secret_dependent_routine,382156954877100,382156954926200,49100,after
secret_dependent_routine,382156954928000,382156954963700,35700,after
secret_dependent_routine,382156954965000,382156954999900,34900,after
secret_dependent_routine,382156955001100,382156955036200,35100,after
secret_dependent_routine,382156955037500,382156955074900,37400,after
secret_dependent_routine,382156955076200,382156955114100,37900,after
secret_dependent_routine,382156955115400,382156955150800,35400,after
secret_dependent_routine,382156955152000,382156955185500,33500,after
secret_dependent_routine,382156955186700,382156955221200,34500,after
secret_dependent_routine,382156955222500,382156955259200,36700,after
secret_dependent_routine,382156955260500,382156955298400,37900,after
secret_dependent_routine,382156955299700,382156955337100,37400,after
secret_dependent_routine,382156955338400,382156955374600,36200,after
secret_dependent_routine,382156955377000,382156955411300,34300,after
secret_dependent_routine,382156955412600,382156955446800,34200,after
secret_dependent_routine,382156955448000,382156955481600,33600,after
secret_dependent_routine,382156955482800,382156955516500,33700,after
secret_dependent_routine,382156955517700,382156955555400,37700,after
secret_dependent_routine,382156955556700,382156955587400,30700,after
secret_dependent_routine,382156955588600,382156955619300,30700,after
secret_dependent_routine,382156955620400,382156955651200,30800,after
secret_dependent_routine,382156955652300,382156955682700,30400,after
secret_dependent_routine,382156955683800,382156955714900,31100,after
secret_dependent_routine,382156955715900,382156955746200,30300,after
secret_dependent_routine,382156955747200,382156955778100,30900,after
secret_dependent_routine,382156955779200,382156955809400,30200,after
secret_dependent_routine,382156955810500,382156955841300,30800,after
secret_dependent_routine,382156955842400,382156955874400,32000,after
secret_dependent_routine,382156955875500,382156955906400,30900,after
secret_dependent_routine,382156955908800,382156955939900,31100,after
secret_dependent_routine,382156955941000,382156955972300,31300,after
secret_dependent_routine,382156955973500,382156956004600,31100,after
secret_dependent_routine,382156956005700,382156956036900,31200,after
secret_dependent_routine,382156956038000,382156956069100,31100,after
secret_dependent_routine,382156956070100,382156956101300,31200,after
secret_dependent_routine,382156956102400,382156956133300,30900,after
secret_dependent_routine,382156956134500,382156956165400,30900,after
secret_dependent_routine,382156956166600,382156956197700,31100,after
secret_dependent_routine,382156956198900,382156956229900,31000,after
secret_dependent_routine,382156956231000,382156956261800,30800,after
secret_dependent_routine,382156956262800,382156956293800,31000,after
secret_dependent_routine,382156956294900,382156956325800,30900,after
secret_dependent_routine,382156956326900,382156956358300,31400,after
secret_dependent_routine,382156956359300,382156956390600,31300,after
secret_dependent_routine,382156956391700,382156956422900,31200,after
secret_dependent_routine,382156956424000,382156956460300,36300,after
secret_dependent_routine,382156956461900,382156956493600,31700,after
secret_dependent_routine,382156956494800,382156956529100,34300,after
secret_dependent_routine,382156956531000,382156956580600,49600,after
secret_dependent_routine,382156956583500,382156956678100,94600,after
secret_dependent_routine,382156956681500,382156956749200,67700,after
secret_dependent_routine,382156956752200,382156956819600,67400,after
secret_dependent_routine,382156956821900,382156956889000,67100,after
secret_dependent_routine,382156956891300,382156956949600,58300,after
secret_dependent_routine,382156956952300,382156957005900,53600,after
secret_dependent_routine,382156957008000,382156957045900,37900,after
secret_dependent_routine,382156957051300,382156957092900,41600,after
secret_dependent_routine,382156957094200,382156957134800,40600,after
secret_dependent_routine,382156957136200,382156957177200,41000,after
secret_dependent_routine,382156957178600,382156957219700,41100,after
secret_dependent_routine,382156957221200,382156957262700,41500,after
secret_dependent_routine,382156957264100,382156957304100,40000,after
secret_dependent_routine,382156957305500,382156957346400,40900,after
secret_dependent_routine,382156957348200,382156957385800,37600,after
secret_dependent_routine,382156957387000,382156957424600,37600,after
secret_dependent_routine,382156957425900,382156957462700,36800,after
secret_dependent_routine,382156957465400,382156957499500,34100,after
secret_dependent_routine,382156957500700,382156957637800,137100,after
secret_dependent_routine,382156957640800,382156957687900,47100,after
secret_dependent_routine,382156957689300,382156957736600,47300,after
secret_dependent_routine,382156957738700,382156957790900,52200,after
secret_dependent_routine,382156957792900,382156957836300,43400,after
secret_dependent_routine,382156957837800,382156957872600,34800,after
secret_dependent_routine,382156957873700,382156957906200,32500,after
secret_dependent_routine,382156957907300,382156957939700,32400,after
secret_dependent_routine,382156957940900,382156957973000,32100,after
secret_dependent_routine,382156957974100,382156958007100,33000,after
secret_dependent_routine,382156958008200,382156958040100,31900,after
secret_dependent_routine,382156958041200,382156958074200,33000,after
secret_dependent_routine,382156958075300,382156958107300,32000,after
secret_dependent_routine,382156958108400,382156958141100,32700,after
secret_dependent_routine,382156958142200,382156958174400,32200,after
secret_dependent_routine,382156958175500,382156958208100,32600,after
secret_dependent_routine,382156958209100,382156958241900,32800,after
secret_dependent_routine,382156958243000,382156958275400,32400,after
secret_dependent_routine,382156958276500,382156958308500,32000,after
secret_dependent_routine,382156958309600,382156958342200,32600,after
secret_dependent_routine,382156958343300,382156958378100,34800,after
secret_dependent_routine,382156958379300,382156958413800,34500,after
secret_dependent_routine,382156958415300,382156958454300,39000,after
secret_dependent_routine,382156958456000,382156958487900,31900,after
secret_dependent_routine,382156958489100,382156958520400,31300,after
secret_dependent_routine,382156958521400,382156958557000,35600,after
secret_dependent_routine,382156958558300,382156958589800,31500,after
secret_dependent_routine,382156958590900,382156958621500,30600,after
secret_dependent_routine,382156958622600,382156958653200,30600,after
secret_dependent_routine,382156958654300,382156958685500,31200,after
secret_dependent_routine,382156958686500,382156958717400,30900,after
secret_dependent_routine,382156958718400,382156958749400,31000,after
secret_dependent_routine,382156958751800,382156958783400,31600,after
secret_dependent_routine,382156958784500,382156958816200,31700,after
secret_dependent_routine,382156958817400,382156958848700,31300,after
secret_dependent_routine,382156958851000,382156958882400,31400,after
secret_dependent_routine,382156958883600,382156958914100,30500,after
secret_dependent_routine,382156958915300,382156958946400,31100,after
secret_dependent_routine,382156958947500,382156958979100,31600,after
secret_dependent_routine,382156958980200,382156959012100,31900,after
secret_dependent_routine,382156959013100,382156959044500,31400,after
secret_dependent_routine,382156959045800,382156959076800,31000,after
secret_dependent_routine,382156959077900,382156959109100,31200,after
secret_dependent_routine,382156959110200,382156959141800,31600,after
secret_dependent_routine,382156959142900,382156959174500,31600,after
secret_dependent_routine,382156959175600,382156959207000,31400,after
secret_dependent_routine,382156959208100,382156959239200,31100,after
secret_dependent_routine,382156959240200,382156959271700,31500,after
secret_dependent_routine,382156959272700,382156959304000,31300,after
secret_dependent_routine,382156959305100,382156959336300,31200,after
secret_dependent_routine,382156959337300,382156959368300,31000,after
secret_dependent_routine,382156959369400,382156959400500,31100,after
secret_dependent_routine,382156959401500,382156959432700,31200,after
secret_dependent_routine,382156959433800,382156959464800,31000,after
secret_dependent_routine,382156959465900,382156959496700,30800,after
secret_dependent_routine,382156959497800,382156959532300,34500,after
secret_dependent_routine,382156959533700,382156959564900,31200,after
secret_dependent_routine,382156959566000,382156959660500,94500,after
secret_dependent_routine,382156959663900,382156959717300,53400,after
secret_dependent_routine,382156959719700,382156959757500,37800,after
secret_dependent_routine,382156959758900,382156959792400,33500,after
secret_dependent_routine,382156959793800,382156959825100,31300,after
secret_dependent_routine,382156959826200,382156959856600,30400,after
secret_dependent_routine,382156959857800,382156959893500,35700,after
secret_dependent_routine,382156959898100,382156959929500,31400,after
secret_dependent_routine,382156959930900,382156959962100,31200,after
secret_dependent_routine,382156959963400,382156959994100,30700,after
secret_dependent_routine,382156959995300,382156960027100,31800,after
secret_dependent_routine,382156960028400,382156960059900,31500,after
secret_dependent_routine,382156960061100,382156960092600,31500,after
secret_dependent_routine,382156960094000,382156960125500,31500,after
secret_dependent_routine,382156960127700,382156960159500,31800,after
secret_dependent_routine,382156960160700,382156960192200,31500,after
secret_dependent_routine,382156960193800,382156960231100,37300,after
secret_dependent_routine,382156960233900,382156960272600,38700,after
secret_dependent_routine,382156960274100,382156960308700,34600,after
secret_dependent_routine,382156960310000,382156960343000,33000,after
secret_dependent_routine,382156960344100,382156960377300,33200,after
secret_dependent_routine,382156960378500,382156960410500,32000,after
secret_dependent_routine,382156960411800,382156960449200,37400,after
secret_dependent_routine,382156960451000,382156960482300,31300,after
secret_dependent_routine,382156960483400,382156960515200,31800,after
secret_dependent_routine,382156960516300,382156960553600,37300,after
secret_dependent_routine,382156960555300,382156960586700,31400,after
secret_dependent_routine,382156960588000,382156960622400,34400,after
secret_dependent_routine,382156960624000,382156960659200,35200,after
secret_dependent_routine,382156960660700,382156960706000,45300,after
secret_dependent_routine,382156960707600,382156960742600,35000,after
secret_dependent_routine,382156960744000,382156960780400,36400,after
secret_dependent_routine,382156960782000,382156960819200,37200,after
secret_dependent_routine,382156960820500,382156960859300,38800,after
secret_dependent_routine,382156960860600,382156960898100,37500,after
secret_dependent_routine,382156960899300,382156960936000,36700,after
secret_dependent_routine,382156960937300,382156960976300,39000,after
secret_dependent_routine,382156960977600,382156961014500,36900,after
secret_dependent_routine,382156961016000,382156961053800,37800,after
secret_dependent_routine,382156961055100,382156961092900,37800,after
secret_dependent_routine,382156961094400,382156961140600,46200,after
secret_dependent_routine,382156961142800,382156961193000,50200,after
secret_dependent_routine,382156961194900,382156961275200,80300,after
secret_dependent_routine,382156961287600,382156961352700,65100,after
secret_dependent_routine,382156961356100,382156961420500,64400,after
secret_dependent_routine,382156961422600,382156961480500,57900,after
secret_dependent_routine,382156961482200,382156961534400,52200,after
secret_dependent_routine,382156961536200,382156961602100,65900,after
secret_dependent_routine,382156961604100,382156961666500,62400,after
secret_dependent_routine,382156961668200,382156961719500,51300,after
secret_dependent_routine,382156961723100,382156961776800,53700,after
secret_dependent_routine,382156961778900,382156961825900,47000,after
secret_dependent_routine,382156961827500,382156961881400,53900,after
secret_dependent_routine,382156961883500,382156961933700,50200,after
secret_dependent_routine,382156961935800,382156961984700,48900,after
secret_dependent_routine,382156961986700,382156962029700,43000,after
secret_dependent_routine,382156962031500,382156962068000,36500,after
secret_dependent_routine,382156962069500,382156962106000,36500,after
secret_dependent_routine,382156962107400,382156962144400,37000,after
secret_dependent_routine,382156962148100,382156962183400,35300,after
secret_dependent_routine,382156962184500,382156962217300,32800,after
secret_dependent_routine,382156962218500,382156962252100,33600,after
secret_dependent_routine,382156962253200,382156962285900,32700,after
secret_dependent_routine,382156962287000,382156962319400,32400,after
secret_dependent_routine,382156962320500,382156962354000,33500,after
secret_dependent_routine,382156962355100,382156962387100,32000,after
secret_dependent_routine,382156962388200,382156962420500,32300,after
secret_dependent_routine,382156962421500,382156962453500,32000,after
secret_dependent_routine,382156962454500,382156962486300,31800,after
secret_dependent_routine,382156962487300,382156962519100,31800,after
secret_dependent_routine,382156962520200,382156962552900,32700,after
secret_dependent_routine,382156962554000,382156962587200,33200,after
secret_dependent_routine,382156962588300,382156962622200,33900,after
secret_dependent_routine,382156962623300,382156962658000,34700,after
secret_dependent_routine,382156962659300,382156962813100,153800,after
secret_dependent_routine,382156962830800,382156962898000,67200,after
secret_dependent_routine,382156962902000,382156962968100,66100,after
secret_dependent_routine,382156962970600,382156963019800,49200,after
secret_dependent_routine,382156963021500,382156963076200,54700,after
secret_dependent_routine,382156963078500,382156963136200,57700,after
secret_dependent_routine,382156963138000,382156963208000,70000,after
secret_dependent_routine,382156963211500,382156963280200,68700,after
secret_dependent_routine,382156963283400,382156963335800,52400,after
secret_dependent_routine,382156963337400,382156963372300,34900,after
secret_dependent_routine,382156963373700,382156963409900,36200,after
secret_dependent_routine,382156963411200,382156963448100,36900,after
secret_dependent_routine,382156963449400,382156963484800,35400,after
secret_dependent_routine,382156963491000,382156963526000,35000,after
secret_dependent_routine,382156963527400,382156963563200,35800,after
secret_dependent_routine,382156963564500,382156963600200,35700,after
secret_dependent_routine,382156963601400,382156963635900,34500,after
secret_dependent_routine,382156963637000,382156963669000,32000,after
secret_dependent_routine,382156963670100,382156963701400,31300,after
secret_dependent_routine,382156963702600,382156963733100,30500,after
secret_dependent_routine,382156963734200,382156963764900,30700,after
secret_dependent_routine,382156963765900,382156963796000,30100,after
secret_dependent_routine,382156963797100,382156963827800,30700,after
secret_dependent_routine,382156963828900,382156963859900,31000,after
secret_dependent_routine,382156963861000,382156963892400,31400,after
secret_dependent_routine,382156963893500,382156963924700,31200,after
secret_dependent_routine,382156963925900,382156963960500,34600,after
secret_dependent_routine,382156963961600,382156963993300,31700,after
secret_dependent_routine,382156963995600,382156964027400,31800,after
secret_dependent_routine,382156964028600,382156964059800,31200,after
secret_dependent_routine,382156964060900,382156964092600,31700,after
secret_dependent_routine,382156964093700,382156964125500,31800,after
secret_dependent_routine,382156964126600,382156964168400,41800,after
secret_dependent_routine,382156964170200,382156964238100,67900,after
secret_dependent_routine,382156964239900,382156964275200,35300,after
secret_dependent_routine,382156964276600,382156964312900,36300,after
secret_dependent_routine,382156964314200,382156964349800,35600,after
secret_dependent_routine,382156964351100,382156964387700,36600,after
secret_dependent_routine,382156964389000,382156964424300,35300,after
secret_dependent_routine,382156964425500,382156964470800,45300,after
secret_dependent_routine,382156964472600,382156964508200,35600,after
secret_dependent_routine,382156964509400,382156964544400,35000,after
secret_dependent_routine,382156964545500,382156964576800,31300,after
secret_dependent_routine,382156964577900,382156964609600,31700,after
secret_dependent_routine,382156964610700,382156964642000,31300,after
secret_dependent_routine,382156964643100,382156964674500,31400,after
secret_dependent_routine,382156964675600,382156964706900,31300,after
secret_dependent_routine,382156964708000,382156964739500,31500,after
secret_dependent_routine,382156964740600,382156964771700,31100,after
secret_dependent_routine,382156964775000,382156964807800,32800,after
secret_dependent_routine,382156964808900,382156964841600,32700,after
secret_dependent_routine,382156964842900,382156964882000,39100,after
secret_dependent_routine,382156964888100,382156964938700,50600,after
secret_dependent_routine,382156964940400,382156964990400,50000,after
secret_dependent_routine,382156964992200,382156965046900,54700,after
secret_dependent_routine,382156965049700,382156965119700,70000,after
secret_dependent_routine,382156965122300,382156965188700,66400,after
secret_dependent_routine,382156965190800,382156965230200,39400,after
secret_dependent_routine,382156965231600,382156965268500,36900,after
secret_dependent_routine,382156965269900,382156965308800,38900,after
secret_dependent_routine,382156965310200,382156965352900,42700,after
secret_dependent_routine,382156965354700,382156965390900,36200,after
secret_dependent_routine,382156965392200,382156965428200,36000,after
secret_dependent_routine,382156965429600,382156965464900,35300,after
secret_dependent_routine,382156965466200,382156965501600,35400,after
secret_dependent_routine,382156965502900,382156965537800,34900,after
secret_dependent_routine,382156965538900,382156965570200,31300,after
secret_dependent_routine,382156965571300,382156965602400,31100,after
secret_dependent_routine,382156965603500,382156965635000,31500,after
secret_dependent_routine,382156965636100,382156965667000,30900,after
secret_dependent_routine,382156965668100,382156965700000,31900,after
secret_dependent_routine,382156965702400,382156965734900,32500,after
secret_dependent_routine,382156965736100,382156965769500,33400,after
secret_dependent_routine,382156965770600,382156965803100,32500,after
secret_dependent_routine,382156965804200,382156965839100,34900,after
secret_dependent_routine,382156965840100,382156965873700,33600,after
secret_dependent_routine,382156965874800,382156965908100,33300,after
secret_dependent_routine,382156965909200,382156965941900,32700,after
secret_dependent_routine,382156965943000,382156965975900,32900,after
secret_dependent_routine,382156965976900,382156966009100,32200,after
secret_dependent_routine,382156966010100,382156966043900,33800,after
secret_dependent_routine,382156966044900,382156966078200,33300,after
secret_dependent_routine,382156966130200,382156966164000,33800,after
secret_dependent_routine,382156966165400,382156966197100,31700,after
secret_dependent_routine,382156966198300,382156966230200,31900,after
secret_dependent_routine,382156966233400,382156966267000,33600,after
secret_dependent_routine,382156966268200,382156966301500,33300,after
secret_dependent_routine,382156966302700,382156966336800,34100,after
secret_dependent_routine,382156966337900,382156966371300,33400,after
secret_dependent_routine,382156966372400,382156966406000,33600,after
secret_dependent_routine,382156966407200,382156966449000,41800,after
secret_dependent_routine,382156966450600,382156966483400,32800,after
secret_dependent_routine,382156966484500,382156966516700,32200,after
secret_dependent_routine,382156966517700,382156966549200,31500,after
secret_dependent_routine,382156966550300,382156966582200,31900,after
secret_dependent_routine,382156966583300,382156966615200,31900,after
secret_dependent_routine,382156966616300,382156966648000,31700,after
secret_dependent_routine,382156966649100,382156966697000,47900,after
secret_dependent_routine,382156966699200,382156966772600,73400,after
secret_dependent_routine,382156966775500,382156966862100,86600,after
secret_dependent_routine,382156966871700,382156966943900,72200,after
secret_dependent_routine,382156966950300,382156967009200,58900,after
secret_dependent_routine,382156967011100,382156967099700,88600,after
secret_dependent_routine,382156967103500,382156967172800,69300,after
secret_dependent_routine,382156967175300,382156967259200,83900,after
secret_dependent_routine,382156967260800,382156967290600,29800,after
secret_dependent_routine,382156967291700,382156967321900,30200,after
secret_dependent_routine,382156967323000,382156967352200,29200,after
secret_dependent_routine,382156967353400,382156967383300,29900,after
secret_dependent_routine,382156967384400,382156967414600,30200,after
secret_dependent_routine,382156967415700,382156967447300,31600,after
secret_dependent_routine,382156967449000,382156967494800,45800,after
secret_dependent_routine,382156967496100,382156967528700,32600,after
secret_dependent_routine,382156967532200,382156967563000,30800,after
secret_dependent_routine,382156967564100,382156967597000,32900,after
secret_dependent_routine,382156967598300,382156967633500,35200,after
secret_dependent_routine,382156967634800,382156967690500,55700,after
secret_dependent_routine,382156967692000,382156967742900,50900,after
secret_dependent_routine,382156967745300,382156967811000,65700,after
secret_dependent_routine,382156967813000,382156967864500,51500,after
secret_dependent_routine,382156967866200,382156967921800,55600,after
secret_dependent_routine,382156967925900,382156967990200,64300,after
secret_dependent_routine,382156967992700,382156968051800,59100,after
secret_dependent_routine,382156968053400,382156968099200,45800,after
secret_dependent_routine,382156968100700,382156968149300,48600,after
secret_dependent_routine,382156968150800,382156968200800,50000,after
secret_dependent_routine,382156968202600,382156968252800,50200,after
secret_dependent_routine,382156968254800,382156968302200,47400,after
secret_dependent_routine,382156968303900,382156968359000,55100,after
secret_dependent_routine,382156968363700,382156968419200,55500,after
secret_dependent_routine,382156968420900,382156968486800,65900,after
secret_dependent_routine,382156968489900,382156968548900,59000,after
secret_dependent_routine,382156968551100,382156968603600,52500,after
secret_dependent_routine,382156968605500,382156968670600,65100,after
secret_dependent_routine,382156968672400,382156968755600,83200,after
secret_dependent_routine,382156968762000,382156968817800,55800,after
secret_dependent_routine,382156968820600,382156968883500,62900,after
secret_dependent_routine,382156968886200,382156968944500,58300,after
secret_dependent_routine,382156968946400,382156969004200,57800,after
secret_dependent_routine,382156969006400,382156969131500,125100,after
secret_dependent_routine,382156969141300,382156969206000,64700,after
secret_dependent_routine,382156969209500,382156969273900,64400,after
secret_dependent_routine,382156969276700,382156969341800,65100,after
secret_dependent_routine,382156969344300,382156969409600,65300,after
secret_dependent_routine,382156969411800,382156969477600,65800,after
secret_dependent_routine,382156969480000,382156969544000,64000,after
secret_dependent_routine,382156969546200,382156969609400,63200,after
secret_dependent_routine,382156969611700,382156969674000,62300,after
secret_dependent_routine,382156969676400,382156969740500,64100,after
secret_dependent_routine,382156969743000,382156969807200,64200,after
secret_dependent_routine,382156969809500,382156969873400,63900,after
secret_dependent_routine,382156969875800,382156969939900,64100,after
secret_dependent_routine,382156969942100,382156970005200,63100,after
secret_dependent_routine,382156970007400,382156970070600,63200,after
secret_dependent_routine,382156970072800,382156970136300,63500,after
secret_dependent_routine,382156970141100,382156970205000,63900,after
secret_dependent_routine,382156970207400,382156970270800,63400,after
secret_dependent_routine,382156970273200,382156970336900,63700,after
secret_dependent_routine,382156970340800,382156970414900,74100,after
secret_dependent_routine,382156970417700,382156970483400,65700,after
secret_dependent_routine,382156970485700,382156970549800,64100,after
secret_dependent_routine,382156970552000,382156970617400,65400,after
secret_dependent_routine,382156970619300,382156970683500,64200,after
secret_dependent_routine,382156970686800,382156970752300,65500,after
secret_dependent_routine,382156970754400,382156970823000,68600,after
secret_dependent_routine,382156970825500,382156971600300,774800,after
secret_dependent_routine,382156971611300,382156971672700,61400,after
secret_dependent_routine,382156971676900,382156971736300,59400,after
secret_dependent_routine,382156971739400,382156971801800,62400,after
secret_dependent_routine,382156971804000,382156971938300,134300,after
secret_dependent_routine,382156971946500,382156972009500,63000,after
secret_dependent_routine,382156972012800,382156972085100,72300,after
secret_dependent_routine,382156972087700,382156972156700,69000,after
secret_dependent_routine,382156972159000,382156972230500,71500,after
secret_dependent_routine,382156972233300,382156972356400,123100,after
secret_dependent_routine,382156972363800,382156972423000,59200,after
secret_dependent_routine,382156972429400,382156972488200,58800,after
secret_dependent_routine,382156972489900,382156972525100,35200,after
secret_dependent_routine,382156972526400,382156972561300,34900,after
secret_dependent_routine,382156972562600,382156972601600,39000,after
secret_dependent_routine,382156972604100,382156972677200,73100,after
secret_dependent_routine,382156972679800,382156972733300,53500,after
secret_dependent_routine,382156972735000,382156972768200,33200,after
secret_dependent_routine,382156972769400,382156972802300,32900,after
secret_dependent_routine,382156972803600,382156972837100,33500,after
secret_dependent_routine,382156972838300,382156972872200,33900,after
secret_dependent_routine,382156972873400,382156972928900,55500,after
secret_dependent_routine,382156972931000,382156973002700,71700,after
secret_dependent_routine,382156973005300,382156973072700,67400,after
secret_dependent_routine,382156973075200,382156973139000,63800,after
secret_dependent_routine,382156973141200,382156973206800,65600,after
secret_dependent_routine,382156973208900,382156973277000,68100,after
secret_dependent_routine,382156973279400,382156973342100,62700,after
secret_dependent_routine,382156973344200,382156973399000,54800,after
secret_dependent_routine,382156973404500,382156973455700,51200,after
secret_dependent_routine,382156973457700,382156973514500,56800,after
secret_dependent_routine,382156973516500,382156973575700,59200,after
secret_dependent_routine,382156973577900,382156973636400,58500,after
secret_dependent_routine,382156973640600,382156973696800,56200,after
secret_dependent_routine,382156973698700,382156973753600,54900,after
secret_dependent_routine,382156973755500,382156973811300,55800,after
secret_dependent_routine,382156973814200,382156973870800,56600,after
secret_dependent_routine,382156973872900,382156973933500,60600,after
secret_dependent_routine,382156973935500,382156973996400,60900,after
secret_dependent_routine,382156973998100,382156974056300,58200,after
secret_dependent_routine,382156974058200,382156974124400,66200,after
secret_dependent_routine,382156974127600,382156974185200,57600,after
secret_dependent_routine,382156974187200,382156974258000,70800,after
secret_dependent_routine,382156974260500,382156974321100,60600,after
secret_dependent_routine,382156974323600,382156974378100,54500,after
secret_dependent_routine,382156974379700,382156974426500,46800,after
secret_dependent_routine,382156974428000,382156974473000,45000,after
secret_dependent_routine,382156974474400,382156974526200,51800,after
secret_dependent_routine,382156974528200,382156974575800,47600,after
secret_dependent_routine,382156974577500,382156974630600,53100,after
secret_dependent_routine,382156974633500,382156974692900,59400,after
secret_dependent_routine,382156974694700,382156974747900,53200,after
secret_dependent_routine,382156974749400,382156974791400,42000,after
secret_dependent_routine,382156974793100,382156974842800,49700,after
secret_dependent_routine,382156974844500,382156974894600,50100,after
secret_dependent_routine,382156974897700,382156974970400,72700,after
secret_dependent_routine,382156974973500,382156975033300,59800,after
secret_dependent_routine,382156975036000,382156975097300,61300,after
secret_dependent_routine,382156975099900,382156975161700,61800,after
secret_dependent_routine,382156975164900,382156975224000,59100,after
secret_dependent_routine,382156975227300,382156975286000,58700,after
secret_dependent_routine,382156975287900,382156975346000,58100,after
secret_dependent_routine,382156975349400,382156975403800,54400,after
secret_dependent_routine,382156975405800,382156975455800,50000,after
secret_dependent_routine,382156975458000,382156975511400,53400,after
secret_dependent_routine,382156975519600,382156975574200,54600,after
secret_dependent_routine,382156975576900,382156975627800,50900,after
secret_dependent_routine,382156975630700,382156975680000,49300,after
secret_dependent_routine,382156975682200,382156975731500,49300,after
secret_dependent_routine,382156975734400,382156975784200,49800,after
secret_dependent_routine,382156975786700,382156975837000,50300,after
secret_dependent_routine,382156975839500,382156975889800,50300,after
secret_dependent_routine,382156975892200,382156975941900,49700,after
secret_dependent_routine,382156975944200,382156975994500,50300,after
secret_dependent_routine,382156975996500,382156976047800,51300,after
secret_dependent_routine,382156976050200,382156976114300,64100,after
secret_dependent_routine,382156976120400,382156976170600,50200,after
secret_dependent_routine,382156976173500,382156976223500,50000,after
secret_dependent_routine,382156976225500,382156976272900,47400,after
secret_dependent_routine,382156976274700,382156976337900,63200,after
secret_dependent_routine,382156976340400,382156976397200,56800,after
secret_dependent_routine,382156976399200,382156976457500,58300,after
secret_dependent_routine,382156976459500,382156976523700,64200,after
secret_dependent_routine,382156976525600,382156976589600,64000,after
secret_dependent_routine,382156976591800,382156976660000,68200,after
secret_dependent_routine,382156976662800,382156976720900,58100,after
secret_dependent_routine,382156976722400,382156976791800,69400,after
secret_dependent_routine,382156976794200,382156976855100,60900,after
secret_dependent_routine,382156976857600,382156976916000,58400,after
secret_dependent_routine,382156976918400,382156976955400,37000,after
secret_dependent_routine,382156976956800,382156976989200,32400,after
secret_dependent_routine,382156976990300,382156977020500,30200,after
secret_dependent_routine,382156977021600,382156977050500,28900,after
secret_dependent_routine,382156977051500,382156977080400,28900,after
secret_dependent_routine,382156977081400,382156977109600,28200,after
secret_dependent_routine,382156977110600,382156977139800,29200,after
secret_dependent_routine,382156977140800,382156977169100,28300,after
secret_dependent_routine,382156977170000,382156977199400,29400,after
secret_dependent_routine,382156977200300,382156977229200,28900,after
secret_dependent_routine,382156977230200,382156977259200,29000,after
secret_dependent_routine,382156977260100,382156977289100,29000,after
secret_dependent_routine,382156977293400,382156977323500,30100,after
secret_dependent_routine,382156977324600,382156977356800,32200,after
secret_dependent_routine,382156977357900,382156977389200,31300,after
secret_dependent_routine,382156977390300,382156977421800,31500,after
secret_dependent_routine,382156977422900,382156977464100,41200,after
secret_dependent_routine,382156977465900,382156977513200,47300,after
secret_dependent_routine,382156977514700,382156977556100,41400,after
secret_dependent_routine,382156977558800,382156977596500,37700,after
secret_dependent_routine,382156977598600,382156977634600,36000,after
secret_dependent_routine,382156977635800,382156977666400,30600,after
secret_dependent_routine,382156977667300,382156977696400,29100,after
secret_dependent_routine,382156977697400,382156977725800,28400,after
secret_dependent_routine,382156977726800,382156977755500,28700,after
secret_dependent_routine,382156977756500,382156977784100,27600,after
secret_dependent_routine,382156977785000,382156977814500,29500,after
secret_dependent_routine,382156977816500,382156977851300,34800,after
secret_dependent_routine,382156977852500,382156977887400,34900,after
secret_dependent_routine,382156977890200,382156977933600,43400,after
secret_dependent_routine,382156977935500,382156977985900,50400,after
secret_dependent_routine,382156977988200,382156978063400,75200,after
secret_dependent_routine,382156978075400,382156978138600,63200,after
secret_dependent_routine,382156978142300,382156978229100,86800,after
secret_dependent_routine,382156978235500,382156978271200,35700,after
secret_dependent_routine,382156978273200,382156978321500,48300,after
secret_dependent_routine,382156978324000,382156978655400,331400,after
secret_dependent_routine,382156978663500,382156978762900,99400,after
secret_dependent_routine,382156978772100,382156978826300,54200,after
secret_dependent_routine,382156978828700,382156978886600,57900,after
secret_dependent_routine,382156978888500,382156978933400,44900,after
secret_dependent_routine,382156978938500,382156978975800,37300,after
secret_dependent_routine,382156978977100,382156979013800,36700,after
secret_dependent_routine,382156979015100,382156979051400,36300,after
secret_dependent_routine,382156979052700,382156979089900,37200,after
secret_dependent_routine,382156979091100,382156979127500,36400,after
secret_dependent_routine,382156979128800,382156979165900,37100,after
secret_dependent_routine,382156979167200,382156979204200,37000,after
secret_dependent_routine,382156979205500,382156979240600,35100,after
secret_dependent_routine,382156979249900,382156979279100,29200,after
secret_dependent_routine,382156979280200,382156979311900,31700,after
secret_dependent_routine,382156979313800,382156979347100,33300,after
secret_dependent_routine,382156979348200,382156979379400,31200,after
secret_dependent_routine,382156979380500,382156979412200,31700,after
secret_dependent_routine,382156979413500,382156979449200,35700,after
secret_dependent_routine,382156979450400,382156979498300,47900,after
secret_dependent_routine,382156979500100,382156979547000,46900,after
secret_dependent_routine,382156979548500,382156979584800,36300,after
secret_dependent_routine,382156979586200,382156979622400,36200,after
secret_dependent_routine,382156979623600,382156979671800,48200,after
secret_dependent_routine,382156979674300,382156979733900,59600,after
secret_dependent_routine,382156979736100,382156979786100,50000,after
secret_dependent_routine,382156979787800,382156979832600,44800,after
secret_dependent_routine,382156979834100,382156979862800,28700,after
secret_dependent_routine,382156979863900,382156979893200,29300,after
secret_dependent_routine,382156979894200,382156979923000,28800,after
secret_dependent_routine,382156979924100,382156979952500,28400,after
secret_dependent_routine,382156979953500,382156979981700,28200,after
secret_dependent_routine,382156979982900,382156980011400,28500,after
secret_dependent_routine,382156980012400,382156980041000,28600,after
secret_dependent_routine,382156980042000,382156980070500,28500,after
secret_dependent_routine,382156980073000,382156980103900,30900,after
secret_dependent_routine,382156980105000,382156980141100,36100,after
secret_dependent_routine,382156980142100,382156980172800,30700,after
secret_dependent_routine,382156980173900,382156980205000,31100,after
secret_dependent_routine,382156980206000,382156980236400,30400,after
secret_dependent_routine,382156980237500,382156980269000,31500,after
secret_dependent_routine,382156980270000,382156980301300,31300,after
secret_dependent_routine,382156980302300,382156980335600,33300,after
secret_dependent_routine,382156980336700,382156980371400,34700,after
secret_dependent_routine,382156980372500,382156980407400,34900,after
secret_dependent_routine,382156980408700,382156980445900,37200,after
secret_dependent_routine,382156980447200,382156980485200,38000,after
secret_dependent_routine,382156980486600,382156980537000,50400,after
secret_dependent_routine,382156980539300,382156980595500,56200,after
secret_dependent_routine,382156980604100,382156980665900,61800,after
secret_dependent_routine,382156980668200,382156980732400,64200,after
secret_dependent_routine,382156980734100,382156980769200,35100,after
secret_dependent_routine,382156980770600,382156980822100,51500,after
secret_dependent_routine,382156980824600,382156980882100,57500,after
secret_dependent_routine,382156980884300,382156980952200,67900,after
secret_dependent_routine,382156980954300,382156981007500,53200,after
secret_dependent_routine,382156981009200,382156981045800,36600,after
secret_dependent_routine,382156981047900,382156981102400,54500,after
secret_dependent_routine,382156981104600,382156981166100,61500,after
secret_dependent_routine,382156981168300,382156981238200,69900,after
secret_dependent_routine,382156981240800,382156981296300,55500,after
secret_dependent_routine,382156981297900,382156981333800,35900,after
secret_dependent_routine,382156981335100,382156981371600,36500,after
secret_dependent_routine,382156981372700,382156981404400,31700,after
secret_dependent_routine,382156981405600,382156981436100,30500,after
secret_dependent_routine,382156981437100,382156981466400,29300,after
secret_dependent_routine,382156981467600,382156981497700,30100,after
secret_dependent_routine,382156981498900,382156981530700,31800,after
secret_dependent_routine,382156981531900,382156981561100,29200,after
secret_dependent_routine,382156981562100,382156981590600,28500,after
secret_dependent_routine,382156981591700,382156981620800,29100,after
secret_dependent_routine,382156981621900,382156981650200,28300,after
secret_dependent_routine,382156981651300,382156981686200,34900,after
secret_dependent_routine,382156981687700,382156981715600,27900,after
secret_dependent_routine,382156981716600,382156981746000,29400,after
secret_dependent_routine,382156981747100,382156981775100,28000,after
secret_dependent_routine,382156981779000,382156981808000,29000,after
secret_dependent_routine,382156981809000,382156981837500,28500,after
secret_dependent_routine,382156981840600,382156981870200,29600,after
secret_dependent_routine,382156981871400,382156981900400,29000,after
secret_dependent_routine,382156981901600,382156981931800,30200,after
secret_dependent_routine,382156981932900,382156981961700,28800,after
secret_dependent_routine,382156981962800,382156981992900,30100,after
secret_dependent_routine,382156981993900,382156982024000,30100,after
secret_dependent_routine,382156982025100,382156982055900,30800,after
secret_dependent_routine,382156982058400,382156982087900,29500,after
secret_dependent_routine,382156982089000,382156982118000,29000,after
secret_dependent_routine,382156982119000,382156982147600,28600,after
secret_dependent_routine,382156982148700,382156982177200,28500,after
secret_dependent_routine,382156982178200,382156982208100,29900,after
secret_dependent_routine,382156982209100,382156982237900,28800,after
secret_dependent_routine,382156982238900,382156982268300,29400,after
secret_dependent_routine,382156982269400,382156982297700,28300,after
secret_dependent_routine,382156982298700,382156982329600,30900,after
secret_dependent_routine,382156982330700,382156982362400,31700,after
secret_dependent_routine,382156982363500,382156982394500,31000,after
secret_dependent_routine,382156982395600,382156982428400,32800,after
secret_dependent_routine,382156982429600,382156982464100,34500,after
secret_dependent_routine,382156982465200,382156982500000,34800,after
secret_dependent_routine,382156982502300,382156982529900,27600,after
secret_dependent_routine,382156982530900,382156982559100,28200,after
secret_dependent_routine,382156982560100,382156982588100,28000,after
secret_dependent_routine,382156982589100,382156982617100,28000,after
secret_dependent_routine,382156982618200,382156982645900,27700,after
secret_dependent_routine,382156982646900,382156982674800,27900,after
secret_dependent_routine,382156982675800,382156982704000,28200,after
secret_dependent_routine,382156982704900,382156982733200,28300,after
secret_dependent_routine,382156982734200,382156982762400,28200,after
secret_dependent_routine,382156982763400,382156982791200,27800,after
secret_dependent_routine,382156982792200,382156982821600,29400,after
secret_dependent_routine,382156982822700,382156982852900,30200,after
secret_dependent_routine,382156982854400,382156982880800,26400,after
secret_dependent_routine,382156982881900,382156982909200,27300,after
secret_dependent_routine,382156982910300,382156982936800,26500,after
secret_dependent_routine,382156982937800,382156982964800,27000,after
secret_dependent_routine,382156982965700,382156982992600,26900,after
secret_dependent_routine,382156982993500,382156983020800,27300,after
secret_dependent_routine,382156983021800,382156983048400,26600,after
secret_dependent_routine,382156983049400,382156983076500,27100,after
secret_dependent_routine,382156983077400,382156983103700,26300,after
secret_dependent_routine,382156983104700,382156983131800,27100,after
secret_dependent_routine,382156983134900,382156983163900,29000,after
secret_dependent_routine,382156983164900,382156983193600,28700,after
secret_dependent_routine,382156983194500,382156983223800,29300,after
secret_dependent_routine,382156983224800,382156983253500,28700,after
secret_dependent_routine,382156983254600,382156983283500,28900,after
secret_dependent_routine,382156983284400,382156983313400,29000,after
secret_dependent_routine,382156983314500,382156983346500,32000,after
secret_dependent_routine,382156983347600,382156983380000,32400,after
secret_dependent_routine,382156983381100,382156983415500,34400,after
secret_dependent_routine,382156983416700,382156983453200,36500,after
secret_dependent_routine,382156983454500,382156983490200,35700,after
secret_dependent_routine,382156983491500,382156983528100,36600,after
secret_dependent_routine,382156983529100,382156983557800,28700,after
secret_dependent_routine,382156983558800,382156983588100,29300,after
secret_dependent_routine,382156983589100,382156983618200,29100,after
secret_dependent_routine,382156983619200,382156983647900,28700,after
secret_dependent_routine,382156983648900,382156983681700,32800,after
secret_dependent_routine,382156983683200,382156983710700,27500,after
secret_dependent_routine,382156983711700,382156983738800,27100,after
secret_dependent_routine,382156983739700,382156983767000,27300,after
secret_dependent_routine,382156983768000,382156983795300,27300,after
secret_dependent_routine,382156983796200,382156983823200,27000,after
secret_dependent_routine,382156983824200,382156983851300,27100,after
secret_dependent_routine,382156983852300,382156983879600,27300,after
secret_dependent_routine,382156983880600,382156983907600,27000,after
secret_dependent_routine,382156983908600,382156983937200,28600,after
secret_dependent_routine,382156983938300,382156983968300,30000,after
secret_dependent_routine,382156983969400,382156983999800,30400,after
secret_dependent_routine,382156984000900,382156984032800,31900,after
secret_dependent_routine,382156984033900,382156984067300,33400,after
secret_dependent_routine,382156984068500,382156984102000,33500,after
secret_dependent_routine,382156984103200,382156984135900,32700,after
secret_dependent_routine,382156984136900,382156984163700,26800,after
secret_dependent_routine,382156984164600,382156984191900,27300,after
secret_dependent_routine,382156984192800,382156984219500,26700,after
secret_dependent_routine,382156984220400,382156984247400,27000,after
secret_dependent_routine,382156984248300,382156984274600,26300,after
secret_dependent_routine,382156984276600,382156984304100,27500,after
secret_dependent_routine,382156984305000,382156984333300,28300,after
secret_dependent_routine,382156984334300,382156984364300,30000,after
secret_dependent_routine,382156984365300,382156984393100,27800,after
secret_dependent_routine,382156984394100,382156984422800,28700,after
secret_dependent_routine,382156984424800,382156984452700,27900,after
secret_dependent_routine,382156984453700,382156984481900,28200,after
secret_dependent_routine,382156984482800,382156984511500,28700,after
secret_dependent_routine,382156984512500,382156984540500,28000,after
secret_dependent_routine,382156984541500,382156984569200,27700,after
secret_dependent_routine,382156984570200,382156984599200,29000,after
secret_dependent_routine,382156984600200,382156984628800,28600,after
secret_dependent_routine,382156984629900,382156984658500,28600,after
secret_dependent_routine,382156984659500,382156984687300,27800,after
secret_dependent_routine,382156984688300,382156984716600,28300,after
secret_dependent_routine,382156984717600,382156984745300,27700,after
secret_dependent_routine,382156984746300,382156984774100,27800,after
secret_dependent_routine,382156984775100,382156984803400,28300,after
secret_dependent_routine,382156984804400,382156984832300,27900,after
secret_dependent_routine,382156984833300,382156984861200,27900,after
secret_dependent_routine,382156984862100,382156984891200,29100,after
secret_dependent_routine,382156984892400,382156984924100,31700,after
secret_dependent_routine,382156984925200,382156984956700,31500,after
secret_dependent_routine,382156984957800,382156984990700,32900,after
secret_dependent_routine,382156984991900,382156985027200,35300,after
secret_dependent_routine,382156985028400,382156985063200,34800,after
secret_dependent_routine,382156985064500,382156985099500,35000,after
secret_dependent_routine,382156985100700,382156985136500,35800,after
secret_dependent_routine,382156985137800,382156985173100,35300,after
secret_dependent_routine,382156985174400,382156985209000,34600,after
secret_dependent_routine,382156985210400,382156985251000,40600,after
secret_dependent_routine,382156985253200,382156985296000,42800,after
secret_dependent_routine,382156985297700,382156985331700,34000,after
secret_dependent_routine,382156985333000,382156985366100,33100,after
secret_dependent_routine,382156985367100,382156985394100,27000,after
secret_dependent_routine,382156985395200,382156985421900,26700,after
secret_dependent_routine,382156985424000,382156985451700,27700,after
secret_dependent_routine,382156985452700,382156985479000,26300,after
secret_dependent_routine,382156985480000,382156985507000,27000,after
secret_dependent_routine,382156985507900,382156985534700,26800,after
secret_dependent_routine,382156985535700,382156985562200,26500,after
secret_dependent_routine,382156985563200,382156985589500,26300,after
secret_dependent_routine,382156985590600,382156985617400,26800,after
secret_dependent_routine,382156985618400,382156985644400,26000,after
secret_dependent_routine,382156985645400,382156985675600,30200,after
secret_dependent_routine,382156985677000,382156985703800,26800,after
secret_dependent_routine,382156985704800,382156985732000,27200,after
secret_dependent_routine,382156985734100,382156985761400,27300,after
secret_dependent_routine,382156985762400,382156985791700,29300,after
secret_dependent_routine,382156985792700,382156985821300,28600,after
secret_dependent_routine,382156985822300,382156985852000,29700,after
secret_dependent_routine,382156985853000,382156985882000,29000,after
secret_dependent_routine,382156985883000,382156985912300,29300,after
secret_dependent_routine,382156985913200,382156985942200,29000,after
secret_dependent_routine,382156985943200,382156985972600,29400,after
secret_dependent_routine,382156985973500,382156986002600,29100,after
secret_dependent_routine,382156986003600,382156986033500,29900,after
secret_dependent_routine,382156986034500,382156986064900,30400,after
secret_dependent_routine,382156986066000,382156986099000,33000,after
secret_dependent_routine,382156986100100,382156986132600,32500,after
secret_dependent_routine,382156986133700,382156986170800,37100,after
secret_dependent_routine,382156986172000,382156986208300,36300,after
secret_dependent_routine,382156986209600,382156986244400,34800,after
secret_dependent_routine,382156986245400,382156986274200,28800,after
secret_dependent_routine,382156986275300,382156986304400,29100,after
secret_dependent_routine,382156986305300,382156986333900,28600,after
secret_dependent_routine,382156986334900,382156986364100,29200,after
secret_dependent_routine,382156986365100,382156986394200,29100,after
secret_dependent_routine,382156986395200,382156986424700,29500,after
secret_dependent_routine,382156986425700,382156986454600,28900,after
secret_dependent_routine,382156986455600,382156986484700,29100,after
secret_dependent_routine,382156986485600,382156986514500,28900,after
secret_dependent_routine,382156986516600,382156986544100,27500,after
secret_dependent_routine,382156986545100,382156986571500,26400,after
secret_dependent_routine,382156986572500,382156986599500,27000,after
secret_dependent_routine,382156986600500,382156986627000,26500,after
secret_dependent_routine,382156986628000,382156986655200,27200,after
secret_dependent_routine,382156986656200,382156986682400,26200,after
secret_dependent_routine,382156986683400,382156986710600,27200,after
secret_dependent_routine,382156986711600,382156986739400,27800,after
secret_dependent_routine,382156986740400,382156986767600,27200,after
secret_dependent_routine,382156986768600,382156986795700,27100,after
secret_dependent_routine,382156986796600,382156986824500,27900,after
secret_dependent_routine,382156986825500,382156986853000,27500,after
secret_dependent_routine,382156986854000,382156986882300,28300,after
secret_dependent_routine,382156986883200,382156986910800,27600,after
secret_dependent_routine,382156986911800,382156986939800,28000,after
secret_dependent_routine,382156986940700,382156986968300,27600,after
secret_dependent_routine,382156986969300,382156986996400,27100,after
secret_dependent_routine,382156986997400,382156987024700,27300,after
secret_dependent_routine,382156987026700,382156987053700,27000,after
secret_dependent_routine,382156987054800,382156987083300,28500,after
secret_dependent_routine,382156987084400,382156987114700,30300,after
secret_dependent_routine,382156987115700,382156987146200,30500,after
secret_dependent_routine,382156987147400,382156987180900,33500,after
secret_dependent_routine,382156987182100,382156987225600,43500,after
secret_dependent_routine,382156987228000,382156987280700,52700,after
secret_dependent_routine,382156987282800,382156987323500,40700,after
secret_dependent_routine,382156987325100,382156987361600,36500,after
secret_dependent_routine,382156987362800,382156987396000,33200,after
secret_dependent_routine,382156987397000,382156987425800,28800,after
secret_dependent_routine,382156987426900,382156987455600,28700,after
secret_dependent_routine,382156987456600,382156987485100,28500,after
secret_dependent_routine,382156987486100,382156987514700,28600,after
secret_dependent_routine,382156987515700,382156987544300,28600,after
secret_dependent_routine,382156987545400,382156987573700,28300,after
secret_dependent_routine,382156987574700,382156987604000,29300,after
secret_dependent_routine,382156987605000,382156987633400,28400,after
secret_dependent_routine,382156987635700,382156987667800,32100,after
secret_dependent_routine,382156987669700,382156987698000,28300,after
secret_dependent_routine,382156987699000,382156987727600,28600,after
secret_dependent_routine,382156987728600,382156987757000,28400,after
secret_dependent_routine,382156987758000,382156987787200,29200,after
secret_dependent_routine,382156987788200,382156987817000,28800,after
secret_dependent_routine,382156987818000,382156987846700,28700,after
secret_dependent_routine,382156987847700,382156987875400,27700,after
secret_dependent_routine,382156987876400,382156987904600,28200,after
secret_dependent_routine,382156987905600,382156987933700,28100,after
secret_dependent_routine,382156987934700,382156987963500,28800,after
secret_dependent_routine,382156987964500,382156987992400,27900,after
secret_dependent_routine,382156987993400,382156988021500,28100,after
secret_dependent_routine,382156988022500,382156988052300,29800,after
secret_dependent_routine,382156988053300,382156988094300,41000,after
secret_dependent_routine,382156988095600,382156988125400,29800,after
secret_dependent_routine,382156988126700,382156988161000,34300,after
secret_dependent_routine,382156988162300,382156988197400,35100,after
secret_dependent_routine,382156988198800,382156988235100,36300,after
secret_dependent_routine,382156988236500,382156988336300,99800,after
secret_dependent_routine,382156988342800,382156988416500,73700,after
secret_dependent_routine,382156988496200,382156988529100,32900,after
secret_dependent_routine,382156988530600,382156988560900,30300,after
secret_dependent_routine,382156988562000,382156988590100,28100,after
secret_dependent_routine,382156988591200,382156988619700,28500,after
secret_dependent_routine,382156988623300,382156988651100,27800,after
secret_dependent_routine,382156988652300,382156988680700,28400,after
secret_dependent_routine,382156988681800,382156988710400,28600,after
secret_dependent_routine,382156988711400,382156988739900,28500,after
secret_dependent_routine,382156988740900,382156988769100,28200,after
secret_dependent_routine,382156988770100,382156988798600,28500,after
secret_dependent_routine,382156988799600,382156988828200,28600,after
secret_dependent_routine,382156988829200,382156988857600,28400,after
secret_dependent_routine,382156988858600,382156988887200,28600,after
secret_dependent_routine,382156988888200,382156988917800,29600,after
secret_dependent_routine,382156988918900,382156988947800,28900,after
secret_dependent_routine,382156988948800,382156988977900,29100,after
secret_dependent_routine,382156988980100,382156989008500,28400,after
secret_dependent_routine,382156989009500,382156989037800,28300,after
secret_dependent_routine,382156989038800,382156989068300,29500,after
secret_dependent_routine,382156989069300,382156989099800,30500,after
secret_dependent_routine,382156989100900,382156989131000,30100,after
secret_dependent_routine,382156989132000,382156989165400,33400,after
secret_dependent_routine,382156989166600,382156989200900,34300,after
secret_dependent_routine,382156989202100,382156989235400,33300,after
secret_dependent_routine,382156989236400,382156989264400,28000,after
secret_dependent_routine,382156989265300,382156989294100,28800,after
secret_dependent_routine,382156989295200,382156989323500,28300,after
secret_dependent_routine,382156989324600,382156989352800,28200,after
secret_dependent_routine,382156989353800,382156989381900,28100,after
secret_dependent_routine,382156989382900,382156989411000,28100,after
secret_dependent_routine,382156989412000,382156989440100,28100,after
secret_dependent_routine,382156989441100,382156989469500,28400,after
secret_dependent_routine,382156989470500,382156989499000,28500,after
secret_dependent_routine,382156989500000,382156989528500,28500,after
secret_dependent_routine,382156989529500,382156989558000,28500,after
secret_dependent_routine,382156989559000,382156989588300,29300,after
secret_dependent_routine,382156989589400,382156989616700,27300,after
secret_dependent_routine,382156989617700,382156989645900,28200,after
secret_dependent_routine,382156989646900,382156989673600,26700,after
secret_dependent_routine,382156989674500,382156989701300,26800,after
secret_dependent_routine,382156989702300,382156989728500,26200,after
secret_dependent_routine,382156989729500,382156989756600,27100,after
secret_dependent_routine,382156989757500,382156989783300,25800,after
secret_dependent_routine,382156989784300,382156989811200,26900,after
secret_dependent_routine,382156989812100,382156989838800,26700,after
secret_dependent_routine,382156989839800,382156989866500,26700,after
secret_dependent_routine,382156989868600,382156989896100,27500,after
secret_dependent_routine,382156989897100,382156989924600,27500,after
secret_dependent_routine,382156989925600,382156989952800,27200,after
secret_dependent_routine,382156989953800,382156989981800,28000,after
secret_dependent_routine,382156989982800,382156990016000,33200,after
secret_dependent_routine,382156990017500,382156990044900,27400,after
secret_dependent_routine,382156990047200,382156990074800,27600,after
secret_dependent_routine,382156990075800,382156990103100,27300,after
secret_dependent_routine,382156990104200,382156990132100,27900,after
secret_dependent_routine,382156990133100,382156990160400,27300,after
secret_dependent_routine,382156990161400,382156990188200,26800,after
secret_dependent_routine,382156990189300,382156990216300,27000,after
secret_dependent_routine,382156990217200,382156990244200,27000,after
secret_dependent_routine,382156990245200,382156990272400,27200,after
secret_dependent_routine,382156990273400,382156990300300,26900,after
secret_dependent_routine,382156990301300,382156990328400,27100,after
secret_dependent_routine,382156990329400,382156990356400,27000,after
secret_dependent_routine,382156990357400,382156990384800,27400,after
secret_dependent_routine,382156990385700,382156990412400,26700,after
secret_dependent_routine,382156990413300,382156990440300,27000,after
secret_dependent_routine,382156990441300,382156990468000,26700,after
secret_dependent_routine,382156990468900,382156990495700,26800,after
secret_dependent_routine,382156990496700,382156990523200,26500,after
secret_dependent_routine,382156990524200,382156990551500,27300,after
secret_dependent_routine,382156990552400,382156990579100,26700,after
secret_dependent_routine,382156990580100,382156990607100,27000,after
secret_dependent_routine,382156990608000,382156990635300,27300,after
secret_dependent_routine,382156990636300,382156990663300,27000,after
secret_dependent_routine,382156990664200,382156990694300,30100,after
secret_dependent_routine,382156990695400,382156990725600,30200,after
secret_dependent_routine,382156990726700,382156990757200,30500,after
secret_dependent_routine,382156990758300,382156990796800,38500,after
secret_dependent_routine,382156990798700,382156990838900,40200,after
secret_dependent_routine,382156990840600,382156990877200,36600,after
secret_dependent_routine,382156990878400,382156990911800,33400,after
secret_dependent_routine,382156990912800,382156990943000,30200,after
secret_dependent_routine,382156990944000,382156990974600,30600,after
secret_dependent_routine,382156990975600,382156991003800,28200,after
secret_dependent_routine,382156991004900,382156991034700,29800,after
secret_dependent_routine,382156991035700,382156991065700,30000,after
secret_dependent_routine,382156991066800,382156991097200,30400,after
secret_dependent_routine,382156991098200,382156991127900,29700,after
secret_dependent_routine,382156991131000,382156991160000,29000,after
secret_dependent_routine,382156991161300,382156991191000,29700,after
secret_dependent_routine,382156991192100,382156991221600,29500,after
secret_dependent_routine,382156991222500,382156991252500,30000,after
secret_dependent_routine,382156991253500,382156991282900,29400,after
secret_dependent_routine,382156991284000,382156991314000,30000,after
secret_dependent_routine,382156991315000,382156991343900,28900,after
secret_dependent_routine,382156991344900,382156991374400,29500,after
secret_dependent_routine,382156991375500,382156991405000,29500,after
secret_dependent_routine,382156991406100,382156991436200,30100,after
secret_dependent_routine,382156991437200,382156991466400,29200,after
secret_dependent_routine,382156991467600,382156991497600,30000,after
secret_dependent_routine,382156991498600,382156991528200,29600,after
secret_dependent_routine,382156991529200,382156991558900,29700,after
secret_dependent_routine,382156991560000,382156991589700,29700,after
secret_dependent_routine,382156991590800,382156991621000,30200,after
secret_dependent_routine,382156991622000,382156991652200,30200,after
secret_dependent_routine,382156991653200,382156991683100,29900,after
secret_dependent_routine,382156991684200,382156991713600,29400,after
secret_dependent_routine,382156991714600,382156991744500,29900,after
secret_dependent_routine,382156991745500,382156991774400,28900,after
secret_dependent_routine,382156991775500,382156991805700,30200,after
secret_dependent_routine,382156991806700,382156991838100,31400,after
secret_dependent_routine,382156991839200,382156991872000,32800,after
secret_dependent_routine,382156991873000,382156991906600,33600,after
secret_dependent_routine,382156991907700,382156991943400,35700,after
secret_dependent_routine,382156991944500,382156991989600,45100,after
secret_dependent_routine,382156991996700,382156992058800,62100,after
secret_dependent_routine,382156992061700,382156992129300,67600,after
secret_dependent_routine,382156992132400,382156992208600,76200,after
secret_dependent_routine,382156992210700,382156992276100,65400,after
secret_dependent_routine,382156992278000,382156992354400,76400,after
secret_dependent_routine,382156992356700,382156992399800,43100,after
secret_dependent_routine,382156992401600,382156992431800,30200,after
secret_dependent_routine,382156992432800,382156992461000,28200,after
secret_dependent_routine,382156992462200,382156992490400,28200,after
secret_dependent_routine,382156992492500,382156992520300,27800,after
secret_dependent_routine,382156992521300,382156992549100,27800,after
secret_dependent_routine,382156992550100,382156992577600,27500,after
secret_dependent_routine,382156992578600,382156992607000,28400,after
secret_dependent_routine,382156992608000,382156992635800,27800,after
secret_dependent_routine,382156992636700,382156992665200,28500,after
secret_dependent_routine,382156992666200,382156992694300,28100,after
secret_dependent_routine,382156992696500,382156992725100,28600,after
secret_dependent_routine,382156992726300,382156992754800,28500,after
secret_dependent_routine,382156992755900,382156992784400,28500,after
secret_dependent_routine,382156992785400,382156992814500,29100,after
secret_dependent_routine,382156992815600,382156992846500,30900,after
secret_dependent_routine,382156992847600,382156992878700,31100,after
secret_dependent_routine,382156992879800,382156992912700,32900,after
secret_dependent_routine,382156992913900,382156992947900,34000,after
secret_dependent_routine,382156992949100,382156992983400,34300,after
secret_dependent_routine,382156992984400,382156993012400,28000,after
secret_dependent_routine,382156993013500,382156993042100,28600,after
secret_dependent_routine,382156993043200,382156993071200,28000,after
secret_dependent_routine,382156993072200,382156993100500,28300,after
secret_dependent_routine,382156993101500,382156993129500,28000,after
secret_dependent_routine,382156993130600,382156993158800,28200,after
secret_dependent_routine,382156993159900,382156993188300,28400,after
secret_dependent_routine,382156993189400,382156993217800,28400,after
secret_dependent_routine,382156993218900,382156993247300,28400,after
secret_dependent_routine,382156993248400,382156993276700,28300,after
secret_dependent_routine,382156993277700,382156993306200,28500,after
secret_dependent_routine,382156993307300,382156993335800,28500,after
secret_dependent_routine,382156993336800,382156993365800,29000,after
secret_dependent_routine,382156993366900,382156993396400,29500,after
secret_dependent_routine,382156993397500,382156993426100,28600,after
secret_dependent_routine,382156993427100,382156993455600,28500,after
secret_dependent_routine,382156993456700,382156993485200,28500,after
secret_dependent_routine,382156993486300,382156993515400,29100,after
secret_dependent_routine,382156993516400,382156993544600,28200,after
secret_dependent_routine,382156993545600,382156993574100,28500,after
secret_dependent_routine,382156993575100,382156993603700,28600,after
secret_dependent_routine,382156993605900,382156993634500,28600,after
secret_dependent_routine,382156993635500,382156993665000,29500,after
secret_dependent_routine,382156993666100,382156993696800,30700,after
secret_dependent_routine,382156993698200,382156993726000,27800,after
secret_dependent_routine,382156993727200,382156993759300,32100,after
secret_dependent_routine,382156993760700,382156993788700,28000,after
secret_dependent_routine,382156993789800,382156993818800,29000,after
secret_dependent_routine,382156993819900,382156993849500,29600,after
secret_dependent_routine,382156993850700,382156993881500,30800,after
secret_dependent_routine,382156993882600,382156993915200,32600,after
secret_dependent_routine,382156993916500,382156994048500,132000,after
secret_dependent_routine,382156994056600,382156994124400,67800,after
secret_dependent_routine,382156994128200,382156994207500,79300,after
secret_dependent_routine,382156994216900,382156994283300,66400,after
secret_dependent_routine,382156994287200,382156994350900,63700,after
secret_dependent_routine,382156994353200,382156994396500,43300,after
secret_dependent_routine,382156994398600,382156994433300,34700,after
secret_dependent_routine,382156994434600,382156994468100,33500,after
secret_dependent_routine,382156994469300,382156994509200,39900,after
secret_dependent_routine,382156994511200,382156994564000,52800,after
secret_dependent_routine,382156994566600,382156994623800,57200,after
secret_dependent_routine,382156994625900,382156994677100,51200,after
secret_dependent_routine,382156994679100,382156994741200,62100,after
secret_dependent_routine,382156994744500,382156994798400,53900,after
secret_dependent_routine,382156994800300,382156994848800,48500,after
secret_dependent_routine,382156994850500,382156994899800,49300,after
secret_dependent_routine,382156994912700,382156994972700,60000,after
secret_dependent_routine,382156994974600,382156995034200,59600,after
secret_dependent_routine,382156995036800,382156995098600,61800,after
secret_dependent_routine,382156995101100,382156995152200,51100,after
secret_dependent_routine,382156995154500,382156995209400,54900,after
secret_dependent_routine,382156995212700,382156995267400,54700,after
secret_dependent_routine,382156995269900,382156995309500,39600,after
secret_dependent_routine,382156995311700,382156995346000,34300,after
secret_dependent_routine,382156995347300,382156995382900,35600,after
secret_dependent_routine,382156995384100,382156995420000,35900,after
secret_dependent_routine,382156995425500,382156995460900,35400,after
secret_dependent_routine,382156995462100,382156995495600,33500,after
secret_dependent_routine,382156995496600,382156995524200,27600,after
secret_dependent_routine,382156995525300,382156995552100,26800,after
secret_dependent_routine,382156995553000,382156995580700,27700,after
secret_dependent_routine,382156995581600,382156995608700,27100,after
secret_dependent_routine,382156995609700,382156995637200,27500,after
secret_dependent_routine,382156995638200,382156995665200,27000,after
secret_dependent_routine,382156995666100,382156995694700,28600,after
secret_dependent_routine,382156995695700,382156995723000,27300,after
secret_dependent_routine,382156995724100,382156995751800,27700,after
secret_dependent_routine,382156995752900,382156995780600,27700,after
secret_dependent_routine,382156995781600,382156995809800,28200,after
secret_dependent_routine,382156995810800,382156995838600,27800,after
secret_dependent_routine,382156995839700,382156995868000,28300,after
secret_dependent_routine,382156995869000,382156995896800,27800,after
secret_dependent_routine,382156995897800,382156995927300,29500,after
secret_dependent_routine,382156995928300,382156995957500,29200,after
secret_dependent_routine,382156995958500,382156995986000,27500,after
secret_dependent_routine,382156995988100,382156996016300,28200,after
secret_dependent_routine,382156996017300,382156996045600,28300,after
secret_dependent_routine,382156996046500,382156996075000,28500,after
secret_dependent_routine,382156996076000,382156996104800,28800,after
secret_dependent_routine,382156996105800,382156996133700,27900,after
secret_dependent_routine,382156996134800,382156996162600,27800,after
secret_dependent_routine,382156996163600,382156996191700,28100,after
secret_dependent_routine,382156996192800,382156996221100,28300,after
secret_dependent_routine,382156996222000,382156996250200,28200,after
secret_dependent_routine,382156996251200,382156996279400,28200,after
secret_dependent_routine,382156996280400,382156996308500,28100,after
secret_dependent_routine,382156996309500,382156996337700,28200,after
secret_dependent_routine,382156996338700,382156996367000,28300,after
secret_dependent_routine,382156996368000,382156996396000,28000,after
secret_dependent_routine,382156996397000,382156996425500,28500,after
secret_dependent_routine,382156996426600,382156996457500,30900,after
secret_dependent_routine,382156996458500,382156996495500,37000,after
secret_dependent_routine,382156996498300,382156996534000,35700,after
secret_dependent_routine,382156996535300,382156996651600,116300,after
secret_dependent_routine,382156996655500,382156996724300,68800,after
secret_dependent_routine,382156996727300,382156996788800,61500,after
secret_dependent_routine,382156996790400,382156996852600,62200,after
secret_dependent_routine,382156996855000,382156996890500,35500,after
secret_dependent_routine,382156996892100,382156996930700,38600,after
secret_dependent_routine,382156996932800,382156996988900,56100,after
secret_dependent_routine,382156996991200,382156997028500,37300,after
secret_dependent_routine,382156997029900,382156997065300,35400,after
secret_dependent_routine,382156997066800,382156997102400,35600,after
secret_dependent_routine,382156997103900,382156997139300,35400,after
secret_dependent_routine,382156997140700,382156997176500,35800,after
secret_dependent_routine,382156997177800,382156997213100,35300,after
secret_dependent_routine,382156997214200,382156997245500,31300,after
secret_dependent_routine,382156997246900,382156997276200,29300,after
secret_dependent_routine,382156997277400,382156997307100,29700,after
secret_dependent_routine,382156997308300,382156997337400,29100,after
secret_dependent_routine,382156997338600,382156997368200,29600,after
secret_dependent_routine,382156997369300,382156997398300,29000,after
secret_dependent_routine,382156997399300,382156997428800,29500,after
secret_dependent_routine,382156997429900,382156997459100,29200,after
secret_dependent_routine,382156997460200,382156997491400,31200,after
secret_dependent_routine,382156997492500,382156997522900,30400,after
secret_dependent_routine,382156997524100,382156997558200,34100,after
secret_dependent_routine,382156997560800,382156997596800,36000,after
secret_dependent_routine,382156997598100,382156997634600,36500,after
secret_dependent_routine,382156997636100,382156997672400,36300,after
secret_dependent_routine,382156997673700,382156997707600,33900,after
secret_dependent_routine,382156997708700,382156997738800,30100,after
secret_dependent_routine,382156997740000,382156997769700,29700,after
secret_dependent_routine,382156997770800,382156997800800,30000,after
secret_dependent_routine,382156997801900,382156997832000,30100,after
secret_dependent_routine,382156997833100,382156997863500,30400,after
secret_dependent_routine,382156997864500,382156997894300,29800,after
secret_dependent_routine,382156997895300,382156997924800,29500,after
secret_dependent_routine,382156997927500,382156997956500,29000,after
secret_dependent_routine,382156997957600,382156997986300,28700,after
secret_dependent_routine,382156997987300,382156998015400,28100,after
secret_dependent_routine,382156998016400,382156998044500,28100,after
secret_dependent_routine,382156998045500,382156998073900,28400,after
secret_dependent_routine,382156998074900,382156998102700,27800,after
secret_dependent_routine,382156998103700,382156998131800,28100,after
secret_dependent_routine,382156998132800,382156998161300,28500,after
secret_dependent_routine,382156998162300,382156998190600,28300,after
secret_dependent_routine,382156998191600,382156998219100,27500,after
secret_dependent_routine,382156998220100,382156998248200,28100,after
secret_dependent_routine,382156998249200,382156998276400,27200,after
secret_dependent_routine,382156998277500,382156998305400,27900,after
secret_dependent_routine,382156998306400,382156998333700,27300,after
secret_dependent_routine,382156998334700,382156998362700,28000,after
secret_dependent_routine,382156998363700,382156998391300,27600,after
secret_dependent_routine,382156998392300,382156998420200,27900,after
secret_dependent_routine,382156998421200,382156998450300,29100,after
secret_dependent_routine,382156998451400,382156998486300,34900,after
secret_dependent_routine,382156998487900,382156998519100,31200,after
secret_dependent_routine,382156998520400,382156998556400,36000,after
secret_dependent_routine,382156998557800,382156998594400,36600,after
secret_dependent_routine,382156998596000,382156998631600,35600,after
secret_dependent_routine,382156998633700,382156998669300,35600,after
secret_dependent_routine,382156998670700,382156998702100,31400,after
secret_dependent_routine,382156998703200,382156998731000,27800,after
secret_dependent_routine,382156998732100,382156998761000,28900,after
secret_dependent_routine,382156998761900,382156998790100,28200,after
secret_dependent_routine,382156998791100,382156998819300,28200,after
secret_dependent_routine,382156998820300,382156998848400,28100,after
secret_dependent_routine,382156998849500,382156998878500,29000,after
secret_dependent_routine,382156998879600,382156998908900,29300,after
secret_dependent_routine,382156998911000,382156998940000,29000,after
secret_dependent_routine,382156998941100,382156998969700,28600,after
secret_dependent_routine,382156998970900,382156999000400,29500,after
secret_dependent_routine,382156999001500,382156999029600,28100,after
secret_dependent_routine,382156999030600,382156999059700,29100,after
secret_dependent_routine,382156999061700,382156999089600,27900,after
secret_dependent_routine,382156999090700,382156999119000,28300,after
secret_dependent_routine,382156999120000,382156999147300,27300,after
secret_dependent_routine,382156999148300,382156999176900,28600,after
secret_dependent_routine,382156999177800,382156999205800,28000,after
secret_dependent_routine,382156999206700,382156999234900,28200,after
secret_dependent_routine,382156999235900,382156999265300,29400,after
secret_dependent_routine,382156999266400,382156999296100,29700,after
secret_dependent_routine,382156999297100,382156999326700,29600,after
secret_dependent_routine,382156999327700,382156999358000,30300,after
secret_dependent_routine,382156999359000,382156999388600,29600,after
secret_dependent_routine,382156999389600,382156999419400,29800,after
secret_dependent_routine,382156999420400,382156999449900,29500,after
secret_dependent_routine,382156999450900,382156999479300,28400,after
secret_dependent_routine,382156999480400,382156999509900,29500,after
secret_dependent_routine,382156999510900,382156999539100,28200,after
secret_dependent_routine,382156999540200,382156999571100,30900,after
secret_dependent_routine,382156999572100,382156999600300,28200,after
secret_dependent_routine,382156999601300,382156999630500,29200,after
secret_dependent_routine,382156999631500,382156999660800,29300,after
secret_dependent_routine,382156999661900,382156999691200,29300,after
secret_dependent_routine,382156999692300,382156999721800,29500,after
secret_dependent_routine,382156999722700,382156999751900,29200,after
secret_dependent_routine,382156999752900,382156999782600,29700,after
secret_dependent_routine,382156999783700,382156999812900,29200,after
secret_dependent_routine,382156999813900,382156999843000,29100,after
secret_dependent_routine,382156999843900,382156999875200,31300,after
secret_dependent_routine,382156999876200,382156999907700,31500,after
secret_dependent_routine,382156999909100,382156999938700,29600,after
secret_dependent_routine,382156999939900,382156999970000,30100,after
secret_dependent_routine,382156999971100,382157000000500,29400,after
secret_dependent_routine,382157000001600,382157000030900,29300,after
secret_dependent_routine,382157000032000,382157000062900,30900,after
secret_dependent_routine,382157000063900,382157000096200,32300,after
secret_dependent_routine,382157000097300,382157000128800,31500,after
secret_dependent_routine,382157000130000,382157000173400,43400,after
secret_dependent_routine,382157000176700,382157000211300,34600,after
secret_dependent_routine,382157000212700,382157000247100,34400,after
secret_dependent_routine,382157000249900,382157000284000,34100,after
secret_dependent_routine,382157000285400,382157000320300,34900,after
secret_dependent_routine,382157000321600,382157000352000,30400,after
secret_dependent_routine,382157000353200,382157000381600,28400,after
secret_dependent_routine,382157000382600,382157000410200,27600,after
secret_dependent_routine,382157000411200,382157000439400,28200,after
secret_dependent_routine,382157000440400,382157000467600,27200,after
secret_dependent_routine,382157000468600,382157000501500,32900,after
secret_dependent_routine,382157000503000,382157000531200,28200,after
secret_dependent_routine,382157000532200,382157000560100,27900,after
secret_dependent_routine,382157000561200,382157000589200,28000,after
secret_dependent_routine,382157000590200,382157000618200,28000,after
secret_dependent_routine,382157000619100,382157000647300,28200,after
secret_dependent_routine,382157000648400,382157000676400,28000,after
secret_dependent_routine,382157000677500,382157000705900,28400,after
secret_dependent_routine,382157000706900,382157000735000,28100,after
secret_dependent_routine,382157000736000,382157000764000,28000,after
secret_dependent_routine,382157000765000,382157000793400,28400,after
secret_dependent_routine,382157000794400,382157000822400,28000,after
secret_dependent_routine,382157000823300,382157000851400,28100,after
secret_dependent_routine,382157000852400,382157000880600,28200,after
secret_dependent_routine,382157000881600,382157000909700,28100,after
secret_dependent_routine,382157000910700,382157000938700,28000,after
secret_dependent_routine,382157000939700,382157000968000,28300,after
secret_dependent_routine,382157000969100,382157000997100,28000,after
secret_dependent_routine,382157000998100,382157001026000,27900,after
secret_dependent_routine,382157001027000,382157001054900,27900,after
secret_dependent_routine,382157001056000,382157001083900,27900,after
secret_dependent_routine,382157001084900,382157001113300,28400,after
secret_dependent_routine,382157001114400,382157001142200,27800,after
secret_dependent_routine,382157001143200,382157001172000,28800,after
secret_dependent_routine,382157001173000,382157001207700,34700,after
secret_dependent_routine,382157001208900,382157001239300,30400,after
secret_dependent_routine,382157001240400,382157001273500,33100,after
secret_dependent_routine,382157001276000,382157001310900,34900,after
secret_dependent_routine,382157001312200,382157001346400,34200,after
secret_dependent_routine,382157001347400,382157001375600,28200,after
secret_dependent_routine,382157001376600,382157001404700,28100,after
secret_dependent_routine,382157001405800,382157001434700,28900,after
secret_dependent_routine,382157001435700,382157001464000,28300,after
secret_dependent_routine,382157001465000,382157001494100,29100,after
secret_dependent_routine,382157001495200,382157001524500,29300,after
secret_dependent_routine,382157001526600,382157001555500,28900,after
secret_dependent_routine,382157001556500,382157001585400,28900,after
secret_dependent_routine,382157001586500,382157001615300,28800,after
secret_dependent_routine,382157001616300,382157001645600,29300,after
secret_dependent_routine,382157001646700,382157001676700,30000,after
secret_dependent_routine,382157001677800,382157001707300,29500,after
secret_dependent_routine,382157001708400,382157001737200,28800,after
secret_dependent_routine,382157001738200,382157001767600,29400,after
secret_dependent_routine,382157001768600,382157001797900,29300,after
secret_dependent_routine,382157001799000,382157001828200,29200,after
secret_dependent_routine,382157001829200,382157001857900,28700,after
secret_dependent_routine,382157001858900,382157001888000,29100,after
secret_dependent_routine,382157001889000,382157001918400,29400,after
secret_dependent_routine,382157001919500,382157001948300,28800,after
secret_dependent_routine,382157001949400,382157001979600,30200,after
secret_dependent_routine,382157001980700,382157002009900,29200,after
secret_dependent_routine,382157002011000,382157002040100,29100,after
secret_dependent_routine,382157002041100,382157002070200,29100,after
secret_dependent_routine,382157002071300,382157002099700,28400,after
secret_dependent_routine,382157002100800,382157002129900,29100,after
secret_dependent_routine,382157002130900,382157002159900,29000,after
secret_dependent_routine,382157002160900,382157002191400,30500,after
secret_dependent_routine,382157002192500,382157002223700,31200,after
secret_dependent_routine,382157002224800,382157002255500,30700,after
secret_dependent_routine,382157002256700,382157002293000,36300,after
secret_dependent_routine,382157002294200,382157002328400,34200,after
secret_dependent_routine,382157002329600,382157002378200,48600,after
secret_dependent_routine,382157002380300,382157002436900,56600,after
secret_dependent_routine,382157002441500,382157002504500,63000,after
secret_dependent_routine,382157002506800,382157002582800,76000,after
secret_dependent_routine,382157002585400,382157002646500,61100,after
secret_dependent_routine,382157002648900,382157002716900,68000,after
secret_dependent_routine,382157002719200,382157002782200,63000,after
secret_dependent_routine,382157002783900,382157002829000,45100,after
secret_dependent_routine,382157002831100,382157002887600,56500,after
secret_dependent_routine,382157002890100,382157002938400,48300,after
secret_dependent_routine,382157002940200,382157002981500,41300,after
secret_dependent_routine,382157002983400,382157003029000,45600,after
secret_dependent_routine,382157003030500,382157003063300,32800,after
secret_dependent_routine,382157003064600,382157003096900,32300,after
secret_dependent_routine,382157003097900,382157003126100,28200,after
secret_dependent_routine,382157003127100,382157003154200,27100,after
secret_dependent_routine,382157003156900,382157003186700,29800,after
secret_dependent_routine,382157003187900,382157003223100,35200,after
secret_dependent_routine,382157003224300,382157003259200,34900,after
secret_dependent_routine,382157003260400,382157003294800,34400,after
secret_dependent_routine,382157003295800,382157003323900,28100,after
secret_dependent_routine,382157003324900,382157003353500,28600,after
secret_dependent_routine,382157003354400,382157003382700,28300,after
secret_dependent_routine,382157003383700,382157003412200,28500,after
secret_dependent_routine,382157003413200,382157003441500,28300,after
secret_dependent_routine,382157003442500,382157003471100,28600,after
secret_dependent_routine,382157003472100,382157003500500,28400,after
secret_dependent_routine,382157003501400,382157003529800,28400,after
secret_dependent_routine,382157003530800,382157003559400,28600,after
secret_dependent_routine,382157003618500,382157003647700,29200,after
secret_dependent_routine,382157003649100,382157003676500,27400,after
secret_dependent_routine,382157003677500,382157003704600,27100,after
secret_dependent_routine,382157003705600,382157003732100,26500,after
secret_dependent_routine,382157003733100,382157003761600,28500,after
secret_dependent_routine,382157003762600,382157003790800,28200,after
secret_dependent_routine,382157003791800,382157003820200,28400,after
secret_dependent_routine,382157003821200,382157003849100,27900,after
secret_dependent_routine,382157003850100,382157003878200,28100,after
secret_dependent_routine,382157003879200,382157003906900,27700,after
secret_dependent_routine,382157003909700,382157003936900,27200,after
secret_dependent_routine,382157003937800,382157003964600,26800,after
secret_dependent_routine,382157003965600,382157003993000,27400,after
secret_dependent_routine,382157003993900,382157004020800,26900,after
secret_dependent_routine,382157004021700,382157004049400,27700,after
secret_dependent_routine,382157004050400,382157004077600,27200,after
secret_dependent_routine,382157004078500,382157004106300,27800,after
secret_dependent_routine,382157004107300,382157004134600,27300,after
secret_dependent_routine,382157004135600,382157004163300,27700,after
secret_dependent_routine,382157004164200,382157004208100,43900,after
secret_dependent_routine,382157004209300,382157004239800,30500,after
secret_dependent_routine,382157004241200,382157004272300,31100,after
secret_dependent_routine,382157004273500,382157004306400,32900,after
secret_dependent_routine,382157004307600,382157004340000,32400,after
secret_dependent_routine,382157004341200,382157004373900,32700,after
secret_dependent_routine,382157004375300,382157004408000,32700,after
secret_dependent_routine,382157004409200,382157004441700,32500,after
secret_dependent_routine,382157004442600,382157004468800,26200,after
secret_dependent_routine,382157004469800,382157004501800,32000,after
secret_dependent_routine,382157004503200,382157004530900,27700,after
secret_dependent_routine,382157004533000,382157004560300,27300,after
secret_dependent_routine,382157004561300,382157004588400,27100,after
secret_dependent_routine,382157004589400,382157004616600,27200,after
secret_dependent_routine,382157004617600,382157004644900,27300,after
secret_dependent_routine,382157004645900,382157004673400,27500,after
secret_dependent_routine,382157004674300,382157004701600,27300,after
secret_dependent_routine,382157004702600,382157004730400,27800,after
secret_dependent_routine,382157004731400,382157004758200,26800,after
secret_dependent_routine,382157004759200,382157004787200,28000,after
secret_dependent_routine,382157004788200,382157004819000,30800,after
secret_dependent_routine,382157004820100,382157004851100,31000,after
secret_dependent_routine,382157004852200,382157004883800,31600,after
secret_dependent_routine,382157004884900,382157004918600,33700,after
secret_dependent_routine,382157004919800,382157004953300,33500,after
secret_dependent_routine,382157004954500,382157004988100,33600,after
secret_dependent_routine,382157004989300,382157005022300,33000,after
secret_dependent_routine,382157005025000,382157005058900,33900,after
secret_dependent_routine,382157005060500,382157005099900,39400,after
secret_dependent_routine,382157005102000,382157005140400,38400,after
secret_dependent_routine,382157005142100,382157005174700,32600,after
secret_dependent_routine,382157005175900,382157005205000,29100,after
secret_dependent_routine,382157005206000,382157005233900,27900,after
secret_dependent_routine,382157005234900,382157005263500,28600,after
secret_dependent_routine,382157005264500,382157005292700,28200,after
secret_dependent_routine,382157005293800,382157005322100,28300,after
secret_dependent_routine,382157005323000,382157005350800,27800,after
secret_dependent_routine,382157005351900,382157005380200,28300,after
secret_dependent_routine,382157005381200,382157005408800,27600,after
secret_dependent_routine,382157005409800,382157005437900,28100,after
secret_dependent_routine,382157005438900,382157005466300,27400,after
secret_dependent_routine,382157005467300,382157005495300,28000,after
secret_dependent_routine,382157005496300,382157005525200,28900,after
secret_dependent_routine,382157005526200,382157005557200,31000,after
secret_dependent_routine,382157005558300,382157005586100,27800,after
secret_dependent_routine,382157005587200,382157005615300,28100,after
secret_dependent_routine,382157005616300,382157005644200,27900,after
secret_dependent_routine,382157005645200,382157005673300,28100,after
secret_dependent_routine,382157005674300,382157005702300,28000,after
secret_dependent_routine,382157005703200,382157005731100,27900,after
secret_dependent_routine,382157005732100,382157005759900,27800,after
secret_dependent_routine,382157005761000,382157005789000,28000,after
secret_dependent_routine,382157005790000,382157005817600,27600,after
secret_dependent_routine,382157005818600,382157005846500,27900,after
secret_dependent_routine,382157005848700,382157005876200,27500,after
secret_dependent_routine,382157005877500,382157005905700,28200,after
secret_dependent_routine,382157005906700,382157005936200,29500,after
secret_dependent_routine,382157005937300,382157005967500,30200,after
secret_dependent_routine,382157005968600,382157005998400,29800,after
secret_dependent_routine,382157005999500,382157006032200,32700,after
secret_dependent_routine,382157006033400,382157006066600,33200,after
secret_dependent_routine,382157006067800,382157006099200,31400,after
secret_dependent_routine,382157006100200,382157006127700,27500,after
secret_dependent_routine,382157006129800,382157006158100,28300,after
secret_dependent_routine,382157006159100,382157006186500,27400,after
secret_dependent_routine,382157006187500,382157006215800,28300,after
secret_dependent_routine,382157006216800,382157006244300,27500,after
secret_dependent_routine,382157006245400,382157006273000,27600,after
secret_dependent_routine,382157006274000,382157006301400,27400,after
secret_dependent_routine,382157006302600,382157006330400,27800,after
secret_dependent_routine,382157006331500,382157006359400,27900,after
secret_dependent_routine,382157006360300,382157006388000,27700,after
secret_dependent_routine,382157006389000,382157006416600,27600,after
secret_dependent_routine,382157006417600,382157006445700,28100,after
secret_dependent_routine,382157006446700,382157006474300,27600,after
secret_dependent_routine,382157006475300,382157006507400,32100,after
secret_dependent_routine,382157006508800,382157006536600,27800,after
secret_dependent_routine,382157006537600,382157006566200,28600,after
secret_dependent_routine,382157006567200,382157006595400,28200,after
secret_dependent_routine,382157006596400,382157006624600,28200,after
secret_dependent_routine,382157006625600,382157006653100,27500,after
secret_dependent_routine,382157006654100,382157006682800,28700,after
secret_dependent_routine,382157006683800,382157006711900,28100,after
secret_dependent_routine,382157006712900,382157006741100,28200,after
secret_dependent_routine,382157006742100,382157006769800,27700,after
secret_dependent_routine,382157006770800,382157006799500,28700,after
secret_dependent_routine,382157006800500,382157006828800,28300,after
secret_dependent_routine,382157006830000,382157006858300,28300,after
secret_dependent_routine,382157006859400,382157006887600,28200,after
secret_dependent_routine,382157006888700,382157006917000,28300,after
secret_dependent_routine,382157006918100,382157006948900,30800,after
secret_dependent_routine,382157006950000,382157006980100,30100,after
secret_dependent_routine,382157006981200,382157007013400,32200,after
secret_dependent_routine,382157007014700,382157007078800,64100,after
secret_dependent_routine,382157007081800,382157007152300,70500,after
secret_dependent_routine,382157007156100,382157007189300,33200,after
secret_dependent_routine,382157007191900,382157007220000,28100,after
secret_dependent_routine,382157007221200,382157007249700,28500,after
secret_dependent_routine,382157007250700,382157007278500,27800,after
secret_dependent_routine,382157007280700,382157007309100,28400,after
secret_dependent_routine,382157007310200,382157007338400,28200,after
secret_dependent_routine,382157007339400,382157007367700,28300,after
secret_dependent_routine,382157007368700,382157007396900,28200,after
secret_dependent_routine,382157007398100,382157007426600,28500,after
secret_dependent_routine,382157007427600,382157007455900,28300,after
secret_dependent_routine,382157007456900,382157007485500,28600,after
secret_dependent_routine,382157007486400,382157007514500,28100,after
secret_dependent_routine,382157007515500,382157007544100,28600,after
secret_dependent_routine,382157007545100,382157007573400,28300,after
secret_dependent_routine,382157007574400,382157007602800,28400,after
secret_dependent_routine,382157007603800,382157007632200,28400,after
secret_dependent_routine,382157007633200,382157007661800,28600,after
secret_dependent_routine,382157007662800,382157007691200,28400,after
secret_dependent_routine,382157007692300,382157007721000,28700,after
secret_dependent_routine,382157007721900,382157007750300,28400,after
secret_dependent_routine,382157007751200,382157007780200,29000,after
secret_dependent_routine,382157007781200,382157007809800,28600,after
secret_dependent_routine,382157007810800,382157007839200,28400,after
secret_dependent_routine,382157007840200,382157007868600,28400,after
secret_dependent_routine,382157007869700,382157007898100,28400,after
secret_dependent_routine,382157007899200,382157007929600,30400,after
secret_dependent_routine,382157007930700,382157007961800,31100,after
secret_dependent_routine,382157007962900,382157007993600,30700,after
secret_dependent_routine,382157007994700,382157008028600,33900,after
secret_dependent_routine,382157008029800,382157008063500,33700,after
secret_dependent_routine,382157008064700,382157008096200,31500,after
secret_dependent_routine,382157008097200,382157008125500,28300,after
secret_dependent_routine,382157008126600,382157008155500,28900,after
secret_dependent_routine,382157008156500,382157008184200,27700,after
secret_dependent_routine,382157008185200,382157008214100,28900,after
secret_dependent_routine,382157008215100,382157008247500,32400,after
secret_dependent_routine,382157008249000,382157008277400,28400,after
secret_dependent_routine,382157008278500,382157008306400,27900,after
secret_dependent_routine,382157008307400,382157008335900,28500,after
secret_dependent_routine,382157008336900,382157008364800,27900,after
secret_dependent_routine,382157008365800,382157008393700,27900,after
secret_dependent_routine,382157008396100,382157008424600,28500,after
secret_dependent_routine,382157008425700,382157008453800,28100,after
secret_dependent_routine,382157008455800,382157008484900,29100,after
secret_dependent_routine,382157008486000,382157008514900,28900,after
secret_dependent_routine,382157008516000,382157008544900,28900,after
secret_dependent_routine,382157008545900,382157008575000,29100,after
secret_dependent_routine,382157008576100,382157008605000,28900,after
secret_dependent_routine,382157008606100,382157008635100,29000,after
secret_dependent_routine,382157008636000,382157008665100,29100,after
secret_dependent_routine,382157008666200,382157008695000,28800,after
secret_dependent_routine,382157008696000,382157008725100,29100,after
secret_dependent_routine,382157008727500,382157008756100,28600,after
secret_dependent_routine,382157008757200,382157008786500,29300,after
secret_dependent_routine,382157008787600,382157008817500,29900,after
secret_dependent_routine,382157008818500,382157008848400,29900,after
secret_dependent_routine,382157008849500,382157008879300,29800,after
secret_dependent_routine,382157008880500,382157008910200,29700,after
secret_dependent_routine,382157008911300,382157008943500,32200,after
secret_dependent_routine,382157008944600,382157008976300,31700,after
secret_dependent_routine,382157008977400,382157009010300,32900,after
secret_dependent_routine,382157009011500,382157009046500,35000,after
secret_dependent_routine,382157009047700,382157009083900,36200,after
secret_dependent_routine,382157009087000,382157009116100,29100,after
secret_dependent_routine,382157009117200,382157009147000,29800,after
secret_dependent_routine,382157009148100,382157009177900,29800,after
secret_dependent_routine,382157009179000,382157009208800,29800,after
secret_dependent_routine,382157009209800,382157009239100,29300,after
secret_dependent_routine,382157009240100,382157009270000,29900,after
secret_dependent_routine,382157009270900,382157009300500,29600,after
secret_dependent_routine,382157009301500,382157009331200,29700,after
secret_dependent_routine,382157009332300,382157009361600,29300,after
secret_dependent_routine,382157009362600,382157009392600,30000,after
secret_dependent_routine,382157009393700,382157009423100,29400,after
secret_dependent_routine,382157009424100,382157009454000,29900,after
secret_dependent_routine,382157009455000,382157009484100,29100,after
secret_dependent_routine,382157009485300,382157009513800,28500,after
secret_dependent_routine,382157009516000,382157009544700,28700,after
secret_dependent_routine,382157009545800,382157009575900,30100,after
secret_dependent_routine,382157009577100,382157009606200,29100,after
secret_dependent_routine,382157009607200,382157009637800,30600,after
secret_dependent_routine,382157009638900,382157009668700,29800,after
secret_dependent_routine,382157009669800,382157009698700,28900,after
secret_dependent_routine,382157009699700,382157009729200,29500,after
secret_dependent_routine,382157009730400,382157009760200,29800,after
secret_dependent_routine,382157009761300,382157009791100,29800,after
secret_dependent_routine,382157009793200,382157009823600,30400,after
secret_dependent_routine,382157009824700,382157009854800,30100,after
secret_dependent_routine,382157009855900,382157009886500,30600,after
secret_dependent_routine,382157009887500,382157009918100,30600,after
secret_dependent_routine,382157009919300,382157009951800,32500,after
secret_dependent_routine,382157009952900,382157009985800,32900,after
secret_dependent_routine,382157009987000,382157010022900,35900,after
secret_dependent_routine,382157010024200,382157010184900,160700,after
secret_dependent_routine,382157010198800,382157010275200,76400,after
secret_dependent_routine,382157010278900,382157010344100,65200,after
secret_dependent_routine,382157010346300,382157010390500,44200,after
secret_dependent_routine,382157010392200,382157010428300,36100,after
secret_dependent_routine,382157010429700,382157010465800,36100,after
secret_dependent_routine,382157010467200,382157010512200,45000,after
secret_dependent_routine,382157010513900,382157010575100,61200,after
secret_dependent_routine,382157010577400,382157010617900,40500,after
secret_dependent_routine,382157010619500,382157010653200,33700,after
secret_dependent_routine,382157010654500,382157010711700,57200,after
secret_dependent_routine,382157010713300,382157010746400,33100,after
secret_dependent_routine,382157010747500,382157010779100,31600,after
secret_dependent_routine,382157010780300,382157010811300,31000,after
secret_dependent_routine,382157010812400,382157010844200,31800,after
secret_dependent_routine,382157010845400,382157010876800,31400,after
secret_dependent_routine,382157010878000,382157010915000,37000,after
secret_dependent_routine,382157010916600,382157010958500,41900,after
secret_dependent_routine,382157010960200,382157011013700,53500,after
secret_dependent_routine,382157011015600,382157011086000,70400,after
secret_dependent_routine,382157011107600,382157011176500,68900,after
secret_dependent_routine,382157011178800,382157011226100,47300,after
secret_dependent_routine,382157011228200,382157011287200,59000,after
secret_dependent_routine,382157011289400,382157011346500,57100,after
secret_dependent_routine,382157011349800,382157011386400,36600,after
secret_dependent_routine,382157011388200,382157011427200,39000,after
secret_dependent_routine,382157011429500,382157011463800,34300,after
secret_dependent_routine,382157011465200,382157011500500,35300,after
secret_dependent_routine,382157011502300,382157011537000,34700,after
secret_dependent_routine,382157011538500,382157011572900,34400,after
secret_dependent_routine,382157011574200,382157011608500,34300,after
secret_dependent_routine,382157011609700,382157011643800,34100,after
secret_dependent_routine,382157011645200,382157011679700,34500,after
secret_dependent_routine,382157011681200,382157011716600,35400,after
secret_dependent_routine,382157011718000,382157011752600,34600,after
secret_dependent_routine,382157011754200,382157011821200,67000,after
secret_dependent_routine,382157011835000,382157011870900,35900,after
secret_dependent_routine,382157011873200,382157011908800,35600,after
secret_dependent_routine,382157011910100,382157011944500,34400,after
secret_dependent_routine,382157011945700,382157011979100,33400,after
secret_dependent_routine,382157011980200,382157012008000,27800,after
secret_dependent_routine,382157012009000,382157012037300,28300,after
secret_dependent_routine,382157012038400,382157012066500,28100,after
secret_dependent_routine,382157012067600,382157012095300,27700,after
secret_dependent_routine,382157012096400,382157012124300,27900,after
secret_dependent_routine,382157012125400,382157012153200,27800,after
secret_dependent_routine,382157012154200,382157012182300,28100,after
secret_dependent_routine,382157012183300,382157012210800,27500,after
secret_dependent_routine,382157012211800,382157012239800,28000,after
secret_dependent_routine,382157012240800,382157012268900,28100,after
secret_dependent_routine,382157012269800,382157012297800,28000,after
secret_dependent_routine,382157012298800,382157012326300,27500,after
secret_dependent_routine,382157012327300,382157012355200,27900,after
secret_dependent_routine,382157012356200,382157012384100,27900,after
secret_dependent_routine,382157012385000,382157012412900,27900,after
secret_dependent_routine,382157012413900,382157012441700,27800,after
secret_dependent_routine,382157012444000,382157012471300,27300,after
secret_dependent_routine,382157012472500,382157012500400,27900,after
secret_dependent_routine,382157012501400,382157012528900,27500,after
secret_dependent_routine,382157012530000,382157012558300,28300,after
secret_dependent_routine,382157012559300,382157012586700,27400,after
secret_dependent_routine,382157012587800,382157012615100,27300,after
secret_dependent_routine,382157012616100,382157012643300,27200,after
secret_dependent_routine,382157012644400,382157012671900,27500,after
secret_dependent_routine,382157012673000,382157012700700,27700,after
secret_dependent_routine,382157012701700,382157012729600,27900,after
secret_dependent_routine,382157012730600,382157012758100,27500,after
secret_dependent_routine,382157012759200,382157012787900,28700,after
secret_dependent_routine,382157012789100,382157012816500,27400,after
secret_dependent_routine,382157012817700,382157012845000,27300,after
secret_dependent_routine,382157012846000,382157012873600,27600,after
secret_dependent_routine,382157012874600,382157012902200,27600,after
secret_dependent_routine,382157012903300,382157012932900,29600,after
secret_dependent_routine,382157012934000,382157012964400,30400,after
secret_dependent_routine,382157012965500,382157012995600,30100,after
secret_dependent_routine,382157012996700,382157013030200,33500,after
secret_dependent_routine,382157013031400,382157013064600,33200,after
secret_dependent_routine,382157013065800,382157013098900,33100,after
secret_dependent_routine,382157013102500,382157013154700,52200,after
secret_dependent_routine,382157013156800,382157013205800,49000,after
secret_dependent_routine,382157013207700,382157013268300,60600,after
secret_dependent_routine,382157013270500,382157013335100,64600,after
secret_dependent_routine,382157013337500,382157013370600,33100,after
secret_dependent_routine,382157013372000,382157013420100,48100,after
secret_dependent_routine,382157013422200,382157013522000,99800,after
secret_dependent_routine,382157013527200,382157013564600,37400,after
secret_dependent_routine,382157013566900,382157013623400,56500,after
secret_dependent_routine,382157013625800,382157013693100,67300,after
secret_dependent_routine,382157013695500,382157013756900,61400,after
secret_dependent_routine,382157013758600,382157013796000,37400,after
secret_dependent_routine,382157013797300,382157013845200,47900,after
secret_dependent_routine,382157013846900,382157013892200,45300,after
secret_dependent_routine,382157013893600,382157013927500,33900,after
secret_dependent_routine,382157013931400,382157013966100,34700,after
secret_dependent_routine,382157013967500,382157013997800,30300,after
secret_dependent_routine,382157013998900,382157014027500,28600,after
secret_dependent_routine,382157014028500,382157014055500,27000,after
secret_dependent_routine,382157014056500,382157014083500,27000,after
secret_dependent_routine,382157014084500,382157014111100,26600,after
secret_dependent_routine,382157014112200,382157014138800,26600,after
secret_dependent_routine,382157014139800,382157014166900,27100,after
secret_dependent_routine,382157014167900,382157014194800,26900,after
secret_dependent_routine,382157014195800,382157014223000,27200,after
secret_dependent_routine,382157014224000,382157014250800,26800,after
secret_dependent_routine,382157014251800,382157014278700,26900,after
secret_dependent_routine,382157014279600,382157014306700,27100,after
secret_dependent_routine,382157014307700,382157014334700,27000,after
secret_dependent_routine,382157014335700,382157014362600,26900,after
secret_dependent_routine,382157014363600,382157014390400,26800,after
secret_dependent_routine,382157014391400,382157014419400,28000,after
secret_dependent_routine,382157014420400,382157014450300,29900,after
secret_dependent_routine,382157014451500,382157014481300,29800,after
secret_dependent_routine,382157014482400,382157014512900,30500,after
secret_dependent_routine,382157014514000,382157014547100,33100,after
secret_dependent_routine,382157014548300,382157014582200,33900,after
secret_dependent_routine,382157014583500,382157014615900,32400,after
secret_dependent_routine,382157014616900,382157014643400,26500,after
secret_dependent_routine,382157014644400,382157014671200,26800,after
secret_dependent_routine,382157014672300,382157014699300,27000,after
secret_dependent_routine,382157014700300,382157014726900,26600,after
secret_dependent_routine,382157014729000,382157014756100,27100,after
secret_dependent_routine,382157014757200,382157014784600,27400,after
secret_dependent_routine,382157014785600,382157014813300,27700,after
secret_dependent_routine,382157014814300,382157014842100,27800,after
secret_dependent_routine,382157014843100,382157014870500,27400,after
secret_dependent_routine,382157014871500,382157014901300,29800,after
secret_dependent_routine,382157014902400,382157014933200,30800,after
secret_dependent_routine,382157014934300,382157014965700,31400,after
secret_dependent_routine,382157014966900,382157015000600,33700,after
secret_dependent_routine,382157015003300,382157015038100,34800,after
secret_dependent_routine,382157015039400,382157015074100,34700,after
secret_dependent_routine,382157015075300,382157015108900,33600,after
secret_dependent_routine,382157015110100,382157015143800,33700,after
secret_dependent_routine,382157015145000,382157015179100,34100,after
secret_dependent_routine,382157015180200,382157015215400,35200,after
secret_dependent_routine,382157015217500,382157015267400,49900,after
secret_dependent_routine,382157015268800,382157015303800,35000,after
secret_dependent_routine,382157015305100,382157015338300,33200,after
secret_dependent_routine,382157015339200,382157015366600,27400,after
secret_dependent_routine,382157015367500,382157015395700,28200,after
secret_dependent_routine,382157015396700,382157015423900,27200,after
secret_dependent_routine,382157015424900,382157015453300,28400,after
secret_dependent_routine,382157015454200,382157015487100,32900,after
secret_dependent_routine,382157015488700,382157015516500,27800,after
secret_dependent_routine,382157015517500,382157015544700,27200,after
secret_dependent_routine,382157015545700,382157015576400,30700,after
secret_dependent_routine,382157015577500,382157015608200,30700,after
secret_dependent_routine,382157015609300,382157015640100,30800,after
secret_dependent_routine,382157015643100,382157015677900,34800,after
secret_dependent_routine,382157015679200,382157015713900,34700,after
secret_dependent_routine,382157015715100,382157015750400,35300,after
secret_dependent_routine,382157015751700,382157015787200,35500,after
secret_dependent_routine,382157015788500,382157015823900,35400,after
secret_dependent_routine,382157015825200,382157015854100,28900,after
secret_dependent_routine,382157015855100,382157015881800,26700,after
secret_dependent_routine,382157015882800,382157015909700,26900,after
secret_dependent_routine,382157015910700,382157015937600,26900,after
secret_dependent_routine,382157015938600,382157015965800,27200,after
secret_dependent_routine,382157015966900,382157015993200,26300,after
secret_dependent_routine,382157015994100,382157016020800,26700,after
secret_dependent_routine,382157016021800,382157016048600,26800,after
secret_dependent_routine,382157016049600,382157016077900,28300,after
secret_dependent_routine,382157016078800,382157016105600,26800,after
secret_dependent_routine,382157016107500,382157016134800,27300,after
secret_dependent_routine,382157016135900,382157016162100,26200,after
secret_dependent_routine,382157016164100,382157016190900,26800,after
secret_dependent_routine,382157016191900,382157016218500,26600,after
secret_dependent_routine,382157016219500,382157016246400,26900,after
secret_dependent_routine,382157016247400,382157016274000,26600,after
secret_dependent_routine,382157016275100,382157016301900,26800,after
secret_dependent_routine,382157016302900,382157016329400,26500,after
secret_dependent_routine,382157016330300,382157016357300,27000,after
secret_dependent_routine,382157016358300,382157016384900,26600,after
secret_dependent_routine,382157016385900,382157016412700,26800,after
secret_dependent_routine,382157016413700,382157016440500,26800,after
secret_dependent_routine,382157016441500,382157016468200,26700,after
secret_dependent_routine,382157016469200,382157016496100,26900,after
secret_dependent_routine,382157016497100,382157016524200,27100,after
secret_dependent_routine,382157016525100,382157016552600,27500,after
secret_dependent_routine,382157016553700,382157016583700,30000,after
secret_dependent_routine,382157016584700,382157016615300,30600,after
secret_dependent_routine,382157016616400,382157016647700,31300,after
secret_dependent_routine,382157016648900,382157016683200,34300,after
secret_dependent_routine,382157016684400,382157016718800,34400,after
secret_dependent_routine,382157016720000,382157016760300,40300,after
secret_dependent_routine,382157016762000,382157016822700,60700,after
secret_dependent_routine,382157016825900,382157016878600,52700,after
secret_dependent_routine,382157016883700,382157016943300,59600,after
secret_dependent_routine,382157016945500,382157016997400,51900,after
secret_dependent_routine,382157016999400,382157017057500,58100,after
secret_dependent_routine,382157017059700,382157017118100,58400,after
secret_dependent_routine,382157017120300,382157017173500,53200,after
secret_dependent_routine,382157017175500,382157017237200,61700,after
secret_dependent_routine,382157017239000,382157017303000,64000,after
secret_dependent_routine,382157017304800,382157017370900,66100,after
secret_dependent_routine,382157017372700,382157017435400,62700,after
secret_dependent_routine,382157017438200,382157017514100,75900,after
secret_dependent_routine,382157017517000,382157017558100,41100,after
secret_dependent_routine,382157017562500,382157017595600,33100,after
secret_dependent_routine,382157017604100,382157017640700,36600,after
secret_dependent_routine,382157017641900,382157017677900,36000,after
secret_dependent_routine,382157017681200,382157017714900,33700,after
secret_dependent_routine,382157017715900,382157017744800,28900,after
secret_dependent_routine,382157017745900,382157017775900,30000,after
secret_dependent_routine,382157017777000,382157017805900,28900,after
secret_dependent_routine,382157017807000,382157017839900,32900,after
secret_dependent_routine,382157017855500,382157017889400,33900,after
secret_dependent_routine,382157017890800,382157017942300,51500,after
secret_dependent_routine,382157017944600,382157017986100,41500,after
secret_dependent_routine,382157017987900,382157018026500,38600,after
secret_dependent_routine,382157018027900,382157018065700,37800,after
secret_dependent_routine,382157018066900,382157018102500,35600,after
secret_dependent_routine,382157018103800,382157018132500,28700,after
secret_dependent_routine,382157018133500,382157018161700,28200,after
secret_dependent_routine,382157018162700,382157018190700,28000,after
secret_dependent_routine,382157018191800,382157018220100,28300,after
secret_dependent_routine,382157018221100,382157018248900,27800,after
secret_dependent_routine,382157018250000,382157018278800,28800,after
secret_dependent_routine,382157018279900,382157018308300,28400,after
secret_dependent_routine,382157018309300,382157018337600,28300,after
secret_dependent_routine,382157018338700,382157018366800,28100,after
secret_dependent_routine,382157018367800,382157018396200,28400,after
secret_dependent_routine,382157018397300,382157018425200,27900,after
secret_dependent_routine,382157018426200,382157018454500,28300,after
secret_dependent_routine,382157018455500,382157018483900,28400,after
secret_dependent_routine,382157018484900,382157018513200,28300,after
secret_dependent_routine,382157018514200,382157018542200,28000,after
secret_dependent_routine,382157018543300,382157018572200,28900,after
secret_dependent_routine,382157018573200,382157018601400,28200,after
secret_dependent_routine,382157018602500,382157018631300,28800,after
secret_dependent_routine,382157018632300,382157018660700,28400,after
secret_dependent_routine,382157018661700,382157018690400,28700,after
secret_dependent_routine,382157018691500,382157018720600,29100,after
secret_dependent_routine,382157018724400,382157018753200,28800,after
secret_dependent_routine,382157018754300,382157018782400,28100,after
secret_dependent_routine,382157018783500,382157018811900,28400,after
secret_dependent_routine,382157018813000,382157018842200,29200,after
secret_dependent_routine,382157018843300,382157018875700,32400,after
secret_dependent_routine,382157018877900,382157018908800,30900,after
secret_dependent_routine,382157018910000,382157018943400,33400,after
secret_dependent_routine,382157018944700,382157018979100,34400,after
secret_dependent_routine,382157018980400,382157019013500,33100,after
secret_dependent_routine,382157019014600,382157019043700,29100,after
secret_dependent_routine,382157019044700,382157019073700,29000,after
secret_dependent_routine,382157019074700,382157019102900,28200,after
secret_dependent_routine,382157019103900,382157019132500,28600,after
secret_dependent_routine,382157019133500,382157019161400,27900,after
secret_dependent_routine,382157019162400,382157019190500,28100,after
secret_dependent_routine,382157019192800,382157019220500,27700,after
secret_dependent_routine,382157019221500,382157019249600,28100,after
secret_dependent_routine,382157019250600,382157019278300,27700,after
secret_dependent_routine,382157019279200,382157019307100,27900,after
secret_dependent_routine,382157019308100,382157019336800,28700,after
secret_dependent_routine,382157019337900,382157019366200,28300,after
secret_dependent_routine,382157019367100,382157019395700,28600,after
secret_dependent_routine,382157019396700,382157019424700,28000,after
secret_dependent_routine,382157019425700,382157019453700,28000,after
secret_dependent_routine,382157019454700,382157019483000,28300,after
secret_dependent_routine,382157019484000,382157019517100,33100,after
secret_dependent_routine,382157019518600,382157019548200,29600,after
secret_dependent_routine,382157019549300,382157019578600,29300,after
secret_dependent_routine,382157019579700,382157019608500,28800,after
secret_dependent_routine,382157019609500,382157019638100,28600,after
secret_dependent_routine,382157019639100,382157019667400,28300,after
secret_dependent_routine,382157019668400,382157019696800,28400,after
secret_dependent_routine,382157019697800,382157019726600,28800,after
secret_dependent_routine,382157019727600,382157019756300,28700,after
secret_dependent_routine,382157019757200,382157019785600,28400,after
secret_dependent_routine,382157019786700,382157019814800,28100,after
secret_dependent_routine,382157019815800,382157019845500,29700,after
secret_dependent_routine,382157019846600,382157019877500,30900,after
secret_dependent_routine,382157019878600,382157019909300,30700,after
secret_dependent_routine,382157019910400,382157019944900,34500,after
secret_dependent_routine,382157019946300,382157019981600,35300,after
secret_dependent_routine,382157019984300,382157020015900,31600,after
secret_dependent_routine,382157020017000,382157020046100,29100,after
secret_dependent_routine,382157020047200,382157020075900,28700,after
secret_dependent_routine,382157020076900,382157020105600,28700,after
secret_dependent_routine,382157020106600,382157020135500,28900,after
secret_dependent_routine,382157020136500,382157020165900,29400,after
secret_dependent_routine,382157020167000,382157020194800,27800,after
secret_dependent_routine,382157020195900,382157020224200,28300,after
secret_dependent_routine,382157020225200,382157020253700,28500,after
secret_dependent_routine,382157020254700,382157020283200,28500,after
secret_dependent_routine,382157020284200,382157020312100,27900,after
secret_dependent_routine,382157020313100,382157020342200,29100,after
secret_dependent_routine,382157020343100,382157020370700,27600,after
secret_dependent_routine,382157020371700,382157020399800,28100,after
secret_dependent_routine,382157020400800,382157020427800,27000,after
secret_dependent_routine,382157020428800,382157020456400,27600,after
secret_dependent_routine,382157020458300,382157020487600,29300,after
secret_dependent_routine,382157020488700,382157020517800,29100,after
secret_dependent_routine,382157020518900,382157020549200,30300,after
secret_dependent_routine,382157020550300,382157020579300,29000,after
secret_dependent_routine,382157020580200,382157020610000,29800,after
secret_dependent_routine,382157020611100,382157020639800,28700,after
secret_dependent_routine,382157020641000,382157020671000,30000,after
secret_dependent_routine,382157020672000,382157020701600,29600,after
secret_dependent_routine,382157020702600,382157020731900,29300,after
secret_dependent_routine,382157020732900,382157020762200,29300,after
secret_dependent_routine,382157020763200,382157020792800,29600,after
secret_dependent_routine,382157020793800,382157020823500,29700,after
secret_dependent_routine,382157020824700,382157020856200,31500,after
secret_dependent_routine,382157020857200,382157020888500,31300,after
secret_dependent_routine,382157020889600,382157020922100,32500,after
secret_dependent_routine,382157020923300,382157020958000,34700,after
secret_dependent_routine,382157020959200,382157020994500,35300,after
secret_dependent_routine,382157020995700,382157021025900,30200,after
secret_dependent_routine,382157021026900,382157021057200,30300,after
secret_dependent_routine,382157021058200,382157021087400,29200,after
secret_dependent_routine,382157021089400,382157021117700,28300,after
secret_dependent_routine,382157021118700,382157021146200,27500,after
secret_dependent_routine,382157021147100,382157021175300,28200,after
secret_dependent_routine,382157021176300,382157021204300,28000,after
secret_dependent_routine,382157021205400,382157021236900,31500,after
secret_dependent_routine,382157021238300,382157021266600,28300,after
secret_dependent_routine,382157021267700,382157021295400,27700,after
secret_dependent_routine,382157021296500,382157021324900,28400,after
secret_dependent_routine,382157021326000,382157021353800,27800,after
secret_dependent_routine,382157021354800,382157021382900,28100,after
secret_dependent_routine,382157021383900,382157021411700,27800,after
secret_dependent_routine,382157021412700,382157021440900,28200,after
secret_dependent_routine,382157021441900,382157021471200,29300,after
secret_dependent_routine,382157021472300,382157021500200,27900,after
secret_dependent_routine,382157021501200,382157021529100,27900,after
secret_dependent_routine,382157021530200,382157021558300,28100,after
secret_dependent_routine,382157021559400,382157021587000,27600,after
secret_dependent_routine,382157021587900,382157021616000,28100,after
secret_dependent_routine,382157021617000,382157021644900,27900,after
secret_dependent_routine,382157021645900,382157021673800,27900,after
secret_dependent_routine,382157021674800,382157021702800,28000,after
secret_dependent_routine,382157021703800,382157021732200,28400,after
secret_dependent_routine,382157021733300,382157021761200,27900,after
secret_dependent_routine,382157021763300,382157021791900,28600,after
secret_dependent_routine,382157021793000,382157021821100,28100,after
secret_dependent_routine,382157021822200,382157021851800,29600,after
secret_dependent_routine,382157021852900,382157021883100,30200,after
secret_dependent_routine,382157021884200,382157021914900,30700,after
secret_dependent_routine,382157021916000,382157021948900,32900,after
secret_dependent_routine,382157021950100,382157021983400,33300,after
secret_dependent_routine,382157021984600,382157022016000,31400,after
secret_dependent_routine,382157022017000,382157022044900,27900,after
secret_dependent_routine,382157022045900,382157022073900,28000,after
secret_dependent_routine,382157022075000,382157022103100,28100,after
secret_dependent_routine,382157022104100,382157022131900,27800,after
secret_dependent_routine,382157022132900,382157022160600,27700,after
secret_dependent_routine,382157022162800,382157022190600,27800,after
secret_dependent_routine,382157022191800,382157022219600,27800,after
secret_dependent_routine,382157022220700,382157022248100,27400,after
secret_dependent_routine,382157022249100,382157022276800,27700,after
secret_dependent_routine,382157022277800,382157022304900,27100,after
secret_dependent_routine,382157022305900,382157022333500,27600,after
secret_dependent_routine,382157022391600,382157022419600,28000,after
secret_dependent_routine,382157022420700,382157022448300,27600,after
secret_dependent_routine,382157022449300,382157022476800,27500,after
secret_dependent_routine,382157022477800,382157022505600,27800,after
secret_dependent_routine,382157022506600,382157022533600,27000,after
secret_dependent_routine,382157022534700,382157022562300,27600,after
secret_dependent_routine,382157022563300,382157022590400,27100,after
secret_dependent_routine,382157022591500,382157022619100,27600,after
secret_dependent_routine,382157022620200,382157022647600,27400,after
secret_dependent_routine,382157022648600,382157022676100,27500,after
secret_dependent_routine,382157022677100,382157022703900,26800,after
secret_dependent_routine,382157022705000,382157022732600,27600,after
secret_dependent_routine,382157022733600,382157022762200,28600,after
secret_dependent_routine,382157022763400,382157022796900,33500,after
secret_dependent_routine,382157022798300,382157022827500,29200,after
secret_dependent_routine,382157022829600,382157022859500,29900,after
secret_dependent_routine,382157022860600,382157022890700,30100,after
secret_dependent_routine,382157022891800,382157022922600,30800,after
secret_dependent_routine,382157022923800,382157022958000,34200,after
secret_dependent_routine,382157022959400,382157022992900,33500,after
secret_dependent_routine,382157022994800,382157023049700,54900,after
secret_dependent_routine,382157023051800,382157023112900,61100,after
secret_dependent_routine,382157023115200,382157023159600,44400,after
secret_dependent_routine,382157023161400,382157023209700,48300,after
secret_dependent_routine,382157023214100,382157023277800,63700,after
secret_dependent_routine,382157023281100,382157023354300,73200,after
secret_dependent_routine,382157023361900,382157023419100,57200,after
secret_dependent_routine,382157023421300,382157023465600,44300,after
secret_dependent_routine,382157023467600,382157023512800,45200,after
secret_dependent_routine,382157023514500,382157023553600,39100,after
secret_dependent_routine,382157023555800,382157023600400,44600,after
secret_dependent_routine,382157023605600,382157023662300,56700,after
secret_dependent_routine,382157023664500,382157023704600,40100,after
secret_dependent_routine,382157023706100,382157023744300,38200,after
secret_dependent_routine,382157023746400,382157023800900,54500,after
secret_dependent_routine,382157023804000,382157023856100,52100,after
secret_dependent_routine,382157023859000,382157023901000,42000,after
secret_dependent_routine,382157023903700,382157023937500,33800,after
secret_dependent_routine,382157023938700,382157023970800,32100,after
secret_dependent_routine,382157023971800,382157023998600,26800,after
secret_dependent_routine,382157023999600,382157024025900,26300,after
secret_dependent_routine,382157024026900,382157024053500,26600,after
secret_dependent_routine,382157024054500,382157024081000,26500,after
secret_dependent_routine,382157024082000,382157024108700,26700,after
secret_dependent_routine,382157024109700,382157024136000,26300,after
secret_dependent_routine,382157024137000,382157024163800,26800,after
secret_dependent_routine,382157024164700,382157024190900,26200,after
secret_dependent_routine,382157024191900,382157024218300,26400,after
secret_dependent_routine,382157024219300,382157024245300,26000,after
secret_dependent_routine,382157024246200,382157024273100,26900,after
secret_dependent_routine,382157024274000,382157024300400,26400,after
secret_dependent_routine,382157024301400,382157024328100,26700,after
secret_dependent_routine,382157024329000,382157024358700,29700,after
secret_dependent_routine,382157024359700,382157024389600,29900,after
secret_dependent_routine,382157024390600,382157024420000,29400,after
secret_dependent_routine,382157024421100,382157024454700,33600,after
secret_dependent_routine,382157024455900,382157024487800,31900,after
secret_dependent_routine,382157024489000,382157024521100,32100,after
secret_dependent_routine,382157024522300,382157024550600,28300,after
secret_dependent_routine,382157024551600,382157024578400,26800,after
secret_dependent_routine,382157024579400,382157024605600,26200,after
secret_dependent_routine,382157024606700,382157024633600,26900,after
secret_dependent_routine,382157024634600,382157024660800,26200,after
secret_dependent_routine,382157024661800,382157024688300,26500,after
secret_dependent_routine,382157024689200,382157024715700,26500,after
secret_dependent_routine,382157024716700,382157024743200,26500,after
secret_dependent_routine,382157024745300,382157024773900,28600,after
secret_dependent_routine,382157024776100,382157024803200,27100,after
secret_dependent_routine,382157024804400,382157024831000,26600,after
secret_dependent_routine,382157024832100,382157024859200,27100,after
secret_dependent_routine,382157024860100,382157024886900,26800,after
secret_dependent_routine,382157024888000,382157024918400,30400,after
secret_dependent_routine,382157024919500,382157024949600,30100,after
secret_dependent_routine,382157024950700,382157024981200,30500,after
secret_dependent_routine,382157024982400,382157025014500,32100,after
secret_dependent_routine,382157025015600,382157025048300,32700,after
secret_dependent_routine,382157025049400,382157025088700,39300,after
secret_dependent_routine,382157025090300,382157025123300,33000,after
secret_dependent_routine,382157025124500,382157025157400,32900,after
secret_dependent_routine,382157025158700,382157025199400,40700,after
secret_dependent_routine,382157025202400,382157025238900,36500,after
secret_dependent_routine,382157025241000,382157025274500,33500,after
secret_dependent_routine,382157025275500,382157025302700,27200,after
secret_dependent_routine,382157025303700,382157025331300,27600,after
secret_dependent_routine,382157025332400,382157025360400,28000,after
secret_dependent_routine,382157025361500,382157025389100,27600,after
secret_dependent_routine,382157025390100,382157025417900,27800,after
secret_dependent_routine,382157025418900,382157025446600,27700,after
secret_dependent_routine,382157025447700,382157025480600,32900,after
secret_dependent_routine,382157025481800,382157025516000,34200,after
secret_dependent_routine,382157025517000,382157025548700,31700,after
secret_dependent_routine,382157025550000,382157025707900,157900,after
secret_dependent_routine,382157025716900,382157025779200,62300,after
secret_dependent_routine,382157025783600,382157025853700,70100,after
secret_dependent_routine,382157025857200,382157025947900,90700,after
secret_dependent_routine,382157025954300,382157026007900,53600,after
secret_dependent_routine,382157026010400,382157026070500,60100,after
secret_dependent_routine,382157026073700,382157026168500,94800,after
secret_dependent_routine,382157026173600,382157026255100,81500,after
secret_dependent_routine,382157026258000,382157026301500,43500,after
secret_dependent_routine,382157026303200,382157026332900,29700,after
secret_dependent_routine,382157026334100,382157026364700,30600,after
secret_dependent_routine,382157026366000,382157026396200,30200,after
secret_dependent_routine,382157026399300,382157026430000,30700,after
secret_dependent_routine,382157026431500,382157026461600,30100,after
secret_dependent_routine,382157026462700,382157026493200,30500,after
secret_dependent_routine,382157026494400,382157026523900,29500,after
secret_dependent_routine,382157026524900,382157026555400,30500,after
secret_dependent_routine,382157026557600,382157026587500,29900,after
secret_dependent_routine,382157026588700,382157026621800,33100,after
secret_dependent_routine,382157026623300,382157026700100,76800,after
secret_dependent_routine,382157026702200,382157026733600,31400,after
secret_dependent_routine,382157026734700,382157026761800,27100,after
secret_dependent_routine,382157026762800,382157026790600,27800,after
secret_dependent_routine,382157026791700,382157026819800,28100,after
secret_dependent_routine,382157026820800,382157026848300,27500,after
secret_dependent_routine,382157026849300,382157026877100,27800,after
secret_dependent_routine,382157026878200,382157026906000,27800,after
secret_dependent_routine,382157026907000,382157026935000,28000,after
secret_dependent_routine,382157026936100,382157026963300,27200,after
secret_dependent_routine,382157026964300,382157026992400,28100,after
secret_dependent_routine,382157026993500,382157027020700,27200,after
secret_dependent_routine,382157027021800,382157027049500,27700,after
secret_dependent_routine,382157027050500,382157027082600,32100,after
secret_dependent_routine,382157027084000,382157027112100,28100,after
secret_dependent_routine,382157027113100,382157027142000,28900,after
secret_dependent_routine,382157027143000,382157027171300,28300,after
secret_dependent_routine,382157027172300,382157027200300,28000,after
secret_dependent_routine,382157027201300,382157027229200,27900,after
secret_dependent_routine,382157027230200,382157027258200,28000,after
secret_dependent_routine,382157027259200,382157027286600,27400,after
secret_dependent_routine,382157027287600,382157027316100,28500,after
secret_dependent_routine,382157027317100,382157027344500,27400,after
secret_dependent_routine,382157027345500,382157027373500,28000,after
secret_dependent_routine,382157027374500,382157027402500,28000,after
secret_dependent_routine,382157027403500,382157027431400,27900,after
secret_dependent_routine,382157027432500,382157027461200,28700,after
secret_dependent_routine,382157027462300,382157027493200,30900,after
secret_dependent_routine,382157027494200,382157027524800,30600,after
secret_dependent_routine,382157027527100,382157027560100,33000,after
secret_dependent_routine,382157027561400,382157027638500,77100,after
secret_dependent_routine,382157027650500,382157027714600,64100,after
secret_dependent_routine,382157027717700,382157027752100,34400,after
secret_dependent_routine,382157027753600,382157027795000,41400,after
secret_dependent_routine,382157027796900,382157027843900,47000,after
secret_dependent_routine,382157027845400,382157027879700,34300,after
secret_dependent_routine,382157027881100,382157027915100,34000,after
secret_dependent_routine,382157027916600,382157027950700,34100,after
secret_dependent_routine,382157027951900,382157027985600,33700,after
secret_dependent_routine,382157027986800,382157028021300,34500,after
secret_dependent_routine,382157028022700,382157028057400,34700,after
secret_dependent_routine,382157028063400,382157028101100,37700,after
secret_dependent_routine,382157028102500,382157028139400,36900,after
secret_dependent_routine,382157028140700,382157028177900,37200,after
secret_dependent_routine,382157028179200,382157028216300,37100,after
secret_dependent_routine,382157028217600,382157028254100,36500,after
secret_dependent_routine,382157028255400,382157028292600,37200,after
secret_dependent_routine,382157028294800,382157028350800,56000,after
secret_dependent_routine,382157028352300,382157028399900,47600,after
secret_dependent_routine,382157028401900,382157028461700,59800,after
secret_dependent_routine,382157028467500,382157028502200,34700,after
secret_dependent_routine,382157028504300,382157028538700,34400,after
secret_dependent_routine,382157028540100,382157028573700,33600,after
secret_dependent_routine,382157028574900,382157028609100,34200,after
secret_dependent_routine,382157028610300,382157028644500,34200,after
secret_dependent_routine,382157028645800,382157028680200,34400,after
secret_dependent_routine,382157028681400,382157028715900,34500,after
secret_dependent_routine,382157028717100,382157028751700,34600,after
secret_dependent_routine,382157028753000,382157028787000,34000,after
secret_dependent_routine,382157028788100,382157028818200,30100,after
secret_dependent_routine,382157028819300,382157028849200,29900,after
secret_dependent_routine,382157028850300,382157028880200,29900,after
secret_dependent_routine,382157028881300,382157028911200,29900,after
secret_dependent_routine,382157028912300,382157028942400,30100,after
secret_dependent_routine,382157028943500,382157028972600,29100,after
secret_dependent_routine,382157028973600,382157029004000,30400,after
secret_dependent_routine,382157029008200,382157029038300,30100,after
secret_dependent_routine,382157029039500,382157029070000,30500,after
secret_dependent_routine,382157029071100,382157029101400,30300,after
secret_dependent_routine,382157029102500,382157029132800,30300,after
secret_dependent_routine,382157029133900,382157029163900,30000,after
secret_dependent_routine,382157029164900,382157029195300,30400,after
secret_dependent_routine,382157029196400,382157029228500,32100,after
secret_dependent_routine,382157029229600,382157029263300,33700,after
secret_dependent_routine,382157029264800,382157029295400,30600,after
secret_dependent_routine,382157029296600,382157029327500,30900,after
secret_dependent_routine,382157029328600,382157029358700,30100,after
secret_dependent_routine,382157029359800,382157029389900,30100,after
secret_dependent_routine,382157029391000,382157029420600,29600,after
secret_dependent_routine,382157029421700,382157029459200,37500,after
secret_dependent_routine,382157029460800,382157029492000,31200,after
secret_dependent_routine,382157029493300,382157029527100,33800,after
secret_dependent_routine,382157029528500,382157029562900,34400,after
secret_dependent_routine,382157029564300,382157029598800,34500,after
secret_dependent_routine,382157029601600,382157029636300,34700,after
secret_dependent_routine,382157029637600,382157029687700,50100,after
secret_dependent_routine,382157029690900,382157029764300,73400,after
secret_dependent_routine,382157029766700,382157029840500,73800,after
secret_dependent_routine,382157029843100,382157029904700,61600,after
secret_dependent_routine,382157029906700,382157029970500,63800,after
secret_dependent_routine,382157029972700,382157030010500,37800,after
secret_dependent_routine,382157030012200,382157030046500,34300,after
secret_dependent_routine,382157030047900,382157030082400,34500,after
secret_dependent_routine,382157030083700,382157030118800,35100,after
secret_dependent_routine,382157030120000,382157030154600,34600,after
secret_dependent_routine,382157030155900,382157030190800,34900,after
secret_dependent_routine,382157030192100,382157030227100,35000,after
secret_dependent_routine,382157030228300,382157030262300,34000,after
secret_dependent_routine,382157030263500,382157030297700,34200,after
secret_dependent_routine,382157030301100,382157030332700,31600,after
secret_dependent_routine,382157030333800,382157030365600,31800,after
secret_dependent_routine,382157030366700,382157030397500,30800,after
secret_dependent_routine,382157030401600,382157030432300,30700,after
secret_dependent_routine,382157030438900,382157030469200,30300,after
secret_dependent_routine,382157030470500,382157030500600,30100,after
secret_dependent_routine,382157030501800,382157030532300,30500,after
secret_dependent_routine,382157030533400,382157030563200,29800,after
secret_dependent_routine,382157030564400,382157030594800,30400,after
secret_dependent_routine,382157030595900,382157030625700,29800,after
secret_dependent_routine,382157030626800,382157030657100,30300,after
secret_dependent_routine,382157030658200,382157030687800,29600,after
secret_dependent_routine,382157030688900,382157030719500,30600,after
secret_dependent_routine,382157030720600,382157030750300,29700,after
secret_dependent_routine,382157030751400,382157030781300,29900,after
secret_dependent_routine,382157030782400,382157030812200,29800,after
secret_dependent_routine,382157030813300,382157030844500,31200,after
secret_dependent_routine,382157030845600,382157030878400,32800,after
secret_dependent_routine,382157030879500,382157030910900,31400,after
secret_dependent_routine,382157030912000,382157030942800,30800,after
secret_dependent_routine,382157030943900,382157030974900,31000,after
secret_dependent_routine,382157030976000,382157031006000,30000,after
secret_dependent_routine,382157031007000,382157031038400,31400,after
secret_dependent_routine,382157031039500,382157031069700,30200,after
secret_dependent_routine,382157031070800,382157031102400,31600,after
secret_dependent_routine,382157031103400,382157031134200,30800,after
secret_dependent_routine,382157031135200,382157031165600,30400,after
secret_dependent_routine,382157031167900,382157031200300,32400,after
secret_dependent_routine,382157031201400,382157031234900,33500,after
secret_dependent_routine,382157031236000,382157031269000,33000,after
secret_dependent_routine,382157031270100,382157031303700,33600,after
secret_dependent_routine,382157031304800,382157031337900,33100,after
secret_dependent_routine,382157031339000,382157031372800,33800,after
secret_dependent_routine,382157031373900,382157031406300,32400,after
secret_dependent_routine,382157031407400,382157031442600,35200,after
secret_dependent_routine,382157031444100,382157031474500,30400,after
secret_dependent_routine,382157031475600,382157031505800,30200,after
secret_dependent_routine,382157031507000,382157031537100,30100,after
secret_dependent_routine,382157031538200,382157031569000,30800,after
secret_dependent_routine,382157031571300,382157031601800,30500,after
secret_dependent_routine,382157031603000,382157031633800,30800,after
secret_dependent_routine,382157031634900,382157031665500,30600,after
secret_dependent_routine,382157031666600,382157031697100,30500,after
secret_dependent_routine,382157031698200,382157031728500,30300,after
secret_dependent_routine,382157031729700,382157031760300,30600,after
secret_dependent_routine,382157031761400,382157031791500,30100,after
secret_dependent_routine,382157031792700,382157031822900,30200,after
secret_dependent_routine,382157031824000,382157031854300,30300,after
secret_dependent_routine,382157031855400,382157031885900,30500,after
secret_dependent_routine,382157031886900,382157031917000,30100,after
secret_dependent_routine,382157031918100,382157031949700,31600,after
secret_dependent_routine,382157031950800,382157031981000,30200,after
secret_dependent_routine,382157031982100,382157032012800,30700,after
secret_dependent_routine,382157032013900,382157032044500,30600,after
secret_dependent_routine,382157032045500,382157032075600,30100,after
secret_dependent_routine,382157032076600,382157032106700,30100,after
secret_dependent_routine,382157032107800,382157032138100,30300,after
secret_dependent_routine,382157032139100,382157032169700,30600,after
secret_dependent_routine,382157032170800,382157032201500,30700,after
secret_dependent_routine,382157032202700,382157032232700,30000,after
secret_dependent_routine,382157032233800,382157032264400,30600,after
secret_dependent_routine,382157032265500,382157032295400,29900,after
secret_dependent_routine,382157032296500,382157032326600,30100,after
secret_dependent_routine,382157032327700,382157032357400,29700,after
secret_dependent_routine,382157032358500,382157032388300,29800,after
secret_dependent_routine,382157032389500,382157032418800,29300,after
secret_dependent_routine,382157032419900,382157032461600,41700,after
secret_dependent_routine,382157032463200,382157032494800,31600,after
secret_dependent_routine,382157032496000,382157032530300,34300,after
secret_dependent_routine,382157032532800,382157032567500,34700,after
secret_dependent_routine,382157032568700,382157032605200,36500,after
secret_dependent_routine,382157032606600,382157032641600,35000,after
secret_dependent_routine,382157032642900,382157032697400,54500,after
secret_dependent_routine,382157032700600,382157032775400,74800,after
secret_dependent_routine,382157032778400,382157032827800,49400,after
secret_dependent_routine,382157032830800,382157032881000,50200,after
secret_dependent_routine,382157032883400,382157032954000,70600,after
secret_dependent_routine,382157032956400,382157033009800,53400,after
secret_dependent_routine,382157033012300,382157033074100,61800,after
secret_dependent_routine,382157033075800,382157033109100,33300,after
secret_dependent_routine,382157033110400,382157033144600,34200,after
secret_dependent_routine,382157033145900,382157033179000,33100,after
secret_dependent_routine,382157033180200,382157033213500,33300,after
secret_dependent_routine,382157033214700,382157033248200,33500,after
secret_dependent_routine,382157033249400,382157033282400,33000,after
secret_dependent_routine,382157033283700,382157033317200,33500,after
secret_dependent_routine,382157033318400,382157033351900,33500,after
secret_dependent_routine,382157033353100,382157033385900,32800,after
secret_dependent_routine,382157033387000,382157033417700,30700,after
secret_dependent_routine,382157033418800,382157033457800,39000,after
secret_dependent_routine,382157033459500,382157033491100,31600,after
secret_dependent_routine,382157033492400,382157033525600,33200,after
secret_dependent_routine,382157033526800,382157033560800,34000,after
secret_dependent_routine,382157033562100,382157033596300,34200,after
secret_dependent_routine,382157033597600,382157033632000,34400,after
secret_dependent_routine,382157033633300,382157033667000,33700,after
secret_dependent_routine,382157033668300,382157033702200,33900,after
secret_dependent_routine,382157033703400,382157033737700,34300,after
secret_dependent_routine,382157033739000,382157033773200,34200,after
secret_dependent_routine,382157033774400,382157033808100,33700,after
secret_dependent_routine,382157033809300,382157033839800,30500,after
secret_dependent_routine,382157033840900,382157033872800,31900,after
secret_dependent_routine,382157033873900,382157033904100,30200,after
secret_dependent_routine,382157033905200,382157033935400,30200,after
secret_dependent_routine,382157033943700,382157033975000,31300,after
secret_dependent_routine,382157033976100,382157034011000,34900,after
secret_dependent_routine,382157034012300,382157034046300,34000,after
secret_dependent_routine,382157034047400,382157034080600,33200,after
secret_dependent_routine,382157034081800,382157034115700,33900,after
secret_dependent_routine,382157034116900,382157034149700,32800,after
secret_dependent_routine,382157034150900,382157034183000,32100,after
secret_dependent_routine,382157034184100,382157034216400,32300,after
secret_dependent_routine,382157034220000,382157034253700,33700,after
secret_dependent_routine,382157034255000,382157034287300,32300,after
secret_dependent_routine,382157034288500,382157034320200,31700,after
secret_dependent_routine,382157034321300,382157034351900,30600,after
secret_dependent_routine,382157034353000,382157034383600,30600,after
secret_dependent_routine,382157034384700,382157034415100,30400,after
secret_dependent_routine,382157034416300,382157034446500,30200,after
secret_dependent_routine,382157034447500,382157034477700,30200,after
secret_dependent_routine,382157034478800,382157034509000,30200,after
secret_dependent_routine,382157034510000,382157034540100,30100,after
secret_dependent_routine,382157034541200,382157034571200,30000,after
secret_dependent_routine,382157034572300,382157034602300,30000,after
secret_dependent_routine,382157034603400,382157034633800,30400,after
secret_dependent_routine,382157034634900,382157034664500,29600,after
secret_dependent_routine,382157034665600,382157034695900,30300,after
secret_dependent_routine,382157034697000,382157034727100,30100,after
secret_dependent_routine,382157034728200,382157034758600,30400,after
secret_dependent_routine,382157034759800,382157034790000,30200,after
secret_dependent_routine,382157034791100,382157034821400,30300,after
secret_dependent_routine,382157034822500,382157034852600,30100,after
secret_dependent_routine,382157034853800,382157034966400,112600,after
secret_dependent_routine,382157034970400,382157035028100,57700,after
secret_dependent_routine,382157035030900,382157035101700,70800,after
secret_dependent_routine,382157035105400,382157035146700,41300,after
secret_dependent_routine,382157035148600,382157035187500,38900,after
secret_dependent_routine,382157035189000,382157035227100,38100,after
secret_dependent_routine,382157035228500,382157035266900,38400,after
secret_dependent_routine,382157035268200,382157035300500,32300,after
secret_dependent_routine,382157035301700,382157035335300,33600,after
secret_dependent_routine,382157035336500,382157035369300,32800,after
secret_dependent_routine,382157035370500,382157035404400,33900,after
secret_dependent_routine,382157035405700,382157035440300,34600,after
secret_dependent_routine,382157035441400,382157035476100,34700,after
secret_dependent_routine,382157035477700,382157035509000,31300,after
secret_dependent_routine,382157035510200,382157035542200,32000,after
secret_dependent_routine,382157035543300,382157035575500,32200,after
secret_dependent_routine,382157035578000,382157035608500,30500,after
secret_dependent_routine,382157035609600,382157035640600,31000,after
secret_dependent_routine,382157035641700,382157035672100,30400,after
secret_dependent_routine,382157035673300,382157035703500,30200,after
secret_dependent_routine,382157035704600,382157035735600,31000,after
secret_dependent_routine,382157035736700,382157035766800,30100,after
secret_dependent_routine,382157035768000,382157035798700,30700,after
secret_dependent_routine,382157035801400,382157035831300,29900,after
secret_dependent_routine,382157035832400,382157035862800,30400,after
secret_dependent_routine,382157035863800,382157035893700,29900,after
secret_dependent_routine,382157035894800,382157035925000,30200,after
secret_dependent_routine,382157035926000,382157035993100,67100,after
secret_dependent_routine,382157035995700,382157036053500,57800,after
secret_dependent_routine,382157036055100,382157036087800,32700,after
secret_dependent_routine,382157036089100,382157036122600,33500,after
secret_dependent_routine,382157036123800,382157036156400,32600,after
secret_dependent_routine,382157036157600,382157036191800,34200,after
secret_dependent_routine,382157036193000,382157036226100,33100,after
secret_dependent_routine,382157036227300,382157036261500,34200,after
secret_dependent_routine,382157036262600,382157036295900,33300,after
secret_dependent_routine,382157036297100,382157036330400,33300,after
secret_dependent_routine,382157036331600,382157036364700,33100,after
secret_dependent_routine,382157036365900,382157036397600,31700,after
secret_dependent_routine,382157036398600,382157036428900,30300,after
secret_dependent_routine,382157036430000,382157036460600,30600,after
secret_dependent_routine,382157036461700,382157036491500,29800,after
secret_dependent_routine,382157036492600,382157036522700,30100,after
secret_dependent_routine,382157036523800,382157036553600,29800,after
secret_dependent_routine,382157036554600,382157036585100,30500,after
secret_dependent_routine,382157036586100,382157036615700,29600,after
secret_dependent_routine,382157036616800,382157036646700,29900,after
secret_dependent_routine,382157036647700,382157036677300,29600,after
secret_dependent_routine,382157036678400,382157036708300,29900,after
secret_dependent_routine,382157036709400,382157036739700,30300,after
secret_dependent_routine,382157036740800,382157036770400,29600,after
secret_dependent_routine,382157036771400,382157036801500,30100,after
secret_dependent_routine,382157036804000,382157036834400,30400,after
secret_dependent_routine,382157036835500,382157036865700,30200,after
secret_dependent_routine,382157036866900,382157036898400,31500,after
secret_dependent_routine,382157036899600,382157036930200,30600,after
secret_dependent_routine,382157036931400,382157036994400,63000,after
secret_dependent_routine,382157036999400,382157037084400,85000,after
secret_dependent_routine,382157037093000,382157037157900,64900,after
secret_dependent_routine,382157037160900,382157037189100,28200,after
secret_dependent_routine,382157037190300,382157037218400,28100,after
secret_dependent_routine,382157037219400,382157037246900,27500,after
secret_dependent_routine,382157037248000,382157037275600,27600,after
secret_dependent_routine,382157037276600,382157037304000,27400,after
secret_dependent_routine,382157037305100,382157037332000,26900,after
secret_dependent_routine,382157037335700,382157037363100,27400,after
secret_dependent_routine,382157037364200,382157037391100,26900,after
secret_dependent_routine,382157037392200,382157037419000,26800,after
secret_dependent_routine,382157037420000,382157037446900,26900,after
secret_dependent_routine,382157037447800,382157037474700,26900,after
secret_dependent_routine,382157037475700,382157037503200,27500,after
secret_dependent_routine,382157037504200,382157037531300,27100,after
secret_dependent_routine,382157037532300,382157037559300,27000,after
secret_dependent_routine,382157037560400,382157037587100,26700,after
secret_dependent_routine,382157037588200,382157037615300,27100,after
secret_dependent_routine,382157037616400,382157037643500,27100,after
secret_dependent_routine,382157037644500,382157037672100,27600,after
secret_dependent_routine,382157037673100,382157037700300,27200,after
secret_dependent_routine,382157037701300,382157037728800,27500,after
secret_dependent_routine,382157037729800,382157037756700,26900,after
secret_dependent_routine,382157037757900,382157037785200,27300,after
secret_dependent_routine,382157037786300,382157037813000,26700,after
secret_dependent_routine,382157037814000,382157037841600,27600,after
secret_dependent_routine,382157037842600,382157037869600,27000,after
secret_dependent_routine,382157037870700,382157037898000,27300,after
secret_dependent_routine,382157037899000,382157037926200,27200,after
secret_dependent_routine,382157037927200,382157037954600,27400,after
secret_dependent_routine,382157037955600,382157037983900,28300,after
secret_dependent_routine,382157037986400,382157038016700,30300,after
secret_dependent_routine,382157038017800,382157038047600,29800,after
secret_dependent_routine,382157038048700,382157038080300,31600,after
secret_dependent_routine,382157038081400,382157038114800,33400,after
secret_dependent_routine,382157038116100,382157038149800,33700,after
secret_dependent_routine,382157038152000,382157038179100,27100,after
secret_dependent_routine,382157038180100,382157038207800,27700,after
secret_dependent_routine,382157038208800,382157038235500,26700,after
secret_dependent_routine,382157038236500,382157038264500,28000,after
secret_dependent_routine,382157038265600,382157038293700,28100,after
secret_dependent_routine,382157038294700,382157038323000,28300,after
secret_dependent_routine,382157038324000,382157038350500,26500,after
secret_dependent_routine,382157038351500,382157038378500,27000,after
secret_dependent_routine,382157038379400,382157038406500,27100,after
secret_dependent_routine,382157038407500,382157038434700,27200,after
secret_dependent_routine,382157038435600,382157038462200,26600,after
secret_dependent_routine,382157038463200,382157038490200,27000,after
secret_dependent_routine,382157038491100,382157038517700,26600,after
secret_dependent_routine,382157038518600,382157038545200,26600,after
secret_dependent_routine,382157038547100,382157038574700,27600,after
secret_dependent_routine,382157038575800,382157038603100,27300,after
secret_dependent_routine,382157038604100,382157038631200,27100,after
secret_dependent_routine,382157038632200,382157038658900,26700,after
secret_dependent_routine,382157038659900,382157038686600,26700,after
secret_dependent_routine,382157038687600,382157038714700,27100,after
secret_dependent_routine,382157038715700,382157038748600,32900,after
secret_dependent_routine,382157038750000,382157038777600,27600,after
secret_dependent_routine,382157038778600,382157038805200,26600,after
secret_dependent_routine,382157038806200,382157038832900,26700,after
secret_dependent_routine,382157038833900,382157038863500,29600,after
secret_dependent_routine,382157038864500,382157038891300,26800,after
secret_dependent_routine,382157038892400,382157038918900,26500,after
secret_dependent_routine,382157038919900,382157038947100,27200,after
secret_dependent_routine,382157038948000,382157038976300,28300,after
secret_dependent_routine,382157038977300,382157039007700,30400,after
secret_dependent_routine,382157039008800,382157039040300,31500,after
secret_dependent_routine,382157039041400,382157039073700,32300,after
secret_dependent_routine,382157039076300,382157039111500,35200,after
secret_dependent_routine,382157039112800,382157039148200,35400,after
secret_dependent_routine,382157039149300,382157039178600,29300,after
secret_dependent_routine,382157039179600,382157039209300,29700,after
secret_dependent_routine,382157039210300,382157039240500,30200,after
secret_dependent_routine,382157039241500,382157039271400,29900,after
secret_dependent_routine,382157039272300,382157039301000,28700,after
secret_dependent_routine,382157039302000,382157039331300,29300,after
secret_dependent_routine,382157039332300,382157039361200,28900,after
secret_dependent_routine,382157039362100,382157039391500,29400,after
secret_dependent_routine,382157039392400,382157039421300,28900,after
secret_dependent_routine,382157039422300,382157039452000,29700,after
secret_dependent_routine,382157039453000,382157039481700,28700,after
secret_dependent_routine,382157039482800,382157039512400,29600,after
secret_dependent_routine,382157039513400,382157039541600,28200,after
secret_dependent_routine,382157039542600,382157039570400,27800,after
secret_dependent_routine,382157039571300,382157039598200,26900,after
secret_dependent_routine,382157039599200,382157039626800,27600,after
secret_dependent_routine,382157039627800,382157039654100,26300,after
secret_dependent_routine,382157039655000,382157039681500,26500,after
secret_dependent_routine,382157039682500,382157039709400,26900,after
secret_dependent_routine,382157039710300,382157039737500,27200,after
secret_dependent_routine,382157039738400,382157039764800,26400,after
secret_dependent_routine,382157039765800,382157039792800,27000,after
secret_dependent_routine,382157039793700,382157039820300,26600,after
secret_dependent_routine,382157039822400,382157039849500,27100,after
secret_dependent_routine,382157039850400,382157039876900,26500,after
secret_dependent_routine,382157039878000,382157039905100,27100,after
secret_dependent_routine,382157039906100,382157039932800,26700,after
secret_dependent_routine,382157039933800,382157039960400,26600,after
secret_dependent_routine,382157039961400,382157039990800,29400,after
secret_dependent_routine,382157040009700,382157040040600,30900,after
secret_dependent_routine,382157040041900,382157040075600,33700,after
secret_dependent_routine,382157040076900,382157040112100,35200,after
secret_dependent_routine,382157040113300,382157040147700,34400,after
secret_dependent_routine,382157040148700,382157040176800,28100,after
secret_dependent_routine,382157040187700,382157040214900,27200,after
secret_dependent_routine,382157040215900,382157040243000,27100,after
secret_dependent_routine,382157040244000,382157040271900,27900,after
secret_dependent_routine,382157040272900,382157040300000,27100,after
secret_dependent_routine,382157040300900,382157040328000,27100,after
secret_dependent_routine,382157040329000,382157040356500,27500,after
secret_dependent_routine,382157040357400,382157040384500,27100,after
secret_dependent_routine,382157040385500,382157040412400,26900,after
secret_dependent_routine,382157040413400,382157040440200,26800,after
secret_dependent_routine,382157040441200,382157040468100,26900,after
secret_dependent_routine,382157040469100,382157040496100,27000,after
secret_dependent_routine,382157040497100,382157040524000,26900,after
secret_dependent_routine,382157040524900,382157040552200,27300,after
secret_dependent_routine,382157040553200,382157040580100,26900,after
secret_dependent_routine,382157040581100,382157040608200,27100,after
secret_dependent_routine,382157040609200,382157040636400,27200,after
secret_dependent_routine,382157040637400,382157040664600,27200,after
secret_dependent_routine,382157040665600,382157040693100,27500,after
secret_dependent_routine,382157040694000,382157040721100,27100,after
secret_dependent_routine,382157040722100,382157040754600,32500,after
secret_dependent_routine,382157040755900,382157040786100,30200,after
secret_dependent_routine,382157040787300,382157040817800,30500,after
secret_dependent_routine,382157040819100,382157040847500,28400,after
secret_dependent_routine,382157040848600,382157040877600,29000,after
secret_dependent_routine,382157040878700,382157040907200,28500,after
secret_dependent_routine,382157040908200,382157040937100,28900,after
secret_dependent_routine,382157040938100,382157040966800,28700,after
secret_dependent_routine,382157040967900,382157041000000,32100,after
secret_dependent_routine,382157041001100,382157041032700,31600,after
secret_dependent_routine,382157041033800,382157041067700,33900,after
secret_dependent_routine,382157041068900,382157041258900,190000,after
secret_dependent_routine,382157041273000,382157041331100,58100,after
secret_dependent_routine,382157041335000,382157041395000,60000,after
secret_dependent_routine,382157041397700,382157041453200,55500,after
secret_dependent_routine,382157041455300,382157041500300,45000,after
secret_dependent_routine,382157041502200,382157041538200,36000,after
secret_dependent_routine,382157041540000,382157041579400,39400,after
secret_dependent_routine,382157041580600,382157041617400,36800,after
secret_dependent_routine,382157041618700,382157041653100,34400,after
secret_dependent_routine,382157041654400,382157041690100,35700,after
secret_dependent_routine,382157041691400,382157041734700,43300,after
secret_dependent_routine,382157041736500,382157041771300,34800,after
secret_dependent_routine,382157041772800,382157041807500,34700,after
secret_dependent_routine,382157041808900,382157041844100,35200,after
secret_dependent_routine,382157041845300,382157041877900,32600,after
secret_dependent_routine,382157041879000,382157041909000,30000,after
secret_dependent_routine,382157041910100,382157041939500,29400,after
secret_dependent_routine,382157041940700,382157041975000,34300,after
secret_dependent_routine,382157041976200,382157042006500,30300,after
secret_dependent_routine,382157042007700,382157042037500,29800,after
secret_dependent_routine,382157042038600,382157042068100,29500,after
secret_dependent_routine,382157042069200,382157042099300,30100,after
secret_dependent_routine,382157042100400,382157042130500,30100,after
secret_dependent_routine,382157042131600,382157042161900,30300,after
secret_dependent_routine,382157042163100,382157042193700,30600,after
secret_dependent_routine,382157042194800,382157042225200,30400,after
secret_dependent_routine,382157042226300,382157042257300,31000,after
secret_dependent_routine,382157042258300,382157042288600,30300,after
secret_dependent_routine,382157042289600,382157042319500,29900,after
secret_dependent_routine,382157042320600,382157042350800,30200,after
secret_dependent_routine,382157042351900,382157042382100,30200,after
secret_dependent_routine,382157042383200,382157042413100,29900,after
secret_dependent_routine,382157042414200,382157042444100,29900,after
secret_dependent_routine,382157042445200,382157042475500,30300,after
secret_dependent_routine,382157042476600,382157042507400,30800,after
secret_dependent_routine,382157042508500,382157042538500,30000,after
secret_dependent_routine,382157042539500,382157042569000,29500,after
secret_dependent_routine,382157042570100,382157042600200,30100,after
secret_dependent_routine,382157042601300,382157042631200,29900,after
secret_dependent_routine,382157042632300,382157042663200,30900,after
secret_dependent_routine,382157042664300,382157042694300,30000,after
secret_dependent_routine,382157042695400,382157042725900,30500,after
secret_dependent_routine,382157042727200,382157042757500,30300,after
secret_dependent_routine,382157042758600,382157042788800,30200,after
secret_dependent_routine,382157042790200,382157042820500,30300,after
secret_dependent_routine,382157042821600,382157042851900,30300,after
secret_dependent_routine,382157042853000,382157042882700,29700,after
secret_dependent_routine,382157042883800,382157042913200,29400,after
secret_dependent_routine,382157042914300,382157042947600,33300,after
secret_dependent_routine,382157042949400,382157042982400,33000,after
secret_dependent_routine,382157042983700,382157043015100,31400,after
secret_dependent_routine,382157043016400,382157043049800,33400,after
secret_dependent_routine,382157043051100,382157043084000,32900,after
secret_dependent_routine,382157043085200,382157043118600,33400,after
secret_dependent_routine,382157043119800,382157043152400,32600,after
secret_dependent_routine,382157043153600,382157043187900,34300,after
secret_dependent_routine,382157043189100,382157043222500,33400,after
secret_dependent_routine,382157043223700,382157043256700,33000,after
secret_dependent_routine,382157043257900,382157043291300,33400,after
secret_dependent_routine,382157043292500,382157043326300,33800,after
secret_dependent_routine,382157043327500,382157043360600,33100,after
secret_dependent_routine,382157043361800,382157043395500,33700,after
secret_dependent_routine,382157043396700,382157043429400,32700,after
secret_dependent_routine,382157043430600,382157043475300,44700,after
secret_dependent_routine,382157043476700,382157043510800,34100,after
secret_dependent_routine,382157043512800,382157043568500,55700,after
secret_dependent_routine,382157043570700,382157043604700,34000,after
secret_dependent_routine,382157043606100,382157043639400,33300,after
secret_dependent_routine,382157043640600,382157043674700,34100,after
secret_dependent_routine,382157043675900,382157043709700,33800,after
secret_dependent_routine,382157043711000,382157043749800,38800,after
secret_dependent_routine,382157043751600,382157043786200,34600,after
secret_dependent_routine,382157043787400,382157043821500,34100,after
secret_dependent_routine,382157043822800,382157043857800,35000,after
secret_dependent_routine,382157043859000,382157043889900,30900,after
secret_dependent_routine,382157043891000,382157043921700,30700,after
secret_dependent_routine,382157043922800,382157043959800,37000,after
secret_dependent_routine,382157043961100,382157043992200,31100,after
secret_dependent_routine,382157043993400,382157044026100,32700,after
secret_dependent_routine,382157044027600,382157044061300,33700,after
secret_dependent_routine,382157044062500,382157044096300,33800,after
secret_dependent_routine,382157044097400,382157044130800,33400,after
secret_dependent_routine,382157044132000,382157044165700,33700,after
secret_dependent_routine,382157044166800,382157044201100,34300,after
secret_dependent_routine,382157044202300,382157044237400,35100,after
secret_dependent_routine,382157044238600,382157044271500,32900,after
secret_dependent_routine,382157044273000,382157044306700,33700,after
secret_dependent_routine,382157044309100,382157044339300,30200,after
secret_dependent_routine,382157044340400,382157044370600,30200,after
secret_dependent_routine,382157044371600,382157044401600,30000,after
secret_dependent_routine,382157044402700,382157044433000,30300,after
secret_dependent_routine,382157044434100,382157044476100,42000,after
secret_dependent_routine,382157044477800,382157044512900,35100,after
secret_dependent_routine,382157044514200,382157044546500,32300,after
secret_dependent_routine,382157044547800,382157044580600,32800,after
secret_dependent_routine,382157044582000,382157044615000,33000,after
secret_dependent_routine,382157044616200,382157044649200,33000,after
secret_dependent_routine,382157044650400,382157044683600,33200,after
secret_dependent_routine,382157044684800,382157044718100,33300,after
secret_dependent_routine,382157044719500,382157044752500,33000,after
secret_dependent_routine,382157044753700,382157044786700,33000,after
secret_dependent_routine,382157044788000,382157044821600,33600,after
secret_dependent_routine,382157044822800,382157044855900,33100,after
secret_dependent_routine,382157044857200,382157044904900,47700,after
secret_dependent_routine,382157044910500,382157044966500,56000,after
secret_dependent_routine,382157044968500,382157045009300,40800,after
secret_dependent_routine,382157045010900,382157045069900,59000,after
secret_dependent_routine,382157045096000,382157045141600,45600,after
secret_dependent_routine,382157045150900,382157045190700,39800,after
secret_dependent_routine,382157045193300,382157045228200,34900,after
secret_dependent_routine,382157045229500,382157045261200,31700,after
secret_dependent_routine,382157045262400,382157045297500,35100,after
secret_dependent_routine,382157045298700,382157045329800,31100,after
secret_dependent_routine,382157045330900,382157045358700,27800,after
secret_dependent_routine,382157045359800,382157045387600,27800,after
secret_dependent_routine,382157045389100,382157045417400,28300,after
secret_dependent_routine,382157045418500,382157045446200,27700,after
secret_dependent_routine,382157045447400,382157045476100,28700,after
secret_dependent_routine,382157045477200,382157045507300,30100,after
secret_dependent_routine,382157045508500,382157045538000,29500,after
secret_dependent_routine,382157045539100,382157045570100,31000,after
secret_dependent_routine,382157045571300,382157045604600,33300,after
secret_dependent_routine,382157045605800,382157045647500,41700,after
secret_dependent_routine,382157045649400,382157045705900,56500,after
secret_dependent_routine,382157045708000,382157045760600,52600,after
secret_dependent_routine,382157045762500,382157045820700,58200,after
secret_dependent_routine,382157045823000,382157045864400,41400,after
secret_dependent_routine,382157045866300,382157045911600,45300,after
secret_dependent_routine,382157045913600,382157045962500,48900,after
secret_dependent_routine,382157045964300,382157045997200,32900,after
secret_dependent_routine,382157045998500,382157046031900,33400,after
secret_dependent_routine,382157046033200,382157046066900,33700,after
secret_dependent_routine,382157046068100,382157046102300,34200,after
secret_dependent_routine,382157046103500,382157046137600,34100,after
secret_dependent_routine,382157046139800,382157046169700,29900,after
secret_dependent_routine,382157046170800,382157046200500,29700,after
secret_dependent_routine,382157046201700,382157046231000,29300,after
secret_dependent_routine,382157046232200,382157046268900,36700,after
secret_dependent_routine,382157046270400,382157046299000,28600,after
secret_dependent_routine,382157046300200,382157046328300,28100,after
secret_dependent_routine,382157046329300,382157046358400,29100,after
secret_dependent_routine,382157046359500,382157046388100,28600,after
secret_dependent_routine,382157046389100,382157046417600,28500,after
secret_dependent_routine,382157046418600,382157046447100,28500,after
secret_dependent_routine,382157046448200,382157046477200,29000,after
secret_dependent_routine,382157046478300,382157046508100,29800,after
secret_dependent_routine,382157046509200,382157046539000,29800,after
secret_dependent_routine,382157046540100,382157046570600,30500,after
secret_dependent_routine,382157046571800,382157046604700,32900,after
secret_dependent_routine,382157046606000,382157046639100,33100,after
secret_dependent_routine,382157046640700,382157046670100,29400,after
secret_dependent_routine,382157046671400,382157046700200,28800,after
secret_dependent_routine,382157046701300,382157046730000,28700,after
secret_dependent_routine,382157046731100,382157046759800,28700,after
secret_dependent_routine,382157046760800,382157046789100,28300,after
secret_dependent_routine,382157046790200,382157046818900,28700,after
secret_dependent_routine,382157046819800,382157046848100,28300,after
secret_dependent_routine,382157046849200,382157046877400,28200,after
secret_dependent_routine,382157046878400,382157046907100,28700,after
secret_dependent_routine,382157046908100,382157046936600,28500,after
secret_dependent_routine,382157046937700,382157046968800,31100,after
secret_dependent_routine,382157046970000,382157047012500,42500,after
secret_dependent_routine,382157047014100,382157047044600,30500,after
secret_dependent_routine,382157047045800,382157047074900,29100,after
secret_dependent_routine,382157047076000,382157047105000,29000,after
secret_dependent_routine,382157047106100,382157047135300,29200,after
secret_dependent_routine,382157047136400,382157047165800,29400,after
secret_dependent_routine,382157047166800,382157047196000,29200,after
secret_dependent_routine,382157047197100,382157047226300,29200,after
secret_dependent_routine,382157047227400,382157047256600,29200,after
secret_dependent_routine,382157047257600,382157047286800,29200,after
secret_dependent_routine,382157047288000,382157047316800,28800,after
secret_dependent_routine,382157047319000,382157047350900,31900,after
secret_dependent_routine,382157047352100,382157047384400,32300,after
secret_dependent_routine,382157047385500,382157047417000,31500,after
secret_dependent_routine,382157047418100,382157047449800,31700,after
secret_dependent_routine,382157047450800,382157047482600,31800,after
secret_dependent_routine,382157047483700,382157047517700,34000,after
secret_dependent_routine,382157047518800,382157047552200,33400,after
secret_dependent_routine,382157047553300,382157047590800,37500,after
secret_dependent_routine,382157047592000,382157047645400,53400,after
secret_dependent_routine,382157047647000,382157047681400,34400,after
secret_dependent_routine,382157047682700,382157047717500,34800,after
secret_dependent_routine,382157047718700,382157047748500,29800,after
secret_dependent_routine,382157047749500,382157047779400,29900,after
secret_dependent_routine,382157047780400,382157047810000,29600,after
secret_dependent_routine,382157047811100,382157047840900,29800,after
secret_dependent_routine,382157047842100,382157047871700,29600,after
secret_dependent_routine,382157047872700,382157047903200,30500,after
secret_dependent_routine,382157047904200,382157047934600,30400,after
secret_dependent_routine,382157047935600,382157047965400,29800,after
secret_dependent_routine,382157047966400,382157047995200,28800,after
secret_dependent_routine,382157047996200,382157048025000,28800,after
secret_dependent_routine,382157048026000,382157048054500,28500,after
secret_dependent_routine,382157048055500,382157048084400,28900,after
secret_dependent_routine,382157048085400,382157048113800,28400,after
secret_dependent_routine,382157048114800,382157048143800,29000,after
secret_dependent_routine,382157048144900,382157048173900,29000,after
secret_dependent_routine,382157048174900,382157048204000,29100,after
secret_dependent_routine,382157048205000,382157048233600,28600,after
secret_dependent_routine,382157048234600,382157048269200,34600,after
secret_dependent_routine,382157048270600,382157048300800,30200,after
secret_dependent_routine,382157048302000,382157048332200,30200,after
secret_dependent_routine,382157048333200,382157048363100,29900,after
secret_dependent_routine,382157048364200,382157048393200,29000,after
secret_dependent_routine,382157048394200,382157048423100,28900,after
secret_dependent_routine,382157048424100,382157048454300,30200,after
secret_dependent_routine,382157048455300,382157048485600,30300,after
secret_dependent_routine,382157048486700,382157048518800,32100,after
secret_dependent_routine,382157048519900,382157048550600,30700,after
secret_dependent_routine,382157048551700,382157048585000,33300,after
secret_dependent_routine,382157048586200,382157048620600,34400,after
secret_dependent_routine,382157048621800,382157048657300,35500,after
secret_dependent_routine,382157048658500,382157048693900,35400,after
secret_dependent_routine,382157048696600,382157048732600,36000,after
secret_dependent_routine,382157048733900,382157048772000,38100,after
secret_dependent_routine,382157048773300,382157048808800,35500,after
secret_dependent_routine,382157048810100,382157048846800,36700,after
secret_dependent_routine,382157048848000,382157048884000,36000,after
secret_dependent_routine,382157048885300,382157048921200,35900,after
secret_dependent_routine,382157048922400,382157048958500,36100,after
secret_dependent_routine,382157048959800,382157048995900,36100,after
secret_dependent_routine,382157048997200,382157049033600,36400,after
secret_dependent_routine,382157049034900,382157049071000,36100,after
secret_dependent_routine,382157049072600,382157049109700,37100,after
secret_dependent_routine,382157049111000,382157049148900,37900,after
secret_dependent_routine,382157049150100,382157049186000,35900,after
secret_dependent_routine,382157049187300,382157049225600,38300,after
secret_dependent_routine,382157049226800,382157049262500,35700,after
secret_dependent_routine,382157049263800,382157049300200,36400,after
secret_dependent_routine,382157049301500,382157049337300,35800,after
secret_dependent_routine,382157049338700,382157049375800,37100,after
secret_dependent_routine,382157049377000,382157049412700,35700,after
secret_dependent_routine,382157049414000,382157049450200,36200,after
secret_dependent_routine,382157049451400,382157049486900,35500,after
secret_dependent_routine,382157049488100,382157049525800,37700,after
secret_dependent_routine,382157049527000,382157049578200,51200,after
secret_dependent_routine,382157049579700,382157049636600,56900,after
secret_dependent_routine,382157049639400,382157049675000,35600,after
secret_dependent_routine,382157049676500,382157049713900,37400,after
secret_dependent_routine,382157049715000,382157049744500,29500,after
secret_dependent_routine,382157049745600,382157049775900,30300,after
secret_dependent_routine,382157049777000,382157049806800,29800,after
secret_dependent_routine,382157049807800,382157049838000,30200,after
secret_dependent_routine,382157049839000,382157049869700,30700,after
secret_dependent_routine,382157049870700,382157049900700,30000,after
secret_dependent_routine,382157049901800,382157049930300,28500,after
secret_dependent_routine,382157049931400,382157049959900,28500,after
secret_dependent_routine,382157049961000,382157049989900,28900,after
secret_dependent_routine,382157049990900,382157050018800,27900,after
secret_dependent_routine,382157050019800,382157050047800,28000,after
secret_dependent_routine,382157050048800,382157050076600,27800,after
secret_dependent_routine,382157050077600,382157050107300,29700,after
secret_dependent_routine,382157050108400,382157050139800,31400,after
secret_dependent_routine,382157050140900,382157050171800,30900,after
secret_dependent_routine,382157050172900,382157050207000,34100,after
secret_dependent_routine,382157050209600,382157050245500,35900,after
secret_dependent_routine,382157050246800,382157050287200,40400,after
secret_dependent_routine,382157050288500,382157050316400,27900,after
secret_dependent_routine,382157050317400,382157050344900,27500,after
secret_dependent_routine,382157050347100,382157050374900,27800,after
secret_dependent_routine,382157050376000,382157050403800,27800,after
secret_dependent_routine,382157050404800,382157050433200,28400,after
secret_dependent_routine,382157050434200,382157050462000,27800,after
secret_dependent_routine,382157050463100,382157050491500,28400,after
secret_dependent_routine,382157050492500,382157050520200,27700,after
secret_dependent_routine,382157050521200,382157050549500,28300,after
secret_dependent_routine,382157050550400,382157050578200,27800,after
secret_dependent_routine,382157050579100,382157050606900,27800,after
secret_dependent_routine,382157050607800,382157050635900,28100,after
secret_dependent_routine,382157050636900,382157050664900,28000,after
secret_dependent_routine,382157050665900,382157050694000,28100,after
secret_dependent_routine,382157050695000,382157050723100,28100,after
secret_dependent_routine,382157050724100,382157050752000,27900,after
secret_dependent_routine,382157050753000,382157050780500,27500,after
secret_dependent_routine,382157050781500,382157050809100,27600,after
secret_dependent_routine,382157050810100,382157050838300,28200,after
secret_dependent_routine,382157050839300,382157050866900,27600,after
secret_dependent_routine,382157050867900,382157050895900,28000,after
secret_dependent_routine,382157050896900,382157050924400,27500,after
secret_dependent_routine,382157050925300,382157050952500,27200,after
secret_dependent_routine,382157050953500,382157050981300,27800,after
secret_dependent_routine,382157050982200,382157051010600,28400,after
secret_dependent_routine,382157051011600,382157051039300,27700,after
secret_dependent_routine,382157051040300,382157051068300,28000,after
secret_dependent_routine,382157051069300,382157051097400,28100,after
secret_dependent_routine,382157051098300,382157051126800,28500,after
secret_dependent_routine,382157051127800,382157051156200,28400,after
secret_dependent_routine,382157051157200,382157051185700,28500,after
secret_dependent_routine,382157051186800,382157051214200,27400,after
secret_dependent_routine,382157051215100,382157051245700,30600,after
secret_dependent_routine,382157051246800,382157051277600,30800,after
secret_dependent_routine,382157051278600,382157051309500,30900,after
secret_dependent_routine,382157051310700,382157051345200,34500,after
secret_dependent_routine,382157051346400,382157051380800,34400,after
secret_dependent_routine,382157051382100,382157051413500,31400,after
secret_dependent_routine,382157051415500,382157051443100,27600,after
secret_dependent_routine,382157051444100,382157051471900,27800,after
secret_dependent_routine,382157051472800,382157051501100,28300,after
secret_dependent_routine,382157051503100,382157051531200,28100,after
secret_dependent_routine,382157051532200,382157051560700,28500,after
secret_dependent_routine,382157051561700,382157051590400,28700,after
secret_dependent_routine,382157051591400,382157051620000,28600,after
secret_dependent_routine,382157051621100,382157051649700,28600,after
secret_dependent_routine,382157051650700,382157051679200,28500,after
secret_dependent_routine,382157051680200,382157051708600,28400,after
secret_dependent_routine,382157051709600,382157051738300,28700,after
secret_dependent_routine,382157051739300,382157051768200,28900,after
secret_dependent_routine,382157051769200,382157051798500,29300,after
secret_dependent_routine,382157051799600,382157051828000,28400,after
secret_dependent_routine,382157051829000,382157051857400,28400,after
secret_dependent_routine,382157051858500,382157051886700,28200,after
secret_dependent_routine,382157051887700,382157051916400,28700,after
secret_dependent_routine,382157051917400,382157051946100,28700,after
secret_dependent_routine,382157051947100,382157051975900,28800,after
secret_dependent_routine,382157051976900,382157052005200,28300,after
secret_dependent_routine,382157052006200,382157052034300,28100,after
secret_dependent_routine,382157052035400,382157052063600,28200,after
secret_dependent_routine,382157052064600,382157052093200,28600,after
secret_dependent_routine,382157052094200,382157052122200,28000,after
secret_dependent_routine,382157052123200,382157052151200,28000,after
secret_dependent_routine,382157052152300,382157052180900,28600,after
secret_dependent_routine,382157052181800,382157052211200,29400,after
secret_dependent_routine,382157052212300,382157052244200,31900,after
secret_dependent_routine,382157052245300,382157052280800,35500,after
secret_dependent_routine,382157052282300,382157052315300,33000,after
secret_dependent_routine,382157052316500,382157052350300,33800,after
secret_dependent_routine,382157052351600,382157052393300,41700,after
secret_dependent_routine,382157052394800,382157052444300,49500,after
secret_dependent_routine,382157052446400,382157052505000,58600,after
secret_dependent_routine,382157052507200,382157052569800,62600,after
secret_dependent_routine,382157052574600,382157052649100,74500,after
secret_dependent_routine,382157052653700,382157052707600,53900,after
secret_dependent_routine,382157052709300,382157052779600,70300,after
secret_dependent_routine,382157052782000,382157052819700,37700,after
secret_dependent_routine,382157052821300,382157052869400,48100,after
secret_dependent_routine,382157052871500,382157052930100,58600,after
secret_dependent_routine,382157052932400,382157052977500,45100,after
secret_dependent_routine,382157052979000,382157053024100,45100,after
secret_dependent_routine,382157053025800,382157053068200,42400,after
secret_dependent_routine,382157053069600,382157053104700,35100,after
secret_dependent_routine,382157053108700,382157053136900,28200,after
secret_dependent_routine,382157053139800,382157053169500,29700,after
secret_dependent_routine,382157053170500,382157053200200,29700,after
secret_dependent_routine,382157053201100,382157053234200,33100,after
secret_dependent_routine,382157053235400,382157053271800,36400,after
secret_dependent_routine,382157053273000,382157053309300,36300,after
secret_dependent_routine,382157053310700,382157053344100,33400,after
secret_dependent_routine,382157053345100,382157053374900,29800,after
secret_dependent_routine,382157053375900,382157053406300,30400,after
secret_dependent_routine,382157053407300,382157053436700,29400,after
secret_dependent_routine,382157053437600,382157053466500,28900,after
secret_dependent_routine,382157053467500,382157053497300,29800,after
secret_dependent_routine,382157053498400,382157053528400,30000,after
secret_dependent_routine,382157053529400,382157053558300,28900,after
secret_dependent_routine,382157053559300,382157053589100,29800,after
secret_dependent_routine,382157053590100,382157053619700,29600,after
secret_dependent_routine,382157053620700,382157053650300,29600,after
secret_dependent_routine,382157053651300,382157053682000,30700,after
secret_dependent_routine,382157053682900,382157053712600,29700,after
secret_dependent_routine,382157053713600,382157053743000,29400,after
secret_dependent_routine,382157053744000,382157053773700,29700,after
secret_dependent_routine,382157053774700,382157053804000,29300,after
secret_dependent_routine,382157053805000,382157053834500,29500,after
secret_dependent_routine,382157053835500,382157053865800,30300,after
secret_dependent_routine,382157053866800,382157053896700,29900,after
secret_dependent_routine,382157053897800,382157053926600,28800,after
secret_dependent_routine,382157053927600,382157053958300,30700,after
secret_dependent_routine,382157053959200,382157053988600,29400,after
secret_dependent_routine,382157053990600,382157054024800,34200,after
secret_dependent_routine,382157054026200,382157054054700,28500,after
secret_dependent_routine,382157054055800,382157054084600,28800,after
secret_dependent_routine,382157054085600,382157054114200,28600,after
secret_dependent_routine,382157054117600,382157054147200,29600,after
secret_dependent_routine,382157054148300,382157054177100,28800,after
secret_dependent_routine,382157054178100,382157054206000,27900,after
secret_dependent_routine,382157054206900,382157054237800,30900,after
secret_dependent_routine,382157054238900,382157054269900,31000,after
secret_dependent_routine,382157054271000,382157054302500,31500,after
secret_dependent_routine,382157054303700,382157054337800,34100,after
secret_dependent_routine,382157054339000,382157054372800,33800,after
secret_dependent_routine,382157054374000,382157054407500,33500,after
secret_dependent_routine,382157054408500,382157054435500,27000,after
secret_dependent_routine,382157054436500,382157054464300,27800,after
secret_dependent_routine,382157054466300,382157054494200,27900,after
secret_dependent_routine,382157054495200,382157054522700,27500,after
secret_dependent_routine,382157054523700,382157054550900,27200,after
secret_dependent_routine,382157054552000,382157054580900,28900,after
secret_dependent_routine,382157054581900,382157054609200,27300,after
secret_dependent_routine,382157054610200,382157054638000,27800,after
secret_dependent_routine,382157054638900,382157054667300,28400,after
secret_dependent_routine,382157054668200,382157054695900,27700,after
secret_dependent_routine,382157054696800,382157054724500,27700,after
secret_dependent_routine,382157054725500,382157054753200,27700,after
secret_dependent_routine,382157054754200,382157054781600,27400,after
secret_dependent_routine,382157054782500,382157054810000,27500,after
secret_dependent_routine,382157054811000,382157054840900,29900,after
secret_dependent_routine,382157054842000,382157054873300,31300,after
secret_dependent_routine,382157054874300,382157054904900,30600,after
secret_dependent_routine,382157054906000,382157054939300,33300,after
secret_dependent_routine,382157054940500,382157054974300,33800,after
secret_dependent_routine,382157054975400,382157055010000,34600,after
secret_dependent_routine,382157055011200,382157055044900,33700,after
secret_dependent_routine,382157055046200,382157055080300,34100,after
secret_dependent_routine,382157055081600,382157055116000,34400,after
secret_dependent_routine,382157055118700,382157055164800,46100,after
secret_dependent_routine,382157055166400,382157055201700,35300,after
secret_dependent_routine,382157055203000,382157055238400,35400,after
secret_dependent_routine,382157055239900,382157055268900,29000,after
secret_dependent_routine,382157055269900,382157055298200,28300,after
secret_dependent_routine,382157055299200,382157055327800,28600,after
secret_dependent_routine,382157055328700,382157055357500,28800,after
secret_dependent_routine,382157055358400,382157055386800,28400,after
secret_dependent_routine,382157055387700,382157055416200,28500,after
secret_dependent_routine,382157055417100,382157055445300,28200,after
secret_dependent_routine,382157055446200,382157055474900,28700,after
secret_dependent_routine,382157055475900,382157055503700,27800,after
secret_dependent_routine,382157055504700,382157055532300,27600,after
secret_dependent_routine,382157055533300,382157055560800,27500,after
secret_dependent_routine,382157055561700,382157055589700,28000,after
secret_dependent_routine,382157055590700,382157055618100,27400,after
secret_dependent_routine,382157055619100,382157055646600,27500,after
secret_dependent_routine,382157055647600,382157055675200,27600,after
secret_dependent_routine,382157055676100,382157055703200,27100,after
secret_dependent_routine,382157055704200,382157055731600,27400,after
secret_dependent_routine,382157055732600,382157055760300,27700,after
secret_dependent_routine,382157055762300,382157055790200,27900,after
secret_dependent_routine,382157055791200,382157055818500,27300,after
secret_dependent_routine,382157055819500,382157055847200,27700,after
secret_dependent_routine,382157055848200,382157055876100,27900,after
secret_dependent_routine,382157055877100,382157055904800,27700,after
secret_dependent_routine,382157055905800,382157055933400,27600,after
secret_dependent_routine,382157055934400,382157055964100,29700,after
secret_dependent_routine,382157055965200,382157055996500,31300,after
secret_dependent_routine,382157056001800,382157056034500,32700,after
secret_dependent_routine,382157056035800,382157056072300,36500,after
secret_dependent_routine,382157056073600,382157056110600,37000,after
secret_dependent_routine,382157056111800,382157056147400,35600,after
secret_dependent_routine,382157056148600,382157056183800,35200,after
secret_dependent_routine,382157056185000,382157056222900,37900,after
secret_dependent_routine,382157056223900,382157056252600,28700,after
secret_dependent_routine,382157056254800,382157056284000,29200,after
secret_dependent_routine,382157056285200,382157056313900,28700,after
secret_dependent_routine,382157056315100,382157056344000,28900,after
secret_dependent_routine,382157056345000,382157056373500,28500,after
secret_dependent_routine,382157056374600,382157056403600,29000,after
secret_dependent_routine,382157056404600,382157056433300,28700,after
secret_dependent_routine,382157056434300,382157056463600,29300,after
secret_dependent_routine,382157056464700,382157056493500,28800,after
secret_dependent_routine,382157056494500,382157056523200,28700,after
secret_dependent_routine,382157056524200,382157056552800,28600,after
secret_dependent_routine,382157056553800,382157056582100,28300,after
secret_dependent_routine,382157056583000,382157056611400,28400,after
secret_dependent_routine,382157056612600,382157056641200,28600,after
secret_dependent_routine,382157056642200,382157056671100,28900,after
secret_dependent_routine,382157056672200,382157056701100,28900,after
secret_dependent_routine,382157056702200,382157056730600,28400,after
secret_dependent_routine,382157056731600,382157056760800,29200,after
secret_dependent_routine,382157056761800,382157056791500,29700,after
secret_dependent_routine,382157056792600,382157056821500,28900,after
secret_dependent_routine,382157056822500,382157056851400,28900,after
secret_dependent_routine,382157056852400,382157056881700,29300,after
secret_dependent_routine,382157056882700,382157056912200,29500,after
secret_dependent_routine,382157056913200,382157056941900,28700,after
secret_dependent_routine,382157056942900,382157056973000,30100,after
secret_dependent_routine,382157056974100,382157057005600,31500,after
secret_dependent_routine,382157057006800,382157057039600,32800,after
secret_dependent_routine,382157057040700,382157057076200,35500,after
secret_dependent_routine,382157057077400,382157057561000,483600,after
secret_dependent_routine,382157057575500,382157057642800,67300,after
secret_dependent_routine,382157057645500,382157057684300,38800,after
secret_dependent_routine,382157057686000,382157057723700,37700,after
secret_dependent_routine,382157057725100,382157057761500,36400,after
secret_dependent_routine,382157057762700,382157057794800,32100,after
secret_dependent_routine,382157057795900,382157057833300,37400,after
secret_dependent_routine,382157057834800,382157057865300,30500,after
secret_dependent_routine,382157057866500,382157057896400,29900,after
secret_dependent_routine,382157057898800,382157057929500,30700,after
secret_dependent_routine,382157057930600,382157057960800,30200,after
secret_dependent_routine,382157057961900,382157057992000,30100,after
secret_dependent_routine,382157057993100,382157058023100,30000,after
secret_dependent_routine,382157058024200,382157058054200,30000,after
secret_dependent_routine,382157058055300,382157058086300,31000,after
secret_dependent_routine,382157058087500,382157058118200,30700,after
secret_dependent_routine,382157058119300,382157058149900,30600,after
secret_dependent_routine,382157058150900,382157058182700,31800,after
secret_dependent_routine,382157058183800,382157058215200,31400,after
secret_dependent_routine,382157058217100,382157058254500,37400,after
secret_dependent_routine,382157058255700,382157058293400,37700,after
secret_dependent_routine,382157058294700,382157058330600,35900,after
secret_dependent_routine,382157058331600,382157058362000,30400,after
secret_dependent_routine,382157058363100,382157058393000,29900,after
secret_dependent_routine,382157058394100,382157058424100,30000,after
secret_dependent_routine,382157058425300,382157058455800,30500,after
secret_dependent_routine,382157058456800,382157058486800,30000,after
secret_dependent_routine,382157058487900,382157058517800,29900,after
secret_dependent_routine,382157058518800,382157058548500,29700,after
secret_dependent_routine,382157058549600,382157058579400,29800,after
secret_dependent_routine,382157058580500,382157058611000,30500,after
secret_dependent_routine,382157058612000,382157058641900,29900,after
secret_dependent_routine,382157058642900,382157058672800,29900,after
secret_dependent_routine,382157058673900,382157058709100,35200,after
secret_dependent_routine,382157058710400,382157058740200,29800,after
secret_dependent_routine,382157058741300,382157058771200,29900,after
secret_dependent_routine,382157058772500,382157058802200,29700,after
secret_dependent_routine,382157058803300,382157058833200,29900,after
secret_dependent_routine,382157058834300,382157058863600,29300,after
secret_dependent_routine,382157058864700,382157058894000,29300,after
secret_dependent_routine,382157058895100,382157058924100,29000,after
secret_dependent_routine,382157058925300,382157058955000,29700,after
secret_dependent_routine,382157058956100,382157058985400,29300,after
secret_dependent_routine,382157058986400,382157059016000,29600,after
