operation,start_ns,end_ns,duration_ns,label
secret_dependent_routine,382156542675300,382156542680000,4700,before
secret_dependent_routine,382156542696900,382156542710600,13700,before
secret_dependent_routine,382156542718400,382156542719500,1100,before
secret_dependent_routine,382156542721700,382156542733400,11700,before
secret_dependent_routine,382156542735200,382156542735900,700,before
secret_dependent_routine,382156542737600,382156542749100,11500,before
secret_dependent_routine,382156542750500,382156542751200,700,before
secret_dependent_routine,382156542752500,382156542764200,11700,before
secret_dependent_routine,382156542765500,382156542766200,700,before
secret_dependent_routine,382156542768500,382156542780300,11800,before
secret_dependent_routine,382156542781600,382156542782300,700,before
secret_dependent_routine,382156542783700,382156542795300,11600,before
secret_dependent_routine,382156542796800,382156542797500,700,before
secret_dependent_routine,382156542799000,382156542811300,12300,before
secret_dependent_routine,382156542812800,382156542813500,700,before
secret_dependent_routine,382156542814700,382156542826800,12100,before
secret_dependent_routine,382156542828100,382156542828800,700,before
secret_dependent_routine,382156542830300,382156542842100,11800,before
secret_dependent_routine,382156542843500,382156542844200,700,before
secret_dependent_routine,382156542845600,382156542857500,11900,before
secret_dependent_routine,382156542858700,382156542859400,700,before
secret_dependent_routine,382156542860600,382156542872200,11600,before
secret_dependent_routine,382156542873400,382156542874100,700,before
secret_dependent_routine,382156542875300,382156542886900,11600,before
secret_dependent_routine,382156542888100,382156542888800,700,before
secret_dependent_routine,382156542890200,382156542901600,11400,before
secret_dependent_routine,382156542902900,382156542903500,600,before
secret_dependent_routine,382156542904900,382156542916700,11800,before
secret_dependent_routine,382156542923200,382156542923900,700,before
secret_dependent_routine,382156542925100,382156542937200,12100,before
secret_dependent_routine,382156542938400,382156542939200,800,before
secret_dependent_routine,382156542940400,382156542952500,12100,before
secret_dependent_routine,382156542953800,382156542954500,700,before
secret_dependent_routine,382156542955800,382156542967700,11900,before
secret_dependent_routine,382156542969100,382156542969800,700,before
secret_dependent_routine,382156542971200,382156542983000,11800,before
secret_dependent_routine,382156542984200,382156542984900,700,before
secret_dependent_routine,382156542986200,382156542998600,12400,before
secret_dependent_routine,382156542999800,382156543000600,800,before
secret_dependent_routine,382156543001800,382156543013900,12100,before
secret_dependent_routine,382156543015200,382156543016000,800,before
secret_dependent_routine,382156543017700,382156543030800,13100,before
secret_dependent_routine,382156543032200,382156543033000,800,before
secret_dependent_routine,382156543034400,382156543046500,12100,before
secret_dependent_routine,382156543047700,382156543048400,700,before
secret_dependent_routine,382156543049600,382156543061700,12100,before
secret_dependent_routine,382156543062900,382156543063600,700,before
secret_dependent_routine,382156543064800,382156543077400,12600,before
secret_dependent_routine,382156543078700,382156543079400,700,before
secret_dependent_routine,382156543080600,382156543093000,12400,before
secret_dependent_routine,382156543094200,382156543094900,700,before
secret_dependent_routine,382156543096100,382156543108500,12400,before
secret_dependent_routine,382156543109800,382156543110500,700,before
secret_dependent_routine,382156543112500,382156543273100,160600,before
secret_dependent_routine,382156543281700,382156543284300,2600,before
secret_dependent_routine,382156543286300,382156543310600,24300,before
secret_dependent_routine,382156543319700,382156543321100,1400,before
secret_dependent_routine,382156543323400,382156543356700,33300,before
secret_dependent_routine,382156543360200,382156543361600,1400,before
secret_dependent_routine,382156543363900,382156543390700,26800,before
secret_dependent_routine,382156543395800,382156543398600,2800,before
secret_dependent_routine,382156543403100,382156543443700,40600,before
secret_dependent_routine,382156543446500,382156543447900,1400,before
secret_dependent_routine,382156543450400,382156543476100,25700,before
secret_dependent_routine,382156543481700,382156543483400,1700,before
secret_dependent_routine,382156543489200,382156543512400,23200,before
secret_dependent_routine,382156543514900,382156543516700,1800,before
secret_dependent_routine,382156543521100,382156543546400,25300,before
secret_dependent_routine,382156543548900,382156543550100,1200,before
secret_dependent_routine,382156543552500,382156543579200,26700,before
secret_dependent_routine,382156543582800,382156543584600,1800,before
secret_dependent_routine,382156543587400,382156543610800,23400,before
secret_dependent_routine,382156543616900,382156543618000,1100,before
secret_dependent_routine,382156543620900,382156543646900,26000,before
secret_dependent_routine,382156543649600,382156543650800,1200,before
secret_dependent_routine,382156543652900,382156543679000,26100,before
secret_dependent_routine,382156543682100,382156543683800,1700,before
secret_dependent_routine,382156543689700,382156543705200,15500,before
secret_dependent_routine,382156543711500,382156543712500,1000,before
secret_dependent_routine,382156543714100,382156543730500,16400,before
secret_dependent_routine,382156543732500,382156543733400,900,before
secret_dependent_routine,382156543735100,382156543752800,17700,before
secret_dependent_routine,382156543754400,382156543755300,900,before
secret_dependent_routine,382156543756800,382156543771500,14700,before
secret_dependent_routine,382156543773500,382156543774400,900,before
secret_dependent_routine,382156543775800,382156543790600,14800,before
secret_dependent_routine,382156543792200,382156543793000,800,before
secret_dependent_routine,382156543796400,382156543811100,14700,before
secret_dependent_routine,382156543812700,382156543813500,800,before
secret_dependent_routine,382156543814900,382156543828500,13600,before
secret_dependent_routine,382156543830000,382156543830800,800,before
secret_dependent_routine,382156543832200,382156543845900,13700,before
secret_dependent_routine,382156543847600,382156543848400,800,before
secret_dependent_routine,382156543851000,382156543864700,13700,before
secret_dependent_routine,382156543866500,382156543867300,800,before
secret_dependent_routine,382156543868700,382156543882800,14100,before
secret_dependent_routine,382156543884200,382156543885100,900,before
secret_dependent_routine,382156543886400,382156543900200,13800,before
secret_dependent_routine,382156543901800,382156543902900,1100,before
secret_dependent_routine,382156543904200,382156543922700,18500,before
secret_dependent_routine,382156543925800,382156543927100,1300,before
secret_dependent_routine,382156543928600,382156543943200,14600,before
secret_dependent_routine,382156543944900,382156543945700,800,before
secret_dependent_routine,382156543947100,382156543961400,14300,before
secret_dependent_routine,382156543962800,382156543963600,800,before
secret_dependent_routine,382156543965000,382156543979000,14000,before
secret_dependent_routine,382156543980400,382156543981300,900,before
secret_dependent_routine,382156543982600,382156543996900,14300,before
secret_dependent_routine,382156543998700,382156543999500,800,before
secret_dependent_routine,382156544002300,382156544015800,13500,before
secret_dependent_routine,382156544019400,382156544020300,900,before
secret_dependent_routine,382156544022100,382156544036200,14100,before
secret_dependent_routine,382156544038200,382156544039100,900,before
secret_dependent_routine,382156544040600,382156544054300,13700,before
secret_dependent_routine,382156544056000,382156544057000,1000,before
secret_dependent_routine,382156544058400,382156544072200,13800,before
secret_dependent_routine,382156544073900,382156544074700,800,before
secret_dependent_routine,382156544076100,382156544089600,13500,before
secret_dependent_routine,382156544091200,382156544092100,900,before
secret_dependent_routine,382156544093700,382156544107300,13600,before
secret_dependent_routine,382156544109200,382156544110200,1000,before
secret_dependent_routine,382156544112700,382156544152800,40100,before
secret_dependent_routine,382156544156000,382156544157000,1000,before
secret_dependent_routine,382156544158500,382156544171400,12900,before
secret_dependent_routine,382156544173300,382156544174200,900,before
secret_dependent_routine,382156544175700,382156544188700,13000,before
secret_dependent_routine,382156544190200,382156544191500,1300,before
secret_dependent_routine,382156544192900,382156544205900,13000,before
secret_dependent_routine,382156544207700,382156544208600,900,before
secret_dependent_routine,382156544211500,382156544224500,13000,before
secret_dependent_routine,382156544227000,382156544227900,900,before
secret_dependent_routine,382156544229300,382156544242200,12900,before
secret_dependent_routine,382156544243600,382156544244400,800,before
secret_dependent_routine,382156544245600,382156544258400,12800,before
secret_dependent_routine,382156544259700,382156544260500,800,before
secret_dependent_routine,382156544261700,382156544276200,14500,before
secret_dependent_routine,382156544277900,382156544278800,900,before
secret_dependent_routine,382156544282800,382156544299100,16300,before
secret_dependent_routine,382156544301300,382156544302300,1000,before
secret_dependent_routine,382156544304000,382156544320400,16400,before
secret_dependent_routine,382156544322400,382156544323400,1000,before
secret_dependent_routine,382156544325200,382156544343100,17900,before
secret_dependent_routine,382156544345200,382156544346300,1100,before
secret_dependent_routine,382156544348000,382156544365000,17000,before
secret_dependent_routine,382156544366600,382156544367500,900,before
secret_dependent_routine,382156544369000,382156544384500,15500,before
secret_dependent_routine,382156544386200,382156544387200,1000,before
secret_dependent_routine,382156544388800,382156544405000,16200,before
secret_dependent_routine,382156544406700,382156544407700,1000,before
secret_dependent_routine,382156544410400,382156544424400,14000,before
secret_dependent_routine,382156544426400,382156544427200,800,before
secret_dependent_routine,382156544429400,382156544443400,14000,before
secret_dependent_routine,382156544446800,382156544447800,1000,before
secret_dependent_routine,382156544449400,382156544463800,14400,before
secret_dependent_routine,382156544465500,382156544466500,1000,before
secret_dependent_routine,382156544468000,382156544542900,74900,before
secret_dependent_routine,382156544546800,382156544547700,900,before
secret_dependent_routine,382156544549300,382156544563900,14600,before
secret_dependent_routine,382156544565600,382156544566600,1000,before
secret_dependent_routine,382156544568200,382156544583100,14900,before
secret_dependent_routine,382156544585200,382156544586100,900,before
secret_dependent_routine,382156544587700,382156544603100,15400,before
secret_dependent_routine,382156544605400,382156544606400,1000,before
secret_dependent_routine,382156544608000,382156544623400,15400,before
secret_dependent_routine,382156544625500,382156544626400,900,before
secret_dependent_routine,382156544628100,382156544650700,22600,before
secret_dependent_routine,382156544653400,382156544654700,1300,before
secret_dependent_routine,382156544656300,382156544671200,14900,before
secret_dependent_routine,382156544673100,382156544674100,1000,before
secret_dependent_routine,382156544675800,382156544691800,16000,before
secret_dependent_routine,382156544693800,382156544694700,900,before
secret_dependent_routine,382156544696500,382156544710900,14400,before
secret_dependent_routine,382156544712400,382156544713300,900,before
secret_dependent_routine,382156544717700,382156544731800,14100,before
secret_dependent_routine,382156544733700,382156544734600,900,before
secret_dependent_routine,382156544736400,382156544750200,13800,before
secret_dependent_routine,382156544751900,382156544752700,800,before
secret_dependent_routine,382156544754100,382156544767700,13600,before
secret_dependent_routine,382156544769200,382156544770100,900,before
secret_dependent_routine,382156544771800,382156544785400,13600,before
secret_dependent_routine,382156544787600,382156544788500,900,before
secret_dependent_routine,382156544790000,382156544803500,13500,before
secret_dependent_routine,382156544805300,382156544806200,900,before
secret_dependent_routine,382156544807600,382156544821500,13900,before
secret_dependent_routine,382156544823300,382156544826100,2800,before
secret_dependent_routine,382156544827700,382156544841400,13700,before
secret_dependent_routine,382156544843000,382156544844500,1500,before
secret_dependent_routine,382156544846100,382156544860100,14000,before
secret_dependent_routine,382156544862100,382156544931700,69600,before
secret_dependent_routine,382156544934900,382156544950200,15300,before
secret_dependent_routine,382156544951900,382156544952700,800,before
secret_dependent_routine,382156544954100,382156544967200,13100,before
secret_dependent_routine,382156544968600,382156544969500,900,before
secret_dependent_routine,382156544970900,382156544984800,13900,before
secret_dependent_routine,382156544988300,382156544989600,1300,before
secret_dependent_routine,382156544991100,382156545005800,14700,before
secret_dependent_routine,382156545007700,382156545008500,800,before
secret_dependent_routine,382156545010100,382156545024100,14000,before
secret_dependent_routine,382156545025700,382156545026600,900,before
secret_dependent_routine,382156545027900,382156545041900,14000,before
secret_dependent_routine,382156545043800,382156545045000,1200,before
secret_dependent_routine,382156545049500,382156545064100,14600,before
secret_dependent_routine,382156545071000,382156545072100,1100,before
secret_dependent_routine,382156545073800,382156545089800,16000,before
secret_dependent_routine,382156545092000,382156545093100,1100,before
secret_dependent_routine,382156545094700,382156545110700,16000,before
secret_dependent_routine,382156545112500,382156545113600,1100,before
secret_dependent_routine,382156545115500,382156545132000,16500,before
secret_dependent_routine,382156545133700,382156545134700,1000,before
secret_dependent_routine,382156545141200,382156545157200,16000,before
secret_dependent_routine,382156545159500,382156545160500,1000,before
secret_dependent_routine,382156545162100,382156545179400,17300,before
secret_dependent_routine,382156545181300,382156545182200,900,before
secret_dependent_routine,382156545183700,382156545201600,17900,before
secret_dependent_routine,382156545203400,382156545209200,5800,before
secret_dependent_routine,382156545210900,382156545229500,18600,before
secret_dependent_routine,382156545231500,382156545232600,1100,before
secret_dependent_routine,382156545234500,382156545252800,18300,before
secret_dependent_routine,382156545254600,382156545255700,1100,before
secret_dependent_routine,382156545257600,382156545276400,18800,before
secret_dependent_routine,382156545278500,382156545279600,1100,before
secret_dependent_routine,382156545281300,382156545300100,18800,before
secret_dependent_routine,382156545302200,382156545303200,1000,before
secret_dependent_routine,382156545304900,382156545324000,19100,before
secret_dependent_routine,382156545325800,382156545326800,1000,before
secret_dependent_routine,382156545328600,382156545347600,19000,before
secret_dependent_routine,382156545349800,382156545350900,1100,before
secret_dependent_routine,382156545352600,382156545372200,19600,before
secret_dependent_routine,382156545374400,382156545375400,1000,before
secret_dependent_routine,382156545377100,382156545394200,17100,before
secret_dependent_routine,382156545396200,382156545397600,1400,before
secret_dependent_routine,382156545399400,382156545416800,17400,before
secret_dependent_routine,382156545418500,382156545419500,1000,before
secret_dependent_routine,382156545424400,382156545441700,17300,before
secret_dependent_routine,382156545443700,382156545444800,1100,before
secret_dependent_routine,382156545446600,382156545465500,18900,before
secret_dependent_routine,382156545467200,382156545468100,900,before
secret_dependent_routine,382156545472300,382156545489200,16900,before
secret_dependent_routine,382156545490900,382156545492000,1100,before
secret_dependent_routine,382156545493700,382156545509100,15400,before
secret_dependent_routine,382156545510600,382156545511400,800,before
secret_dependent_routine,382156545512800,382156545527100,14300,before
secret_dependent_routine,382156545528600,382156545529400,800,before
secret_dependent_routine,382156545530900,382156545546100,15200,before
secret_dependent_routine,382156545547500,382156545548200,700,before
secret_dependent_routine,382156545551100,382156545564700,13600,before
secret_dependent_routine,382156545566100,382156545566900,800,before
secret_dependent_routine,382156545568200,382156545581700,13500,before
secret_dependent_routine,382156545583700,382156545584500,800,before
secret_dependent_routine,382156545585900,382156545599500,13600,before
secret_dependent_routine,382156545600800,382156545601600,800,before
secret_dependent_routine,382156545602900,382156545616300,13400,before
secret_dependent_routine,382156545617600,382156545618400,800,before
secret_dependent_routine,382156545619800,382156545634000,14200,before
secret_dependent_routine,382156545644100,382156545645100,1000,before
secret_dependent_routine,382156545646900,382156545660100,13200,before
secret_dependent_routine,382156545661400,382156545662100,700,before
secret_dependent_routine,382156545663600,382156545676500,12900,before
secret_dependent_routine,382156545678100,382156545678800,700,before
secret_dependent_routine,382156545680300,382156545693700,13400,before
secret_dependent_routine,382156545695100,382156545695800,700,before
secret_dependent_routine,382156545697100,382156545710700,13600,before
secret_dependent_routine,382156545712100,382156545712900,800,before
secret_dependent_routine,382156545714400,382156545727800,13400,before
secret_dependent_routine,382156545729300,382156545730100,800,before
secret_dependent_routine,382156545731400,382156545744700,13300,before
secret_dependent_routine,382156545746000,382156545746700,700,before
secret_dependent_routine,382156545748200,382156545761600,13400,before
secret_dependent_routine,382156545762900,382156545763700,800,before
secret_dependent_routine,382156545767000,382156545784700,17700,before
secret_dependent_routine,382156545786500,382156545787500,1000,before
secret_dependent_routine,382156545788900,382156545801300,12400,before
secret_dependent_routine,382156545802800,382156545803600,800,before
secret_dependent_routine,382156545805000,382156545817900,12900,before
secret_dependent_routine,382156545822100,382156545822800,700,before
secret_dependent_routine,382156545824100,382156545836600,12500,before
secret_dependent_routine,382156545838000,382156545838700,700,before
secret_dependent_routine,382156545840000,382156545852800,12800,before
secret_dependent_routine,382156545854200,382156545854900,700,before
secret_dependent_routine,382156545856200,382156545868400,12200,before
secret_dependent_routine,382156545871200,382156545872000,800,before
secret_dependent_routine,382156545873400,382156545886400,13000,before
secret_dependent_routine,382156545888900,382156545889900,1000,before
secret_dependent_routine,382156545891200,382156545903700,12500,before
secret_dependent_routine,382156545905000,382156545905700,700,before
secret_dependent_routine,382156545907000,382156545919400,12400,before
secret_dependent_routine,382156545921000,382156545921700,700,before
secret_dependent_routine,382156545922900,382156545935500,12600,before
secret_dependent_routine,382156545936900,382156545937700,800,before
secret_dependent_routine,382156545938900,382156545951400,12500,before
secret_dependent_routine,382156545952700,382156545953500,800,before
secret_dependent_routine,382156545954700,382156545967100,12400,before
secret_dependent_routine,382156545968500,382156545969200,700,before
secret_dependent_routine,382156545970600,382156545983400,12800,before
secret_dependent_routine,382156545984700,382156545985600,900,before
secret_dependent_routine,382156545986800,382156545999300,12500,before
secret_dependent_routine,382156546000600,382156546001500,900,before
secret_dependent_routine,382156546003000,382156546017600,14600,before
secret_dependent_routine,382156546019200,382156546020300,1100,before
secret_dependent_routine,382156546021700,382156546036500,14800,before
secret_dependent_routine,382156546038000,382156546039000,1000,before
secret_dependent_routine,382156546040400,382156546055100,14700,before
secret_dependent_routine,382156546056700,382156546057700,1000,before
secret_dependent_routine,382156546059200,382156546074800,15600,before
secret_dependent_routine,382156546076200,382156546077000,800,before
secret_dependent_routine,382156546078400,382156546091900,13500,before
secret_dependent_routine,382156546093600,382156546094600,1000,before
secret_dependent_routine,382156546096100,382156546109600,13500,before
secret_dependent_routine,382156546111100,382156546111900,800,before
secret_dependent_routine,382156546115000,382156546129000,14000,before
secret_dependent_routine,382156546130700,382156546131600,900,before
secret_dependent_routine,382156546133000,382156546148700,15700,before
secret_dependent_routine,382156546150100,382156546151000,900,before
secret_dependent_routine,382156546152500,382156546166100,13600,before
secret_dependent_routine,382156546167600,382156546168400,800,before
secret_dependent_routine,382156546170000,382156546183300,13300,before
secret_dependent_routine,382156546184900,382156546185800,900,before
secret_dependent_routine,382156546187200,382156546201000,13800,before
secret_dependent_routine,382156546204300,382156546205200,900,before
secret_dependent_routine,382156546206600,382156546220600,14000,before
secret_dependent_routine,382156546222000,382156546222900,900,before
secret_dependent_routine,382156546224300,382156546239200,14900,before
secret_dependent_routine,382156546242600,382156546243700,1100,before
secret_dependent_routine,382156546245100,382156546258600,13500,before
secret_dependent_routine,382156546260200,382156546261000,800,before
secret_dependent_routine,382156546262600,382156546276400,13800,before
secret_dependent_routine,382156546278000,382156546278900,900,before
secret_dependent_routine,382156546280300,382156546294000,13700,before
secret_dependent_routine,382156546296100,382156546296900,800,before
secret_dependent_routine,382156546298400,382156546312300,13900,before
secret_dependent_routine,382156546313700,382156546314500,800,before
secret_dependent_routine,382156546315900,382156546329800,13900,before
secret_dependent_routine,382156546331500,382156546332300,800,before
secret_dependent_routine,382156546333700,382156546348400,14700,before
secret_dependent_routine,382156546349800,382156546350600,800,before
secret_dependent_routine,382156546351900,382156546364900,13000,before
secret_dependent_routine,382156546366400,382156546367200,800,before
secret_dependent_routine,382156546368600,382156546381800,13200,before
secret_dependent_routine,382156546383400,382156546384200,800,before
secret_dependent_routine,382156546385600,382156546399100,13500,before
secret_dependent_routine,382156546400500,382156546401300,800,before
secret_dependent_routine,382156546402700,382156546416500,13800,before
secret_dependent_routine,382156546418000,382156546418900,900,before
secret_dependent_routine,382156546420200,382156546433700,13500,before
secret_dependent_routine,382156546435100,382156546435900,800,before
secret_dependent_routine,382156546437400,382156546451200,13800,before
secret_dependent_routine,382156546452600,382156546453500,900,before
secret_dependent_routine,382156546454900,382156546468300,13400,before
secret_dependent_routine,382156546469700,382156546470600,900,before
secret_dependent_routine,382156546472000,382156546485800,13800,before
secret_dependent_routine,382156546487100,382156546487900,800,before
secret_dependent_routine,382156546489400,382156546503000,13600,before
secret_dependent_routine,382156546504500,382156546505300,800,before
secret_dependent_routine,382156546513200,382156546528100,14900,before
secret_dependent_routine,382156546532000,382156546534500,2500,before
secret_dependent_routine,382156546536100,382156546550900,14800,before
secret_dependent_routine,382156546552400,382156546553500,1100,before
secret_dependent_routine,382156546555100,382156546569800,14700,before
secret_dependent_routine,382156546571600,382156546572500,900,before
secret_dependent_routine,382156546574100,382156546589900,15800,before
secret_dependent_routine,382156546591600,382156546592500,900,before
secret_dependent_routine,382156546594200,382156546610200,16000,before
secret_dependent_routine,382156546611900,382156546612800,900,before
secret_dependent_routine,382156546614500,382156546631600,17100,before
secret_dependent_routine,382156546634800,382156546635700,900,before
secret_dependent_routine,382156546637300,382156546698700,61400,before
secret_dependent_routine,382156546701500,382156546702800,1300,before
secret_dependent_routine,382156546704600,382156546722000,17400,before
secret_dependent_routine,382156546723800,382156546724900,1100,before
secret_dependent_routine,382156546726600,382156546744600,18000,before
secret_dependent_routine,382156546746500,382156546747600,1100,before
secret_dependent_routine,382156546749400,382156546766900,17500,before
secret_dependent_routine,382156546773700,382156546774600,900,before
secret_dependent_routine,382156546776200,382156546792800,16600,before
secret_dependent_routine,382156546794600,382156546795700,1100,before
secret_dependent_routine,382156546797400,382156546815900,18500,before
secret_dependent_routine,382156546819600,382156546821400,1800,before
secret_dependent_routine,382156546824200,382156546851800,27600,before
secret_dependent_routine,382156546854300,382156546855800,1500,before
secret_dependent_routine,382156546858300,382156546883600,25300,before
secret_dependent_routine,382156546887000,382156546888600,1600,before
secret_dependent_routine,382156546895800,382156546912200,16400,before
secret_dependent_routine,382156546914000,382156546915200,1200,before
secret_dependent_routine,382156546917000,382156546941000,24000,before
secret_dependent_routine,382156546943600,382156546944700,1100,before
secret_dependent_routine,382156546946700,382156546969000,22300,before
secret_dependent_routine,382156546971400,382156546976800,5400,before
secret_dependent_routine,382156546979100,382156547003000,23900,before
secret_dependent_routine,382156547005400,382156547007000,1600,before
secret_dependent_routine,382156547009400,382156547024400,15000,before
secret_dependent_routine,382156547029600,382156547030600,1000,before
secret_dependent_routine,382156547032000,382156547046200,14200,before
secret_dependent_routine,382156547047800,382156547048800,1000,before
secret_dependent_routine,382156547050300,382156547064600,14300,before
secret_dependent_routine,382156547065900,382156547066600,700,before
secret_dependent_routine,382156547067900,382156547080300,12400,before
secret_dependent_routine,382156547081600,382156547083800,2200,before
secret_dependent_routine,382156547085100,382156547097500,12400,before
secret_dependent_routine,382156547098800,382156547099600,800,before
secret_dependent_routine,382156547100900,382156547113200,12300,before
secret_dependent_routine,382156547114400,382156547115200,800,before
secret_dependent_routine,382156547118900,382156547131600,12700,before
secret_dependent_routine,382156547132800,382156547133600,800,before
secret_dependent_routine,382156547134900,382156547147000,12100,before
secret_dependent_routine,382156547148300,382156547149000,700,before
secret_dependent_routine,382156547150200,382156547162400,12200,before
secret_dependent_routine,382156547163600,382156547164300,700,before
secret_dependent_routine,382156547167300,382156547179600,12300,before
secret_dependent_routine,382156547181000,382156547181700,700,before
secret_dependent_routine,382156547183100,382156547195900,12800,before
secret_dependent_routine,382156547197200,382156547198000,800,before
secret_dependent_routine,382156547199300,382156547212400,13100,before
secret_dependent_routine,382156547213700,382156547214500,800,before
secret_dependent_routine,382156547215700,382156547228600,12900,before
secret_dependent_routine,382156547229900,382156547230600,700,before
secret_dependent_routine,382156547231900,382156547244800,12900,before
secret_dependent_routine,382156547246100,382156547246800,700,before
secret_dependent_routine,382156547248200,382156547261100,12900,before
secret_dependent_routine,382156547262400,382156547263100,700,before
secret_dependent_routine,382156547264500,382156547277000,12500,before
secret_dependent_routine,382156547278400,382156547279100,700,before
secret_dependent_routine,382156547280400,382156547293000,12600,before
secret_dependent_routine,382156547294300,382156547295000,700,before
secret_dependent_routine,382156547296300,382156547309000,12700,before
secret_dependent_routine,382156547310300,382156547311100,800,before
secret_dependent_routine,382156547312400,382156547324900,12500,before
secret_dependent_routine,382156547326200,382156547326900,700,before
secret_dependent_routine,382156547330000,382156547342300,12300,before
secret_dependent_routine,382156547343700,382156547344400,700,before
secret_dependent_routine,382156547345700,382156547358000,12300,before
secret_dependent_routine,382156547359300,382156547360200,900,before
secret_dependent_routine,382156547361400,382156547374400,13000,before
secret_dependent_routine,382156547375700,382156547376400,700,before
secret_dependent_routine,382156547377700,382156547390400,12700,before
secret_dependent_routine,382156547391700,382156547392500,800,before
secret_dependent_routine,382156547393800,382156547406600,12800,before
secret_dependent_routine,382156547407800,382156547408600,800,before
secret_dependent_routine,382156547409800,382156547422500,12700,before
secret_dependent_routine,382156547423800,382156547424600,800,before
secret_dependent_routine,382156547425900,382156547441900,16000,before
secret_dependent_routine,382156547443500,382156547444400,900,before
secret_dependent_routine,382156547445700,382156547458000,12300,before
secret_dependent_routine,382156547459300,382156547460100,800,before
secret_dependent_routine,382156547461500,382156547474200,12700,before
secret_dependent_routine,382156547475500,382156547476300,800,before
secret_dependent_routine,382156547477500,382156547490400,12900,before
secret_dependent_routine,382156547491600,382156547492400,800,before
secret_dependent_routine,382156547493700,382156547506700,13000,before
secret_dependent_routine,382156547507900,382156547508600,700,before
secret_dependent_routine,382156547509800,382156547521200,11400,before
secret_dependent_routine,382156547523800,382156547524600,800,before
secret_dependent_routine,382156547525800,382156547537600,11800,before
secret_dependent_routine,382156547538800,382156547539500,700,before
secret_dependent_routine,382156547540800,382156547552800,12000,before
secret_dependent_routine,382156547554000,382156547554700,700,before
secret_dependent_routine,382156547555900,382156547568300,12400,before
secret_dependent_routine,382156547569500,382156547570200,700,before
secret_dependent_routine,382156547573100,382156547585300,12200,before
secret_dependent_routine,382156547586600,382156547587300,700,before
secret_dependent_routine,382156547588500,382156547601000,12500,before
secret_dependent_routine,382156547602200,382156547602900,700,before
secret_dependent_routine,382156547604100,382156547616300,12200,before
secret_dependent_routine,382156547617500,382156547618200,700,before
secret_dependent_routine,382156547620900,382156547632600,11700,before
secret_dependent_routine,382156547633800,382156547634500,700,before
secret_dependent_routine,382156547635700,382156547659100,23400,before
secret_dependent_routine,382156547661000,382156547661900,900,before
secret_dependent_routine,382156547663200,382156547675000,11800,before
secret_dependent_routine,382156547676200,382156547677000,800,before
secret_dependent_routine,382156547678200,382156547690200,12000,before
secret_dependent_routine,382156547691500,382156547692200,700,before
secret_dependent_routine,382156547693400,382156547705300,11900,before
secret_dependent_routine,382156547706700,382156547707400,700,before
secret_dependent_routine,382156547708700,382156547721000,12300,before
secret_dependent_routine,382156547722400,382156547723100,700,before
secret_dependent_routine,382156547724400,382156547736600,12200,before
secret_dependent_routine,382156547737900,382156547738700,800,before
secret_dependent_routine,382156547740000,382156547752200,12200,before
secret_dependent_routine,382156547753500,382156547754300,800,before
secret_dependent_routine,382156547755600,382156547767800,12200,before
secret_dependent_routine,382156547769100,382156547769800,700,before
secret_dependent_routine,382156547771100,382156547784900,13800,before
secret_dependent_routine,382156547786400,382156547787200,800,before
secret_dependent_routine,382156547788400,382156547800700,12300,before
secret_dependent_routine,382156547802000,382156547802700,700,before
secret_dependent_routine,382156547804000,382156547816600,12600,before
secret_dependent_routine,382156547817900,382156547818700,800,before
secret_dependent_routine,382156547820000,382156547832700,12700,before
secret_dependent_routine,382156547834000,382156547834800,800,before
secret_dependent_routine,382156547836100,382156547848600,12500,before
secret_dependent_routine,382156547850000,382156547850700,700,before
secret_dependent_routine,382156547852100,382156547864200,12100,before
secret_dependent_routine,382156547867200,382156547868000,800,before
secret_dependent_routine,382156547869400,382156547881900,12500,before
secret_dependent_routine,382156547883300,382156547884000,700,before
secret_dependent_routine,382156547885400,382156547898700,13300,before
secret_dependent_routine,382156547899900,382156547900700,800,before
secret_dependent_routine,382156547902100,382156547915200,13100,before
secret_dependent_routine,382156547916600,382156547917400,800,before
secret_dependent_routine,382156547920200,382156547932500,12300,before
secret_dependent_routine,382156547933900,382156547934600,700,before
secret_dependent_routine,382156547935800,382156547948200,12400,before
secret_dependent_routine,382156547949500,382156547950200,700,before
secret_dependent_routine,382156547951900,382156547964100,12200,before
secret_dependent_routine,382156547965400,382156547966200,800,before
secret_dependent_routine,382156547967400,382156547979500,12100,before
secret_dependent_routine,382156547980800,382156547981500,700,before
secret_dependent_routine,382156547982800,382156547995100,12300,before
secret_dependent_routine,382156547996500,382156547997300,800,before
secret_dependent_routine,382156547998600,382156548011000,12400,before
secret_dependent_routine,382156548012600,382156548013300,700,before
secret_dependent_routine,382156548014600,382156548026900,12300,before
secret_dependent_routine,382156548028100,382156548028900,800,before
secret_dependent_routine,382156548030200,382156548042500,12300,before
secret_dependent_routine,382156548043800,382156548044700,900,before
secret_dependent_routine,382156548046000,382156548058200,12200,before
secret_dependent_routine,382156548059500,382156548060300,800,before
secret_dependent_routine,382156548061500,382156548073700,12200,before
secret_dependent_routine,382156548075000,382156548075800,800,before
secret_dependent_routine,382156548077000,382156548089300,12300,before
secret_dependent_routine,382156548090600,382156548091300,700,before
secret_dependent_routine,382156548094900,382156548107100,12200,before
secret_dependent_routine,382156548108500,382156548109200,700,before
secret_dependent_routine,382156548110500,382156548122800,12300,before
secret_dependent_routine,382156548124100,382156548126300,2200,before
secret_dependent_routine,382156548127600,382156548141000,13400,before
secret_dependent_routine,382156548142300,382156548144100,1800,before
secret_dependent_routine,382156548145500,382156548158300,12800,before
secret_dependent_routine,382156548159600,382156548160300,700,before
secret_dependent_routine,382156548161600,382156548173700,12100,before
secret_dependent_routine,382156548174900,382156548175600,700,before
secret_dependent_routine,382156548176800,382156548189600,12800,before
secret_dependent_routine,382156548190800,382156548191500,700,before
secret_dependent_routine,382156548192800,382156548205300,12500,before
secret_dependent_routine,382156548207800,382156548208600,800,before
secret_dependent_routine,382156548211000,382156548223600,12600,before
secret_dependent_routine,382156548224900,382156548225600,700,before
secret_dependent_routine,382156548226800,382156548239000,12200,before
secret_dependent_routine,382156548240200,382156548240800,600,before
secret_dependent_routine,382156548242100,382156548254200,12100,before
secret_dependent_routine,382156548255400,382156548256200,800,before
secret_dependent_routine,382156548257300,382156548269400,12100,before
secret_dependent_routine,382156548270700,382156548271400,700,before
secret_dependent_routine,382156548272600,382156548284500,11900,before
secret_dependent_routine,382156548285700,382156548286400,700,before
secret_dependent_routine,382156548287600,382156548299900,12300,before
secret_dependent_routine,382156548301100,382156548301800,700,before
secret_dependent_routine,382156548303000,382156548314600,11600,before
secret_dependent_routine,382156548315800,382156548316500,700,before
secret_dependent_routine,382156548317700,382156548330100,12400,before
secret_dependent_routine,382156548331300,382156548332100,800,before
secret_dependent_routine,382156548333200,382156548345300,12100,before
secret_dependent_routine,382156548346500,382156548347200,700,before
secret_dependent_routine,382156548348400,382156548360500,12100,before
secret_dependent_routine,382156548361800,382156548362500,700,before
secret_dependent_routine,382156548363700,382156548375800,12100,before
secret_dependent_routine,382156548377000,382156548377700,700,before
secret_dependent_routine,382156548378800,382156548391000,12200,before
secret_dependent_routine,382156548392200,382156548392900,700,before
secret_dependent_routine,382156548394200,382156548406800,12600,before
secret_dependent_routine,382156548408000,382156548408800,800,before
secret_dependent_routine,382156548410000,382156548422200,12200,before
secret_dependent_routine,382156548423400,382156548424100,700,before
secret_dependent_routine,382156548425300,382156548437300,12000,before
secret_dependent_routine,382156548438500,382156548439200,700,before
secret_dependent_routine,382156548440400,382156548452600,12200,before
secret_dependent_routine,382156548453800,382156548455800,2000,before
secret_dependent_routine,382156548457100,382156548469500,12400,before
secret_dependent_routine,382156548470800,382156548471600,800,before
secret_dependent_routine,382156548472900,382156548485100,12200,before
secret_dependent_routine,382156548486400,382156548487100,700,before
secret_dependent_routine,382156548488300,382156548500200,11900,before
secret_dependent_routine,382156548502700,382156548503500,800,before
secret_dependent_routine,382156548504800,382156548516800,12000,before
secret_dependent_routine,382156548518000,382156548518700,700,before
secret_dependent_routine,382156548519900,382156548532000,12100,before
secret_dependent_routine,382156548533200,382156548533900,700,before
secret_dependent_routine,382156548536400,382156548548700,12300,before
secret_dependent_routine,382156548549900,382156548550600,700,before
secret_dependent_routine,382156548551900,382156548563900,12000,before
secret_dependent_routine,382156548565100,382156548565800,700,before
secret_dependent_routine,382156548567000,382156548578900,11900,before
secret_dependent_routine,382156548580100,382156548580900,800,before
secret_dependent_routine,382156548582100,382156548594000,11900,before
secret_dependent_routine,382156548595300,382156548596000,700,before
secret_dependent_routine,382156548597200,382156548608900,11700,before
secret_dependent_routine,382156548610200,382156548610900,700,before
secret_dependent_routine,382156548612100,382156548623600,11500,before
secret_dependent_routine,382156548624800,382156548625600,800,before
secret_dependent_routine,382156548626800,382156548643500,16700,before
secret_dependent_routine,382156548645300,382156548646100,800,before
secret_dependent_routine,382156548647400,382156548659600,12200,before
secret_dependent_routine,382156548660800,382156548661500,700,before
secret_dependent_routine,382156548664700,382156548677000,12300,before
secret_dependent_routine,382156548678300,382156548679000,700,before
secret_dependent_routine,382156548680300,382156548693500,13200,before
secret_dependent_routine,382156548694700,382156548695400,700,before
secret_dependent_routine,382156548696700,382156548709300,12600,before
secret_dependent_routine,382156548710600,382156548711300,700,before
secret_dependent_routine,382156548712500,382156548725500,13000,before
secret_dependent_routine,382156548726700,382156548727400,700,before
secret_dependent_routine,382156548728600,382156548740800,12200,before
secret_dependent_routine,382156548742100,382156548742800,700,before
secret_dependent_routine,382156548744100,382156548756300,12200,before
secret_dependent_routine,382156548757500,382156548758200,700,before
secret_dependent_routine,382156548759400,382156548771800,12400,before
secret_dependent_routine,382156548773000,382156548773800,800,before
secret_dependent_routine,382156548775100,382156548787900,12800,before
secret_dependent_routine,382156548800600,382156548801400,800,before
secret_dependent_routine,382156548802700,382156548817200,14500,before
secret_dependent_routine,382156548818500,382156548819300,800,before
secret_dependent_routine,382156548820600,382156548834300,13700,before
secret_dependent_routine,382156548835600,382156548836300,700,before
secret_dependent_routine,382156548837500,382156548851000,13500,before
secret_dependent_routine,382156548852200,382156548853000,800,before
secret_dependent_routine,382156548854200,382156548867500,13300,before
secret_dependent_routine,382156548868700,382156548869500,800,before
secret_dependent_routine,382156548870700,382156548884500,13800,before
secret_dependent_routine,382156548885800,382156548886500,700,before
secret_dependent_routine,382156548887700,382156548901100,13400,before
secret_dependent_routine,382156548902700,382156548903500,800,before
secret_dependent_routine,382156548904700,382156548918200,13500,before
secret_dependent_routine,382156548919500,382156548920300,800,before
secret_dependent_routine,382156548921400,382156548934800,13400,before
secret_dependent_routine,382156548935900,382156548936700,800,before
secret_dependent_routine,382156548937800,382156548949400,11600,before
secret_dependent_routine,382156548950500,382156548951200,700,before
secret_dependent_routine,382156548952200,382156548964000,11800,before
secret_dependent_routine,382156548965100,382156548965800,700,before
secret_dependent_routine,382156548966900,382156548978800,11900,before
secret_dependent_routine,382156548979900,382156548980600,700,before
secret_dependent_routine,382156548981600,382156548993300,11700,before
secret_dependent_routine,382156548994300,382156548995000,700,before
secret_dependent_routine,382156548996300,382156549008100,11800,before
secret_dependent_routine,382156549009200,382156549009900,700,before
secret_dependent_routine,382156549011000,382156549021600,10600,before
secret_dependent_routine,382156549022900,382156549023600,700,before
secret_dependent_routine,382156549024700,382156549036500,11800,before
secret_dependent_routine,382156549037600,382156549038300,700,before
secret_dependent_routine,382156549039400,382156549050900,11500,before
secret_dependent_routine,382156549052000,382156549052700,700,before
secret_dependent_routine,382156549053700,382156549065100,11400,before
secret_dependent_routine,382156549066100,382156549066800,700,before
secret_dependent_routine,382156549067800,382156549079200,11400,before
secret_dependent_routine,382156549080600,382156549081300,700,before
secret_dependent_routine,382156549082400,382156549093800,11400,before
secret_dependent_routine,382156549094900,382156549095500,600,before
secret_dependent_routine,382156549096600,382156549108200,11600,before
secret_dependent_routine,382156549109300,382156549109900,600,before
secret_dependent_routine,382156549111000,382156549122700,11700,before
secret_dependent_routine,382156549123900,382156549124600,700,before
secret_dependent_routine,382156549125600,382156549137900,12300,before
secret_dependent_routine,382156549138900,382156549139600,700,before
secret_dependent_routine,382156549140600,382156549152800,12200,before
secret_dependent_routine,382156549153900,382156549154600,700,before
secret_dependent_routine,382156549155700,382156549167500,11800,before
secret_dependent_routine,382156549168500,382156549169200,700,before
secret_dependent_routine,382156549170300,382156549182300,12000,before
secret_dependent_routine,382156549183400,382156549184100,700,before
secret_dependent_routine,382156549185100,382156549197000,11900,before
secret_dependent_routine,382156549198100,382156549198800,700,before
secret_dependent_routine,382156549199800,382156549211400,11600,before
secret_dependent_routine,382156549212800,382156549213500,700,before
secret_dependent_routine,382156549214500,382156549226300,11800,before
secret_dependent_routine,382156549227400,382156549228100,700,before
secret_dependent_routine,382156549229100,382156549241000,11900,before
secret_dependent_routine,382156549242100,382156549242800,700,before
secret_dependent_routine,382156549243900,382156549255700,11800,before
secret_dependent_routine,382156549256800,382156549257500,700,before
secret_dependent_routine,382156549258600,382156549270300,11700,before
secret_dependent_routine,382156549271400,382156549272000,600,before
secret_dependent_routine,382156549273100,382156549285000,11900,before
secret_dependent_routine,382156549286100,382156549286700,600,before
secret_dependent_routine,382156549289400,382156549301400,12000,before
secret_dependent_routine,382156549302500,382156549303200,700,before
secret_dependent_routine,382156549304300,382156549316100,11800,before
secret_dependent_routine,382156549317200,382156549317900,700,before
secret_dependent_routine,382156549318900,382156549330600,11700,before
secret_dependent_routine,382156549331600,382156549332300,700,before
secret_dependent_routine,382156549333400,382156549344700,11300,before
secret_dependent_routine,382156549346000,382156549346600,600,before
secret_dependent_routine,382156549347700,382156549359300,11600,before
secret_dependent_routine,382156549360300,382156549361000,700,before
secret_dependent_routine,382156549362100,382156549373700,11600,before
secret_dependent_routine,382156549374700,382156549375400,700,before
secret_dependent_routine,382156549376400,382156549388400,12000,before
secret_dependent_routine,382156549389500,382156549390200,700,before
secret_dependent_routine,382156549391400,382156549402900,11500,before
secret_dependent_routine,382156549404000,382156549404700,700,before
secret_dependent_routine,382156549405800,382156549417400,11600,before
secret_dependent_routine,382156549418500,382156549419200,700,before
secret_dependent_routine,382156549420200,382156549432000,11800,before
secret_dependent_routine,382156549433000,382156549433700,700,before
secret_dependent_routine,382156549434700,382156549446500,11800,before
secret_dependent_routine,382156549447600,382156549448500,900,before
secret_dependent_routine,382156549449500,382156549461100,11600,before
secret_dependent_routine,382156549462200,382156549462800,600,before
secret_dependent_routine,382156549463900,382156549475400,11500,before
secret_dependent_routine,382156549476400,382156549477100,700,before
secret_dependent_routine,382156549478200,382156549490000,11800,before
secret_dependent_routine,382156549491100,382156549491700,600,before
secret_dependent_routine,382156549492800,382156549504500,11700,before
secret_dependent_routine,382156549505600,382156549506200,600,before
secret_dependent_routine,382156549507300,382156549518900,11600,before
secret_dependent_routine,382156549520200,382156549520900,700,before
secret_dependent_routine,382156549522000,382156549533600,11600,before
secret_dependent_routine,382156549534700,382156549535400,700,before
secret_dependent_routine,382156549536500,382156549547900,11400,before
secret_dependent_routine,382156549548900,382156549549600,700,before
secret_dependent_routine,382156549550800,382156549562500,11700,before
secret_dependent_routine,382156549563600,382156549564300,700,before
secret_dependent_routine,382156549565400,382156549577100,11700,before
secret_dependent_routine,382156549578200,382156549578900,700,before
secret_dependent_routine,382156549580000,382156549591800,11800,before
secret_dependent_routine,382156549592900,382156549593600,700,before
secret_dependent_routine,382156549594700,382156549606300,11600,before
secret_dependent_routine,382156549607500,382156549608200,700,before
secret_dependent_routine,382156549609500,382156549621200,11700,before
secret_dependent_routine,382156549622300,382156549623000,700,before
secret_dependent_routine,382156549624100,382156549635700,11600,before
secret_dependent_routine,382156549636800,382156549637500,700,before
secret_dependent_routine,382156549638500,382156549650100,11600,before
secret_dependent_routine,382156549651100,382156549651800,700,before
secret_dependent_routine,382156549652900,382156549664700,11800,before
secret_dependent_routine,382156549665800,382156549666500,700,before
secret_dependent_routine,382156549667600,382156549679400,11800,before
secret_dependent_routine,382156549680400,382156549681100,700,before
secret_dependent_routine,382156549682200,382156549693800,11600,before
secret_dependent_routine,382156549694800,382156549695500,700,before
secret_dependent_routine,382156549696500,382156549708400,11900,before
secret_dependent_routine,382156549709400,382156549710100,700,before
secret_dependent_routine,382156549711200,382156549722800,11600,before
secret_dependent_routine,382156549723800,382156549724500,700,before
secret_dependent_routine,382156549725600,382156549737300,11700,before
secret_dependent_routine,382156549738400,382156549739100,700,before
secret_dependent_routine,382156549740100,382156549751900,11800,before
secret_dependent_routine,382156549753000,382156549753800,800,before
secret_dependent_routine,382156549754900,382156549766700,11800,before
secret_dependent_routine,382156549767700,382156549768400,700,before
secret_dependent_routine,382156549769400,382156549781200,11800,before
secret_dependent_routine,382156549782200,382156549782900,700,before
secret_dependent_routine,382156549784000,382156549795600,11600,before
secret_dependent_routine,382156549796700,382156549797400,700,before
secret_dependent_routine,382156549798500,382156549810200,11700,before
secret_dependent_routine,382156549811200,382156549811900,700,before
secret_dependent_routine,382156549812900,382156549824800,11900,before
secret_dependent_routine,382156549825800,382156549826500,700,before
secret_dependent_routine,382156549827800,382156549839900,12100,before
secret_dependent_routine,382156549841000,382156549841700,700,before
secret_dependent_routine,382156549842800,382156549854400,11600,before
secret_dependent_routine,382156549855500,382156549856200,700,before
secret_dependent_routine,382156549857300,382156549869100,11800,before
secret_dependent_routine,382156549870200,382156549870900,700,before
secret_dependent_routine,382156549872300,382156549884000,11700,before
secret_dependent_routine,382156549885100,382156549885800,700,before
secret_dependent_routine,382156549886800,382156549898600,11800,before
secret_dependent_routine,382156549899700,382156549900400,700,before
secret_dependent_routine,382156549901400,382156549913300,11900,before
secret_dependent_routine,382156549914300,382156549915000,700,before
secret_dependent_routine,382156549916000,382156549927900,11900,before
secret_dependent_routine,382156549928900,382156549929600,700,before
secret_dependent_routine,382156549932400,382156549944200,11800,before
secret_dependent_routine,382156549945300,382156549946000,700,before
secret_dependent_routine,382156549947100,382156549957400,10300,before
secret_dependent_routine,382156549958400,382156549959100,700,before
secret_dependent_routine,382156549960100,382156549971900,11800,before
secret_dependent_routine,382156549973000,382156549973700,700,before
secret_dependent_routine,382156549974700,382156549986400,11700,before
secret_dependent_routine,382156549987400,382156549988100,700,before
secret_dependent_routine,382156549989200,382156550001200,12000,before
secret_dependent_routine,382156550002300,382156550002900,600,before
secret_dependent_routine,382156550004000,382156550015200,11200,before
secret_dependent_routine,382156550016300,382156550017000,700,before
secret_dependent_routine,382156550018000,382156550030300,12300,before
secret_dependent_routine,382156550031300,382156550032000,700,before
secret_dependent_routine,382156550033100,382156550044800,11700,before
secret_dependent_routine,382156550045800,382156550046500,700,before
secret_dependent_routine,382156550047500,382156550059400,11900,before
secret_dependent_routine,382156550060400,382156550061000,600,before
secret_dependent_routine,382156550062100,382156550074800,12700,before
secret_dependent_routine,382156550076100,382156550076700,600,before
secret_dependent_routine,382156550077800,382156550088500,10700,before
secret_dependent_routine,382156550089600,382156550090200,600,before
secret_dependent_routine,382156550091300,382156550101800,10500,before
secret_dependent_routine,382156550102900,382156550103500,600,before
secret_dependent_routine,382156550104600,382156550115400,10800,before
secret_dependent_routine,382156550116500,382156550117100,600,before
secret_dependent_routine,382156550118100,382156550129000,10900,before
secret_dependent_routine,382156550130000,382156550130600,600,before
secret_dependent_routine,382156550132000,382156550153800,21800,before
secret_dependent_routine,382156550156700,382156550157500,800,before
secret_dependent_routine,382156550158600,382156550169100,10500,before
secret_dependent_routine,382156550170300,382156550170900,600,before
secret_dependent_routine,382156550172000,382156550182500,10500,before
secret_dependent_routine,382156550183600,382156550184300,700,before
secret_dependent_routine,382156550185300,382156550195800,10500,before
secret_dependent_routine,382156550196900,382156550197600,700,before
secret_dependent_routine,382156550198800,382156550210400,11600,before
secret_dependent_routine,382156550211600,382156550212300,700,before
secret_dependent_routine,382156550213400,382156550225100,11700,before
secret_dependent_routine,382156550226200,382156550226900,700,before
secret_dependent_routine,382156550228000,382156550239700,11700,before
secret_dependent_routine,382156550240800,382156550241500,700,before
secret_dependent_routine,382156550242600,382156550253900,11300,before
secret_dependent_routine,382156550255000,382156550255800,800,before
secret_dependent_routine,382156550256900,382156550268200,11300,before
secret_dependent_routine,382156550269400,382156550270100,700,before
secret_dependent_routine,382156550271200,382156550282400,11200,before
secret_dependent_routine,382156550283600,382156550284300,700,before
secret_dependent_routine,382156550285500,382156550296800,11300,before
secret_dependent_routine,382156550298000,382156550298600,600,before
secret_dependent_routine,382156550299800,382156550311100,11300,before
secret_dependent_routine,382156550312300,382156550313000,700,before
secret_dependent_routine,382156550314100,382156550325400,11300,before
secret_dependent_routine,382156550326600,382156550327200,600,before
secret_dependent_routine,382156550328400,382156550339500,11100,before
secret_dependent_routine,382156550340700,382156550341300,600,before
secret_dependent_routine,382156550342500,382156550353600,11100,before
secret_dependent_routine,382156550354800,382156550355500,700,before
secret_dependent_routine,382156550356600,382156550367900,11300,before
secret_dependent_routine,382156550369000,382156550369700,700,before
secret_dependent_routine,382156550370800,382156550383200,12400,before
secret_dependent_routine,382156550384600,382156550385300,700,before
secret_dependent_routine,382156550386500,382156550397400,10900,before
secret_dependent_routine,382156550398700,382156550399400,700,before
secret_dependent_routine,382156550400800,382156550412000,11200,before
secret_dependent_routine,382156550413200,382156550413900,700,before
secret_dependent_routine,382156550415000,382156550426700,11700,before
secret_dependent_routine,382156550428000,382156550428700,700,before
secret_dependent_routine,382156550429900,382156550441500,11600,before
secret_dependent_routine,382156550442600,382156550443300,700,before
secret_dependent_routine,382156550444500,382156550456200,11700,before
secret_dependent_routine,382156550458600,382156550459400,800,before
secret_dependent_routine,382156550460600,382156550471600,11000,before
secret_dependent_routine,382156550472800,382156550473500,700,before
secret_dependent_routine,382156550474600,382156550485800,11200,before
secret_dependent_routine,382156550487000,382156550487800,800,before
secret_dependent_routine,382156550488900,382156550500600,11700,before
secret_dependent_routine,382156550501700,382156550502500,800,before
secret_dependent_routine,382156550503600,382156550516300,12700,before
secret_dependent_routine,382156550517400,382156550518000,600,before
secret_dependent_routine,382156550519000,382156550530100,11100,before
secret_dependent_routine,382156550531200,382156550531800,600,before
secret_dependent_routine,382156550532900,382156550543900,11000,before
secret_dependent_routine,382156550545000,382156550545700,700,before
secret_dependent_routine,382156550546700,382156550557700,11000,before
secret_dependent_routine,382156550558800,382156550559500,700,before
secret_dependent_routine,382156550560500,382156550571100,10600,before
secret_dependent_routine,382156550572100,382156550572800,700,before
secret_dependent_routine,382156550573900,382156550584800,10900,before
secret_dependent_routine,382156550585900,382156550586500,600,before
secret_dependent_routine,382156550587600,382156550598900,11300,before
secret_dependent_routine,382156550599900,382156550600500,600,before
secret_dependent_routine,382156550601600,382156550612400,10800,before
secret_dependent_routine,382156550613500,382156550614200,700,before
secret_dependent_routine,382156550615200,382156550626100,10900,before
secret_dependent_routine,382156550627200,382156550627800,600,before
secret_dependent_routine,382156550628800,382156550639700,10900,before
secret_dependent_routine,382156550640800,382156550641400,600,before
secret_dependent_routine,382156550642400,382156550653300,10900,before
secret_dependent_routine,382156550654300,382156550654900,600,before
secret_dependent_routine,382156550658100,382156550669100,11000,before
secret_dependent_routine,382156550670400,382156550671100,700,before
secret_dependent_routine,382156550672100,382156550683200,11100,before
secret_dependent_routine,382156550684300,382156550686100,1800,before
secret_dependent_routine,382156550687300,382156550697800,10500,before
secret_dependent_routine,382156550698900,382156550699500,600,before
secret_dependent_routine,382156550700600,382156550711600,11000,before
secret_dependent_routine,382156550712600,382156550713300,700,before
secret_dependent_routine,382156550714400,382156550725300,10900,before
secret_dependent_routine,382156550726400,382156550727100,700,before
secret_dependent_routine,382156550728100,382156550739000,10900,before
secret_dependent_routine,382156550740100,382156550740800,700,before
secret_dependent_routine,382156550741900,382156550752700,10800,before
secret_dependent_routine,382156550754800,382156550755500,700,before
secret_dependent_routine,382156550756700,382156550767200,10500,before
secret_dependent_routine,382156550768400,382156550769000,600,before
secret_dependent_routine,382156550770100,382156550780500,10400,before
secret_dependent_routine,382156550781600,382156550782200,600,before
secret_dependent_routine,382156550783300,382156550794100,10800,before
secret_dependent_routine,382156550795200,382156550795800,600,before
secret_dependent_routine,382156550796900,382156550807300,10400,before
secret_dependent_routine,382156550808400,382156550809000,600,before
secret_dependent_routine,382156550810000,382156550820200,10200,before
secret_dependent_routine,382156550821300,382156550821900,600,before
secret_dependent_routine,382156550823000,382156550833400,10400,before
secret_dependent_routine,382156550834500,382156550835100,600,before
secret_dependent_routine,382156550836200,382156550846600,10400,before
secret_dependent_routine,382156550847700,382156550848300,600,before
secret_dependent_routine,382156550849400,382156550859700,10300,before
secret_dependent_routine,382156550860700,382156550861300,600,before
secret_dependent_routine,382156550862400,382156550872600,10200,before
secret_dependent_routine,382156550873600,382156550874200,600,before
secret_dependent_routine,382156550875300,382156550885500,10200,before
secret_dependent_routine,382156550886600,382156550887200,600,before
secret_dependent_routine,382156550888200,382156550898600,10400,before
secret_dependent_routine,382156550899600,382156550900300,700,before
secret_dependent_routine,382156550901400,382156550911700,10300,before
secret_dependent_routine,382156550914200,382156550914900,700,before
secret_dependent_routine,382156550916000,382156550926400,10400,before
secret_dependent_routine,382156550927600,382156550928200,600,before
secret_dependent_routine,382156550929300,382156550939600,10300,before
secret_dependent_routine,382156550940700,382156550941300,600,before
secret_dependent_routine,382156550942300,382156550952800,10500,before
secret_dependent_routine,382156550953800,382156550954400,600,before
secret_dependent_routine,382156550955500,382156550965900,10400,before
secret_dependent_routine,382156550967000,382156550968700,1700,before
secret_dependent_routine,382156550969800,382156550981000,11200,before
secret_dependent_routine,382156550982200,382156550982800,600,before
secret_dependent_routine,382156550983900,382156550994200,10300,before
secret_dependent_routine,382156550995400,382156550996000,600,before
secret_dependent_routine,382156550997100,382156551007400,10300,before
secret_dependent_routine,382156551008500,382156551009200,700,before
secret_dependent_routine,382156551010300,382156551020500,10200,before
secret_dependent_routine,382156551021600,382156551022300,700,before
secret_dependent_routine,382156551023300,382156551033600,10300,before
secret_dependent_routine,382156551034700,382156551035400,700,before
secret_dependent_routine,382156551037600,382156551047800,10200,before
secret_dependent_routine,382156551048900,382156551049500,600,before
secret_dependent_routine,382156551050700,382156551061400,10700,before
secret_dependent_routine,382156551062600,382156551063200,600,before
secret_dependent_routine,382156551064300,382156551074700,10400,before
secret_dependent_routine,382156551075800,382156551076400,600,before
secret_dependent_routine,382156551077600,382156551088000,10400,before
secret_dependent_routine,382156551089100,382156551089800,700,before
secret_dependent_routine,382156551090800,382156551101500,10700,before
secret_dependent_routine,382156551102600,382156551103200,600,before
secret_dependent_routine,382156551104300,382156551114400,10100,before
secret_dependent_routine,382156551115400,382156551116000,600,before
secret_dependent_routine,382156551117200,382156551127700,10500,before
secret_dependent_routine,382156551128800,382156551129400,600,before
secret_dependent_routine,382156551130500,382156551141100,10600,before
secret_dependent_routine,382156551142200,382156551142800,600,before
secret_dependent_routine,382156551151800,382156551163100,11300,before
secret_dependent_routine,382156551165600,382156551166300,700,before
secret_dependent_routine,382156551167400,382156551178100,10700,before
secret_dependent_routine,382156551179200,382156551179900,700,before
secret_dependent_routine,382156551180900,382156551191400,10500,before
secret_dependent_routine,382156551192500,382156551193100,600,before
secret_dependent_routine,382156551194100,382156551205200,11100,before
secret_dependent_routine,382156551206400,382156551207100,700,before
secret_dependent_routine,382156551208300,382156551220100,11800,before
secret_dependent_routine,382156551221400,382156551222000,600,before
secret_dependent_routine,382156551223200,382156551234700,11500,before
secret_dependent_routine,382156551235900,382156551236600,700,before
secret_dependent_routine,382156551237800,382156551249300,11500,before
secret_dependent_routine,382156551250500,382156551251200,700,before
secret_dependent_routine,382156551252400,382156551264000,11600,before
secret_dependent_routine,382156551378300,382156551379100,800,before
secret_dependent_routine,382156551380400,382156551395100,14700,before
secret_dependent_routine,382156551396600,382156551397200,600,before
secret_dependent_routine,382156551398500,382156551410100,11600,before
secret_dependent_routine,382156551411300,382156551412000,700,before
secret_dependent_routine,382156551413300,382156551424900,11600,before
secret_dependent_routine,382156551426100,382156551426800,700,before
secret_dependent_routine,382156551428000,382156551439800,11800,before
secret_dependent_routine,382156551441000,382156551441700,700,before
secret_dependent_routine,382156551442900,382156551454700,11800,before
secret_dependent_routine,382156551455900,382156551456600,700,before
secret_dependent_routine,382156551457800,382156551469800,12000,before
secret_dependent_routine,382156551479700,382156551480500,800,before
secret_dependent_routine,382156551481800,382156551494400,12600,before
secret_dependent_routine,382156551495700,382156551496400,700,before
secret_dependent_routine,382156551497700,382156551510200,12500,before
secret_dependent_routine,382156551511500,382156551512300,800,before
secret_dependent_routine,382156551513500,382156551526100,12600,before
secret_dependent_routine,382156551527400,382156551528200,800,before
secret_dependent_routine,382156551529500,382156551542300,12800,before
secret_dependent_routine,382156551544300,382156551545600,1300,before
secret_dependent_routine,382156551547500,382156551569400,21900,before
secret_dependent_routine,382156551572400,382156551573200,800,before
secret_dependent_routine,382156551574600,382156551590800,16200,before
secret_dependent_routine,382156551592600,382156551593800,1200,before
secret_dependent_routine,382156551598600,382156551620100,21500,before
secret_dependent_routine,382156551622800,382156551624300,1500,before
secret_dependent_routine,382156551626600,382156551646500,19900,before
secret_dependent_routine,382156551648400,382156551650000,1600,before
secret_dependent_routine,382156551652100,382156551673200,21100,before
secret_dependent_routine,382156551675400,382156551676700,1300,before
secret_dependent_routine,382156551678900,382156551697700,18800,before
secret_dependent_routine,382156551699400,382156551700100,700,before
secret_dependent_routine,382156551701500,382156551713400,11900,before
secret_dependent_routine,382156551714600,382156551715300,700,before
secret_dependent_routine,382156551716600,382156551728500,11900,before
secret_dependent_routine,382156551729800,382156551730500,700,before
secret_dependent_routine,382156551731900,382156551744100,12200,before
secret_dependent_routine,382156551745500,382156551746200,700,before
secret_dependent_routine,382156551747500,382156551759600,12100,before
secret_dependent_routine,382156551760800,382156551761500,700,before
secret_dependent_routine,382156551762700,382156551774900,12200,before
secret_dependent_routine,382156551776100,382156551777600,1500,before
secret_dependent_routine,382156551779700,382156551803700,24000,before
secret_dependent_routine,382156551806100,382156551807600,1500,before
secret_dependent_routine,382156551809400,382156551822000,12600,before
secret_dependent_routine,382156551823200,382156551824000,800,before
secret_dependent_routine,382156551825300,382156551837300,12000,before
secret_dependent_routine,382156551838600,382156551839300,700,before
secret_dependent_routine,382156551840600,382156551854300,13700,before
secret_dependent_routine,382156551856500,382156551857800,1300,before
secret_dependent_routine,382156551859500,382156551875600,16100,before
secret_dependent_routine,382156551876900,382156551877700,800,before
secret_dependent_routine,382156551879100,382156551891700,12600,before
secret_dependent_routine,382156551894400,382156551895200,800,before
secret_dependent_routine,382156551896600,382156551908900,12300,before
secret_dependent_routine,382156551910100,382156551910900,800,before
secret_dependent_routine,382156551912200,382156551925400,13200,before
secret_dependent_routine,382156551926700,382156551927500,800,before
secret_dependent_routine,382156551930100,382156551942500,12400,before
secret_dependent_routine,382156551943800,382156551944600,800,before
secret_dependent_routine,382156551945800,382156551958000,12200,before
secret_dependent_routine,382156551959300,382156551960100,800,before
secret_dependent_routine,382156551961400,382156551973800,12400,before
secret_dependent_routine,382156551975100,382156551975800,700,before
secret_dependent_routine,382156551977000,382156551989500,12500,before
secret_dependent_routine,382156551991400,382156551992200,800,before
secret_dependent_routine,382156551993400,382156552005800,12400,before
secret_dependent_routine,382156552007100,382156552007800,700,before
secret_dependent_routine,382156552009100,382156552021700,12600,before
secret_dependent_routine,382156552022900,382156552023600,700,before
secret_dependent_routine,382156552024900,382156552037200,12300,before
secret_dependent_routine,382156552038400,382156552039200,800,before
secret_dependent_routine,382156552040500,382156552053000,12500,before
secret_dependent_routine,382156552054200,382156552055000,800,before
secret_dependent_routine,382156552056300,382156552071800,15500,before
secret_dependent_routine,382156552073700,382156552074700,1000,before
secret_dependent_routine,382156552076300,382156552095900,19600,before
secret_dependent_routine,382156552097700,382156552098900,1200,before
secret_dependent_routine,382156552101000,382156552119100,18100,before
secret_dependent_routine,382156552121100,382156552122100,1000,before
secret_dependent_routine,382156552123700,382156552149600,25900,before
secret_dependent_routine,382156552152900,382156552154400,1500,before
secret_dependent_routine,382156552156600,382156552175000,18400,before
secret_dependent_routine,382156552177200,382156552178300,1100,before
secret_dependent_routine,382156552180300,382156552200100,19800,before
secret_dependent_routine,382156552202400,382156552206200,3800,before
secret_dependent_routine,382156552208100,382156552228500,20400,before
secret_dependent_routine,382156552230100,382156552230900,800,before
secret_dependent_routine,382156552232200,382156552248500,16300,before
secret_dependent_routine,382156552250400,382156552251600,1200,before
secret_dependent_routine,382156552253600,382156552274800,21200,before
secret_dependent_routine,382156552277100,382156552278300,1200,before
secret_dependent_routine,382156552280300,382156552300600,20300,before
secret_dependent_routine,382156552302700,382156552303700,1000,before
secret_dependent_routine,382156552307500,382156552324500,17000,before
secret_dependent_routine,382156552328000,382156552329300,1300,before
secret_dependent_routine,382156552331000,382156552350600,19600,before
secret_dependent_routine,382156552352600,382156552354200,1600,before
secret_dependent_routine,382156552356400,382156552377100,20700,before
secret_dependent_routine,382156552379000,382156552380700,1700,before
secret_dependent_routine,382156552382800,382156552401400,18600,before
secret_dependent_routine,382156552403000,382156552403800,800,before
secret_dependent_routine,382156552405000,382156552423400,18400,before
secret_dependent_routine,382156552425500,382156552426800,1300,before
secret_dependent_routine,382156552428900,382156552450800,21900,before
secret_dependent_routine,382156552453000,382156552454300,1300,before
secret_dependent_routine,382156552456400,382156552474400,18000,before
secret_dependent_routine,382156552476000,382156552476900,900,before
secret_dependent_routine,382156552478200,382156552490000,11800,before
secret_dependent_routine,382156552491300,382156552492100,800,before
secret_dependent_routine,382156552493400,382156552505400,12000,before
secret_dependent_routine,382156552506700,382156552507400,700,before
secret_dependent_routine,382156552508600,382156552520600,12000,before
secret_dependent_routine,382156552521900,382156552522700,800,before
secret_dependent_routine,382156552523900,382156552542900,19000,before
secret_dependent_routine,382156552545100,382156552546200,1100,before
secret_dependent_routine,382156552547600,382156552566500,18900,before
secret_dependent_routine,382156552568800,382156552570300,1500,before
secret_dependent_routine,382156552572200,382156552591500,19300,before
secret_dependent_routine,382156552593700,382156552595000,1300,before
secret_dependent_routine,382156552597200,382156552613600,16400,before
secret_dependent_routine,382156552615000,382156552615800,800,before
secret_dependent_routine,382156552617100,382156552629400,12300,before
secret_dependent_routine,382156552630600,382156552631400,800,before
secret_dependent_routine,382156552632600,382156552644900,12300,before
secret_dependent_routine,382156552646200,382156552646900,700,before
secret_dependent_routine,382156552648100,382156552660300,12200,before
secret_dependent_routine,382156552661600,382156552664500,2900,before
secret_dependent_routine,382156552665800,382156552678400,12600,before
secret_dependent_routine,382156552679700,382156552680500,800,before
secret_dependent_routine,382156552683000,382156552695400,12400,before
secret_dependent_routine,382156552696600,382156552697400,800,before
secret_dependent_routine,382156552698700,382156552711200,12500,before
secret_dependent_routine,382156552712400,382156552713200,800,before
secret_dependent_routine,382156552714400,382156552727300,12900,before
secret_dependent_routine,382156552728500,382156552729300,800,before
secret_dependent_routine,382156552730600,382156552743400,12800,before
secret_dependent_routine,382156552744600,382156552745400,800,before
secret_dependent_routine,382156552748200,382156552761000,12800,before
secret_dependent_routine,382156552762400,382156552763100,700,before
secret_dependent_routine,382156552764300,382156552778200,13900,before
secret_dependent_routine,382156552779600,382156552780400,800,before
secret_dependent_routine,382156552781600,382156552795500,13900,before
secret_dependent_routine,382156552796800,382156552797600,800,before
secret_dependent_routine,382156552798900,382156552811900,13000,before
secret_dependent_routine,382156552813200,382156552813900,700,before
secret_dependent_routine,382156552815200,382156552828100,12900,before
secret_dependent_routine,382156552829400,382156552830200,800,before
secret_dependent_routine,382156552831400,382156552844400,13000,before
secret_dependent_routine,382156552845800,382156552846600,800,before
secret_dependent_routine,382156552847900,382156552860900,13000,before
secret_dependent_routine,382156552862200,382156552863000,800,before
secret_dependent_routine,382156552868700,382156552881900,13200,before
secret_dependent_routine,382156552883300,382156552884100,800,before
secret_dependent_routine,382156552885300,382156552898200,12900,before
secret_dependent_routine,382156552899500,382156552900300,800,before
secret_dependent_routine,382156552901600,382156552914800,13200,before
secret_dependent_routine,382156552916100,382156552916800,700,before
secret_dependent_routine,382156552918100,382156552931000,12900,before
secret_dependent_routine,382156552932300,382156552933100,800,before
secret_dependent_routine,382156552934400,382156552947300,12900,before
secret_dependent_routine,382156552948600,382156552949400,800,before
secret_dependent_routine,382156552950600,382156552963900,13300,before
secret_dependent_routine,382156552965100,382156552965900,800,before
secret_dependent_routine,382156552967200,382156552979900,12700,before
secret_dependent_routine,382156552981100,382156552982000,900,before
secret_dependent_routine,382156552984800,382156552997100,12300,before
secret_dependent_routine,382156552998400,382156552999100,700,before
secret_dependent_routine,382156553000400,382156553013100,12700,before
secret_dependent_routine,382156553014300,382156553015100,800,before
secret_dependent_routine,382156553016400,382156553032500,16100,before
secret_dependent_routine,382156553034000,382156553034700,700,before
secret_dependent_routine,382156553036100,382156553048200,12100,before
secret_dependent_routine,382156553049500,382156553050300,800,before
secret_dependent_routine,382156553051600,382156553064600,13000,before
secret_dependent_routine,382156553065900,382156553066700,800,before
secret_dependent_routine,382156553068000,382156553080600,12600,before
secret_dependent_routine,382156553081900,382156553082700,800,before
secret_dependent_routine,382156553083900,382156553096800,12900,before
secret_dependent_routine,382156553098100,382156553098900,800,before
secret_dependent_routine,382156553100100,382156553112700,12600,before
secret_dependent_routine,382156553115400,382156553116200,800,before
secret_dependent_routine,382156553117500,382156553130300,12800,before
secret_dependent_routine,382156553131600,382156553132300,700,before
secret_dependent_routine,382156553133600,382156553150900,17300,before
secret_dependent_routine,382156553152700,382156553153600,900,before
secret_dependent_routine,382156553155000,382156553167600,12600,before
secret_dependent_routine,382156553168900,382156553169700,800,before
secret_dependent_routine,382156553170900,382156553183400,12500,before
secret_dependent_routine,382156553184800,382156553185500,700,before
secret_dependent_routine,382156553186800,382156553199000,12200,before
secret_dependent_routine,382156553200100,382156553200800,700,before
secret_dependent_routine,382156553201800,382156553212700,10900,before
secret_dependent_routine,382156553215000,382156553215600,600,before
secret_dependent_routine,382156553216700,382156553227300,10600,before
secret_dependent_routine,382156553228300,382156553229000,700,before
secret_dependent_routine,382156553230000,382156553240500,10500,before
secret_dependent_routine,382156553241600,382156553242300,700,before
secret_dependent_routine,382156553243300,382156553254000,10700,before
secret_dependent_routine,382156553255000,382156553255700,700,before
secret_dependent_routine,382156553256800,382156553267500,10700,before
secret_dependent_routine,382156553268500,382156553269200,700,before
secret_dependent_routine,382156553270300,382156553281000,10700,before
secret_dependent_routine,382156553283400,382156553284000,600,before
secret_dependent_routine,382156553285100,382156553295800,10700,before
secret_dependent_routine,382156553296900,382156553297500,600,before
secret_dependent_routine,382156553298600,382156553309200,10600,before
secret_dependent_routine,382156553310300,382156553311000,700,before
secret_dependent_routine,382156553312100,382156553322600,10500,before
secret_dependent_routine,382156553323700,382156553324300,600,before
secret_dependent_routine,382156553325400,382156553336200,10800,before
secret_dependent_routine,382156553337200,382156553337900,700,before
secret_dependent_routine,382156553338900,382156553350500,11600,before
secret_dependent_routine,382156553351700,382156553352300,600,before
secret_dependent_routine,382156553353400,382156553364100,10700,before
secret_dependent_routine,382156553365200,382156553365800,600,before
secret_dependent_routine,382156553366900,382156553377700,10800,before
secret_dependent_routine,382156553378700,382156553379400,700,before
secret_dependent_routine,382156553380500,382156553391100,10600,before
secret_dependent_routine,382156553392200,382156553392900,700,before
secret_dependent_routine,382156553394000,382156553404200,10200,before
secret_dependent_routine,382156553405300,382156553405900,600,before
secret_dependent_routine,382156553407000,382156553417500,10500,before
secret_dependent_routine,382156553419800,382156553420400,600,before
secret_dependent_routine,382156553421600,382156553432100,10500,before
secret_dependent_routine,382156553433200,382156553433900,700,before
secret_dependent_routine,382156553434900,382156553445700,10800,before
secret_dependent_routine,382156553446800,382156553447400,600,before
secret_dependent_routine,382156553448500,382156553459000,10500,before
secret_dependent_routine,382156553460100,382156553460800,700,before
secret_dependent_routine,382156553461900,382156553472700,10800,before
secret_dependent_routine,382156553473800,382156553474400,600,before
secret_dependent_routine,382156553475500,382156553486100,10600,before
secret_dependent_routine,382156553487300,382156553487900,600,before
secret_dependent_routine,382156553489000,382156553499500,10500,before
secret_dependent_routine,382156553500500,382156553501200,700,before
secret_dependent_routine,382156553502300,382156553513100,10800,before
secret_dependent_routine,382156553514200,382156553514800,600,before
secret_dependent_routine,382156553515900,382156553526700,10800,before
secret_dependent_routine,382156553529200,382156553529900,700,before
secret_dependent_routine,382156553531000,382156553541800,10800,before
secret_dependent_routine,382156553542900,382156553543500,600,before
secret_dependent_routine,382156553544600,382156553555400,10800,before
secret_dependent_routine,382156553556600,382156553557200,600,before
secret_dependent_routine,382156553558200,382156553568900,10700,before
secret_dependent_routine,382156553570000,382156553570600,600,before
secret_dependent_routine,382156553571700,382156553582200,10500,before
secret_dependent_routine,382156553583400,382156553584000,600,before
secret_dependent_routine,382156553585100,382156553596100,11000,before
secret_dependent_routine,382156553597200,382156553597900,700,before
secret_dependent_routine,382156553598900,382156553609800,10900,before
secret_dependent_routine,382156553610900,382156553611500,600,before
secret_dependent_routine,382156553612600,382156553623600,11000,before
secret_dependent_routine,382156553624700,382156553625300,600,before
secret_dependent_routine,382156553626300,382156553637200,10900,before
secret_dependent_routine,382156553638300,382156553640100,1800,before
secret_dependent_routine,382156553641200,382156553652000,10800,before
secret_dependent_routine,382156553653100,382156553653800,700,before
secret_dependent_routine,382156553654900,382156553665600,10700,before
secret_dependent_routine,382156553666700,382156553667300,600,before
secret_dependent_routine,382156553668500,382156553679200,10700,before
secret_dependent_routine,382156553680300,382156553681000,700,before
secret_dependent_routine,382156553682000,382156553692800,10800,before
secret_dependent_routine,382156553694000,382156553694600,600,before
secret_dependent_routine,382156553695700,382156553706000,10300,before
secret_dependent_routine,382156553708200,382156553709000,800,before
secret_dependent_routine,382156553710300,382156553721400,11100,before
secret_dependent_routine,382156553722700,382156553723300,600,before
secret_dependent_routine,382156553724400,382156553735600,11200,before
secret_dependent_routine,382156553736700,382156553737300,600,before
secret_dependent_routine,382156553738400,382156553749100,10700,before
secret_dependent_routine,382156553750300,382156553751000,700,before
secret_dependent_routine,382156553752100,382156553763400,11300,before
secret_dependent_routine,382156553764500,382156553765100,600,before
secret_dependent_routine,382156553766200,382156553777200,11000,before
secret_dependent_routine,382156553779500,382156553780200,700,before
secret_dependent_routine,382156553781300,382156553791800,10500,before
secret_dependent_routine,382156553792900,382156553793600,700,before
secret_dependent_routine,382156553794600,382156553805100,10500,before
secret_dependent_routine,382156553806100,382156553806800,700,before
secret_dependent_routine,382156553807900,382156553818300,10400,before
secret_dependent_routine,382156553819300,382156553819900,600,before
secret_dependent_routine,382156553821000,382156553831300,10300,before
secret_dependent_routine,382156553832400,382156553833000,600,before
secret_dependent_routine,382156553834100,382156553844300,10200,before
secret_dependent_routine,382156553845300,382156553845900,600,before
secret_dependent_routine,382156553847000,382156553857300,10300,before
secret_dependent_routine,382156553858500,382156553859100,600,before
secret_dependent_routine,382156553860200,382156553870600,10400,before
secret_dependent_routine,382156553871600,382156553872300,700,before
secret_dependent_routine,382156553873300,382156553884600,11300,before
secret_dependent_routine,382156553885700,382156553886300,600,before
secret_dependent_routine,382156553887400,382156553898300,10900,before
secret_dependent_routine,382156553899400,382156553900100,700,before
secret_dependent_routine,382156553901100,382156553912400,11300,before
secret_dependent_routine,382156553913500,382156553914100,600,before
secret_dependent_routine,382156553923900,382156553934300,10400,before
secret_dependent_routine,382156553935500,382156553938100,2600,before
secret_dependent_routine,382156553939200,382156553949800,10600,before
secret_dependent_routine,382156553950800,382156553951500,700,before
secret_dependent_routine,382156553952600,382156553963200,10600,before
secret_dependent_routine,382156553964300,382156553964900,600,before
secret_dependent_routine,382156553966000,382156553976400,10400,before
secret_dependent_routine,382156553977400,382156553978000,600,before
secret_dependent_routine,382156553979200,382156553989300,10100,before
secret_dependent_routine,382156553990400,382156553991000,600,before
secret_dependent_routine,382156553992100,382156554002500,10400,before
secret_dependent_routine,382156554003500,382156554004200,700,before
secret_dependent_routine,382156554006400,382156554017300,10900,before
secret_dependent_routine,382156554018400,382156554019000,600,before
secret_dependent_routine,382156554020200,382156554030400,10200,before
secret_dependent_routine,382156554032600,382156554033300,700,before
secret_dependent_routine,382156554034400,382156554044900,10500,before
secret_dependent_routine,382156554045900,382156554046600,700,before
secret_dependent_routine,382156554047600,382156554058000,10400,before
secret_dependent_routine,382156554059100,382156554059700,600,before
secret_dependent_routine,382156554060800,382156554071300,10500,before
secret_dependent_routine,382156554072400,382156554073100,700,before
secret_dependent_routine,382156554074100,382156554084500,10400,before
secret_dependent_routine,382156554085600,382156554086200,600,before
secret_dependent_routine,382156554087300,382156554098000,10700,before
secret_dependent_routine,382156554099000,382156554099600,600,before
secret_dependent_routine,382156554100700,382156554111400,10700,before
secret_dependent_routine,382156554112400,382156554113100,700,before
secret_dependent_routine,382156554114200,382156554125100,10900,before
secret_dependent_routine,382156554126200,382156554126900,700,before
secret_dependent_routine,382156554128100,382156554138800,10700,before
secret_dependent_routine,382156554139800,382156554140500,700,before
secret_dependent_routine,382156554141600,382156554161200,19600,before
secret_dependent_routine,382156554162700,382156554163500,800,before
secret_dependent_routine,382156554164700,382156554175300,10600,before
secret_dependent_routine,382156554176400,382156554177000,600,before
secret_dependent_routine,382156554178100,382156554188600,10500,before
secret_dependent_routine,382156554189700,382156554190300,600,before
secret_dependent_routine,382156554191300,382156554202100,10800,before
secret_dependent_routine,382156554203200,382156554203800,600,before
secret_dependent_routine,382156554205100,382156554216100,11000,before
secret_dependent_routine,382156554217300,382156554218000,700,before
secret_dependent_routine,382156554219100,382156554230400,11300,before
secret_dependent_routine,382156554231500,382156554232200,700,before
secret_dependent_routine,382156554233300,382156554248200,14900,before
secret_dependent_routine,382156554249600,382156554250300,700,before
secret_dependent_routine,382156554251500,382156554262500,11000,before
secret_dependent_routine,382156554263700,382156554264400,700,before
secret_dependent_routine,382156554265600,382156554276800,11200,before
secret_dependent_routine,382156554278100,382156554278700,600,before
secret_dependent_routine,382156554279900,382156554291500,11600,before
secret_dependent_routine,382156554292700,382156554293400,700,before
secret_dependent_routine,382156554295800,382156554307100,11300,before
secret_dependent_routine,382156554308300,382156554308900,600,before
secret_dependent_routine,382156554310100,382156554321200,11100,before
secret_dependent_routine,382156554323700,382156554324500,800,before
secret_dependent_routine,382156554325700,382156554337700,12000,before
secret_dependent_routine,382156554338900,382156554339600,700,before
secret_dependent_routine,382156554340800,382156554352200,11400,before
secret_dependent_routine,382156554353300,382156554354000,700,before
secret_dependent_routine,382156554355200,382156554366900,11700,before
secret_dependent_routine,382156554368000,382156554368800,800,before
secret_dependent_routine,382156554369900,382156554381700,11800,before
secret_dependent_routine,382156554382900,382156554383600,700,before
secret_dependent_routine,382156554384800,382156554396600,11800,before
secret_dependent_routine,382156554397700,382156554398400,700,before
secret_dependent_routine,382156554399600,382156554411200,11600,before
secret_dependent_routine,382156554412400,382156554413100,700,before
secret_dependent_routine,382156554414300,382156554425800,11500,before
secret_dependent_routine,382156554426900,382156554427600,700,before
secret_dependent_routine,382156554428700,382156554440700,12000,before
secret_dependent_routine,382156554441800,382156554442500,700,before
secret_dependent_routine,382156554443700,382156554455400,11700,before
secret_dependent_routine,382156554456500,382156554457300,800,before
secret_dependent_routine,382156554458400,382156554470200,11800,before
secret_dependent_routine,382156554471400,382156554472100,700,before
secret_dependent_routine,382156554473200,382156554484700,11500,before
secret_dependent_routine,382156554485900,382156554486600,700,before
secret_dependent_routine,382156554487700,382156554499300,11600,before
secret_dependent_routine,382156554500500,382156554501100,600,before
secret_dependent_routine,382156554502300,382156554515000,12700,before
secret_dependent_routine,382156554516000,382156554516700,700,before
secret_dependent_routine,382156554517800,382156554528500,10700,before
secret_dependent_routine,382156554529500,382156554530100,600,before
secret_dependent_routine,382156554531200,382156554541900,10700,before
secret_dependent_routine,382156554543000,382156554543600,600,before
secret_dependent_routine,382156554544700,382156554556600,11900,before
secret_dependent_routine,382156554557700,382156554558400,700,before
secret_dependent_routine,382156554560600,382156554571300,10700,before
secret_dependent_routine,382156554572400,382156554573100,700,before
secret_dependent_routine,382156554574200,382156554584900,10700,before
secret_dependent_routine,382156554585900,382156554586600,700,before
secret_dependent_routine,382156554587700,382156554598400,10700,before
secret_dependent_routine,382156554599600,382156554600300,700,before
secret_dependent_routine,382156554601300,382156554612000,10700,before
secret_dependent_routine,382156554613200,382156554613800,600,before
secret_dependent_routine,382156554614900,382156554625100,10200,before
secret_dependent_routine,382156554627200,382156554628000,800,before
secret_dependent_routine,382156554629100,382156554639800,10700,before
secret_dependent_routine,382156554640900,382156554641600,700,before
secret_dependent_routine,382156554642600,382156554658200,15600,before
secret_dependent_routine,382156554659800,382156554660600,800,before
secret_dependent_routine,382156554661700,382156554672100,10400,before
secret_dependent_routine,382156554673200,382156554673800,600,before
secret_dependent_routine,382156554674900,382156554685600,10700,before
secret_dependent_routine,382156554686600,382156554687300,700,before
secret_dependent_routine,382156554688300,382156554698900,10600,before
secret_dependent_routine,382156554700000,382156554700600,600,before
secret_dependent_routine,382156554701600,382156554712400,10800,before
secret_dependent_routine,382156554713500,382156554714100,600,before
secret_dependent_routine,382156554715100,382156554725500,10400,before
secret_dependent_routine,382156554726600,382156554727200,600,before
secret_dependent_routine,382156554728300,382156554739000,10700,before
secret_dependent_routine,382156554740000,382156554740700,700,before
secret_dependent_routine,382156554741700,382156554752200,10500,before
secret_dependent_routine,382156554753200,382156554753800,600,before
secret_dependent_routine,382156554754900,382156554765700,10800,before
secret_dependent_routine,382156554766800,382156554767400,600,before
secret_dependent_routine,382156554768500,382156554778800,10300,before
secret_dependent_routine,382156554779900,382156554780500,600,before
secret_dependent_routine,382156554781500,382156554792000,10500,before
secret_dependent_routine,382156554793000,382156554793700,700,before
secret_dependent_routine,382156554794700,382156554805100,10400,before
secret_dependent_routine,382156554806100,382156554806800,700,before
secret_dependent_routine,382156554809300,382156554819800,10500,before
secret_dependent_routine,382156554820900,382156554821500,600,before
secret_dependent_routine,382156554822500,382156554833100,10600,before
secret_dependent_routine,382156554834200,382156554834800,600,before
secret_dependent_routine,382156554835900,382156554846400,10500,before
secret_dependent_routine,382156554847500,382156554849300,1800,before
secret_dependent_routine,382156554850400,382156554860900,10500,before
secret_dependent_routine,382156554862000,382156554862600,600,before
secret_dependent_routine,382156554863600,382156554936100,72500,before
secret_dependent_routine,382156554937700,382156554938300,600,before
secret_dependent_routine,382156554939500,382156554949800,10300,before
secret_dependent_routine,382156554950800,382156554951500,700,before
secret_dependent_routine,382156554952500,382156554963300,10800,before
secret_dependent_routine,382156554964500,382156554965200,700,before
secret_dependent_routine,382156554966400,382156554977900,11500,before
secret_dependent_routine,382156554980300,382156554981100,800,before
secret_dependent_routine,382156554982400,382156554994500,12100,before
secret_dependent_routine,382156554995800,382156554996600,800,before
secret_dependent_routine,382156554997800,382156555009800,12000,before
secret_dependent_routine,382156555011100,382156555011900,800,before
secret_dependent_routine,382156555013200,382156555025100,11900,before
secret_dependent_routine,382156555026500,382156555027200,700,before
secret_dependent_routine,382156555028500,382156555040500,12000,before
secret_dependent_routine,382156555041800,382156555042600,800,before
secret_dependent_routine,382156555043800,382156555055800,12000,before
secret_dependent_routine,382156555057100,382156555057800,700,before
secret_dependent_routine,382156555059100,382156555071100,12000,before
secret_dependent_routine,382156555072400,382156555073100,700,before
secret_dependent_routine,382156555074500,382156555086500,12000,before
secret_dependent_routine,382156555087800,382156555088600,800,before
secret_dependent_routine,382156555089800,382156555102100,12300,before
secret_dependent_routine,382156555103400,382156555104200,800,before
secret_dependent_routine,382156555105400,382156555117500,12100,before
secret_dependent_routine,382156555118800,382156555119500,700,before
secret_dependent_routine,382156555120800,382156555133000,12200,before
secret_dependent_routine,382156555134300,382156555135000,700,before
secret_dependent_routine,382156555144700,382156555157200,12500,before
secret_dependent_routine,382156555158600,382156555159400,800,before
secret_dependent_routine,382156555160700,382156555173000,12300,before
secret_dependent_routine,382156555174200,382156555175000,800,before
secret_dependent_routine,382156555176300,382156555188600,12300,before
secret_dependent_routine,382156555189900,382156555190600,700,before
secret_dependent_routine,382156555191900,382156555204400,12500,before
secret_dependent_routine,382156555205700,382156555206500,800,before
secret_dependent_routine,382156555207800,382156555220200,12400,before
secret_dependent_routine,382156555221500,382156555222200,700,before
secret_dependent_routine,382156555223500,382156555235800,12300,before
secret_dependent_routine,382156555237100,382156555239300,2200,before
secret_dependent_routine,382156555240600,382156555253200,12600,before
secret_dependent_routine,382156555254600,382156555255400,800,before
secret_dependent_routine,382156555256700,382156555269200,12500,before
secret_dependent_routine,382156555270500,382156555271300,800,before
secret_dependent_routine,382156555272600,382156555285200,12600,before
secret_dependent_routine,382156555286600,382156555287300,700,before
secret_dependent_routine,382156555288600,382156555301300,12700,before
secret_dependent_routine,382156555302600,382156555303400,800,before
secret_dependent_routine,382156555304800,382156555317400,12600,before
secret_dependent_routine,382156555318700,382156555319500,800,before
secret_dependent_routine,382156555322100,382156555334400,12300,before
secret_dependent_routine,382156555335800,382156555336500,700,before
secret_dependent_routine,382156555337900,382156555350200,12300,before
secret_dependent_routine,382156555351500,382156555352300,800,before
secret_dependent_routine,382156555353500,382156555366000,12500,before
secret_dependent_routine,382156555367300,382156555368000,700,before
secret_dependent_routine,382156555369400,382156555383300,13900,before
secret_dependent_routine,382156555384600,382156555385300,700,before
secret_dependent_routine,382156555386700,382156555399900,13200,before
secret_dependent_routine,382156555401200,382156555401900,700,before
secret_dependent_routine,382156555403200,382156555416200,13000,before
secret_dependent_routine,382156555417500,382156555418300,800,before
secret_dependent_routine,382156555419600,382156555432500,12900,before
secret_dependent_routine,382156555433800,382156555434600,800,before
secret_dependent_routine,382156555436000,382156555449000,13000,before
secret_dependent_routine,382156555451600,382156555452400,800,before
secret_dependent_routine,382156555453800,382156555466500,12700,before
secret_dependent_routine,382156555467800,382156555468600,800,before
secret_dependent_routine,382156555469900,382156555482300,12400,before
secret_dependent_routine,382156555483500,382156555484300,800,before
secret_dependent_routine,382156555485600,382156555498300,12700,before
secret_dependent_routine,382156555499400,382156555500100,700,before
secret_dependent_routine,382156555501200,382156555513200,12000,before
secret_dependent_routine,382156555514300,382156555514900,600,before
secret_dependent_routine,382156555516000,382156555526600,10600,before
secret_dependent_routine,382156555527700,382156555528300,600,before
secret_dependent_routine,382156555529400,382156555540200,10800,before
secret_dependent_routine,382156555541200,382156555541800,600,before
secret_dependent_routine,382156555542900,382156555553400,10500,before
secret_dependent_routine,382156555554500,382156555555100,600,before
secret_dependent_routine,382156555556200,382156555566400,10200,before
secret_dependent_routine,382156555567500,382156555568100,600,before
secret_dependent_routine,382156555569200,382156555582400,13200,before
secret_dependent_routine,382156555583800,382156555584600,800,before
secret_dependent_routine,382156555585800,382156555595900,10100,before
secret_dependent_routine,382156555597000,382156555597600,600,before
secret_dependent_routine,382156555598700,382156555608700,10000,before
secret_dependent_routine,382156555609900,382156555610500,600,before
secret_dependent_routine,382156555611600,382156555621400,9800,before
secret_dependent_routine,382156555622500,382156555623100,600,before
secret_dependent_routine,382156555624200,382156555634700,10500,before
secret_dependent_routine,382156555635800,382156555636400,600,before
secret_dependent_routine,382156555637500,382156555648000,10500,before
secret_dependent_routine,382156555658900,382156555659800,900,before
secret_dependent_routine,382156555661300,382156555671600,10300,before
secret_dependent_routine,382156555672700,382156555673300,600,before
secret_dependent_routine,382156555674500,382156555684300,9800,before
secret_dependent_routine,382156555685400,382156555686100,700,before
secret_dependent_routine,382156555687200,382156555697100,9900,before
secret_dependent_routine,382156555698200,382156555698800,600,before
secret_dependent_routine,382156555699900,382156555709900,10000,before
secret_dependent_routine,382156555715600,382156555716400,800,before
secret_dependent_routine,382156555717600,382156555729100,11500,before
secret_dependent_routine,382156555730400,382156555731100,700,before
secret_dependent_routine,382156555732300,382156555743800,11500,before
secret_dependent_routine,382156555745000,382156555745700,700,before
secret_dependent_routine,382156555746900,382156555758800,11900,before
secret_dependent_routine,382156555760100,382156555760800,700,before
secret_dependent_routine,382156555762100,382156555773700,11600,before
secret_dependent_routine,382156555774900,382156555775700,800,before
secret_dependent_routine,382156555776800,382156555788900,12100,before
secret_dependent_routine,382156555790200,382156555790900,700,before
secret_dependent_routine,382156555792100,382156555804700,12600,before
secret_dependent_routine,382156555807500,382156555808300,800,before
secret_dependent_routine,382156555809600,382156555822600,13000,before
secret_dependent_routine,382156555823900,382156555824600,700,before
secret_dependent_routine,382156555825900,382156555838900,13000,before
secret_dependent_routine,382156555840200,382156555840900,700,before
secret_dependent_routine,382156555842200,382156555855200,13000,before
secret_dependent_routine,382156555856500,382156555857300,800,before
secret_dependent_routine,382156555858500,382156555871300,12800,before
secret_dependent_routine,382156555872600,382156555873400,800,before
secret_dependent_routine,382156555874700,382156555887700,13000,before
secret_dependent_routine,382156555889000,382156555889700,700,before
secret_dependent_routine,382156555891000,382156555904800,13800,before
secret_dependent_routine,382156555906200,382156555907000,800,before
secret_dependent_routine,382156555908200,382156555920100,11900,before
secret_dependent_routine,382156555921400,382156555922200,800,before
secret_dependent_routine,382156555923500,382156555935500,12000,before
secret_dependent_routine,382156555936800,382156555937500,700,before
secret_dependent_routine,382156555938800,382156555950400,11600,before
secret_dependent_routine,382156555951700,382156555952400,700,before
secret_dependent_routine,382156555953700,382156555965600,11900,before
secret_dependent_routine,382156555966900,382156555967600,700,before
secret_dependent_routine,382156555969000,382156555981100,12100,before
secret_dependent_routine,382156555983800,382156555984700,900,before
secret_dependent_routine,382156555986000,382156555997900,11900,before
secret_dependent_routine,382156556000800,382156556001600,800,before
secret_dependent_routine,382156556002900,382156556015200,12300,before
secret_dependent_routine,382156556016500,382156556017300,800,before
secret_dependent_routine,382156556018500,382156556030100,11600,before
secret_dependent_routine,382156556031300,382156556032100,800,before
secret_dependent_routine,382156556033400,382156556045100,11700,before
secret_dependent_routine,382156556046400,382156556047200,800,before
secret_dependent_routine,382156556048500,382156556060100,11600,before
secret_dependent_routine,382156556061400,382156556062200,800,before
secret_dependent_routine,382156556063500,382156556075000,11500,before
secret_dependent_routine,382156556076200,382156556077000,800,before
secret_dependent_routine,382156556078200,382156556089900,11700,before
secret_dependent_routine,382156556091200,382156556091900,700,before
secret_dependent_routine,382156556093200,382156556105300,12100,before
secret_dependent_routine,382156556106600,382156556107300,700,before
secret_dependent_routine,382156556108500,382156556120300,11800,before
secret_dependent_routine,382156556121600,382156556122400,800,before
secret_dependent_routine,382156556123700,382156556135800,12100,before
secret_dependent_routine,382156556137100,382156556137800,700,before
secret_dependent_routine,382156556139100,382156556151000,11900,before
secret_dependent_routine,382156556152300,382156556153100,800,before
secret_dependent_routine,382156556154300,382156556166300,12000,before
secret_dependent_routine,382156556167600,382156556168400,800,before
secret_dependent_routine,382156556169700,382156556181700,12000,before
secret_dependent_routine,382156556183000,382156556183700,700,before
secret_dependent_routine,382156556185000,382156556196900,11900,before
secret_dependent_routine,382156556198200,382156556198900,700,before
secret_dependent_routine,382156556200200,382156556212100,11900,before
secret_dependent_routine,382156556213400,382156556214200,800,before
secret_dependent_routine,382156556215400,382156556227600,12200,before
secret_dependent_routine,382156556228900,382156556231300,2400,before
secret_dependent_routine,382156556232600,382156556245500,12900,before
secret_dependent_routine,382156556246900,382156556247600,700,before
secret_dependent_routine,382156556248900,382156556261900,13000,before
secret_dependent_routine,382156556263200,382156556264000,800,before
secret_dependent_routine,382156556265300,382156556278200,12900,before
secret_dependent_routine,382156556281000,382156556281800,800,before
secret_dependent_routine,382156556283100,382156556295200,12100,before
secret_dependent_routine,382156556296500,382156556297200,700,before
secret_dependent_routine,382156556298600,382156556310600,12000,before
secret_dependent_routine,382156556313100,382156556314000,900,before
secret_dependent_routine,382156556315300,382156556327300,12000,before
secret_dependent_routine,382156556328600,382156556329400,800,before
secret_dependent_routine,382156556330700,382156556342500,11800,before
secret_dependent_routine,382156556343900,382156556344700,800,before
secret_dependent_routine,382156556346000,382156556357900,11900,before
secret_dependent_routine,382156556359300,382156556360000,700,before
secret_dependent_routine,382156556361300,382156556373100,11800,before
secret_dependent_routine,382156556374500,382156556375300,800,before
secret_dependent_routine,382156556376600,382156556388500,11900,before
secret_dependent_routine,382156556389900,382156556390700,800,before
secret_dependent_routine,382156556392000,382156556403800,11800,before
secret_dependent_routine,382156556405100,382156556405900,800,before
secret_dependent_routine,382156556407100,382156556419700,12600,before
secret_dependent_routine,382156556421100,382156556421900,800,before
secret_dependent_routine,382156556423200,382156556436000,12800,before
secret_dependent_routine,382156556437300,382156556438100,800,before
secret_dependent_routine,382156556439400,382156556452200,12800,before
secret_dependent_routine,382156556453600,382156556454300,700,before
secret_dependent_routine,382156556455600,382156556468500,12900,before
secret_dependent_routine,382156556469800,382156556470500,700,before
secret_dependent_routine,382156556471900,382156556484600,12700,before
secret_dependent_routine,382156556485800,382156556486700,900,before
secret_dependent_routine,382156556488100,382156556500700,12600,before
secret_dependent_routine,382156556502000,382156556502800,800,before
secret_dependent_routine,382156556504100,382156556516800,12700,before
secret_dependent_routine,382156556518100,382156556518900,800,before
secret_dependent_routine,382156556520200,382156556532800,12600,before
secret_dependent_routine,382156556534200,382156556534900,700,before
secret_dependent_routine,382156556536300,382156556549000,12700,before
secret_dependent_routine,382156556550400,382156556551100,700,before
secret_dependent_routine,382156556563500,382156556577300,13800,before
secret_dependent_routine,382156556578700,382156556580900,2200,before
secret_dependent_routine,382156556583400,382156556595400,12000,before
secret_dependent_routine,382156556596700,382156556597500,800,before
secret_dependent_routine,382156556598800,382156556610400,11600,before
secret_dependent_routine,382156556611700,382156556612400,700,before
secret_dependent_routine,382156556613800,382156556625600,11800,before
secret_dependent_routine,382156556626900,382156556627700,800,before
secret_dependent_routine,382156556629000,382156556640600,11600,before
secret_dependent_routine,382156556641900,382156556642600,700,before
secret_dependent_routine,382156556643900,382156556665000,21100,before
secret_dependent_routine,382156556666900,382156556667800,900,before
secret_dependent_routine,382156556670600,382156556682500,11900,before
secret_dependent_routine,382156556684200,382156556685700,1500,before
secret_dependent_routine,382156556687900,382156556705400,17500,before
secret_dependent_routine,382156556706900,382156556707800,900,before
secret_dependent_routine,382156556709300,382156556729600,20300,before
secret_dependent_routine,382156556731600,382156556732800,1200,before
secret_dependent_routine,382156556734900,382156556756200,21300,before
secret_dependent_routine,382156556757900,382156556758700,800,before
secret_dependent_routine,382156556760200,382156556773900,13700,before
secret_dependent_routine,382156556775500,382156556776300,800,before
secret_dependent_routine,382156556779700,382156556792000,12300,before
secret_dependent_routine,382156556793400,382156556794100,700,before
secret_dependent_routine,382156556795300,382156556807700,12400,before
secret_dependent_routine,382156556809100,382156556809800,700,before
secret_dependent_routine,382156556811200,382156556824700,13500,before
secret_dependent_routine,382156556826100,382156556826900,800,before
secret_dependent_routine,382156556828200,382156556841600,13400,before
secret_dependent_routine,382156556843000,382156556843700,700,before
secret_dependent_routine,382156556845100,382156556858300,13200,before
secret_dependent_routine,382156556859700,382156556860400,700,before
secret_dependent_routine,382156556861800,382156556875300,13500,before
secret_dependent_routine,382156556876700,382156556877400,700,before
secret_dependent_routine,382156556878800,382156556892300,13500,before
secret_dependent_routine,382156556893700,382156556894500,800,before
secret_dependent_routine,382156556895800,382156556909200,13400,before
secret_dependent_routine,382156556910600,382156556911400,800,before
secret_dependent_routine,382156556914500,382156556927100,12600,before
secret_dependent_routine,382156556928500,382156556929400,900,before
secret_dependent_routine,382156556930700,382156556943200,12500,before
secret_dependent_routine,382156556944500,382156556945200,700,before
secret_dependent_routine,382156556946500,382156556958500,12000,before
secret_dependent_routine,382156556959800,382156556960500,700,before
secret_dependent_routine,382156556961800,382156556979700,17900,before
secret_dependent_routine,382156556981300,382156556982200,900,before
secret_dependent_routine,382156556983600,382156556996300,12700,before
secret_dependent_routine,382156556997600,382156556998300,700,before
secret_dependent_routine,382156556999500,382156557010400,10900,before
secret_dependent_routine,382156557011600,382156557012300,700,before
secret_dependent_routine,382156557013500,382156557025300,11800,before
secret_dependent_routine,382156557026600,382156557027300,700,before
secret_dependent_routine,382156557028400,382156557040100,11700,before
secret_dependent_routine,382156557041300,382156557042000,700,before
secret_dependent_routine,382156557043200,382156557054800,11600,before
secret_dependent_routine,382156557057400,382156557058100,700,before
secret_dependent_routine,382156557059300,382156557070200,10900,before
secret_dependent_routine,382156557071400,382156557072000,600,before
secret_dependent_routine,382156557073200,382156557085200,12000,before
secret_dependent_routine,382156557086300,382156557086900,600,before
secret_dependent_routine,382156557088000,382156557098200,10200,before
secret_dependent_routine,382156557099300,382156557099900,600,before
secret_dependent_routine,382156557101000,382156557112900,11900,before
secret_dependent_routine,382156557114000,382156557114600,600,before
secret_dependent_routine,382156557115600,382156557125400,9800,before
secret_dependent_routine,382156557126500,382156557127100,600,before
secret_dependent_routine,382156557128100,382156557138000,9900,before
secret_dependent_routine,382156557139100,382156557139700,600,before
secret_dependent_routine,382156557140700,382156557150600,9900,before
secret_dependent_routine,382156557151600,382156557152200,600,before
secret_dependent_routine,382156557153300,382156557163400,10100,before
secret_dependent_routine,382156557164400,382156557165100,700,before
secret_dependent_routine,382156557166100,382156557175900,9800,before
secret_dependent_routine,382156557177000,382156557177600,600,before
secret_dependent_routine,382156557179700,382156557189600,9900,before
secret_dependent_routine,382156557190700,382156557191400,700,before
secret_dependent_routine,382156557192400,382156557202900,10500,before
secret_dependent_routine,382156557204000,382156557204600,600,before
secret_dependent_routine,382156557205700,382156557216500,10800,before
secret_dependent_routine,382156557217600,382156557218200,600,before
secret_dependent_routine,382156557219300,382156557229800,10500,before
secret_dependent_routine,382156557230900,382156557231500,600,before
secret_dependent_routine,382156557232600,382156557243300,10700,before
secret_dependent_routine,382156557244400,382156557245000,600,before
secret_dependent_routine,382156557246000,382156557256800,10800,before
secret_dependent_routine,382156557257800,382156557258400,600,before
secret_dependent_routine,382156557259500,382156557270200,10700,before
secret_dependent_routine,382156557271300,382156557272000,700,before
secret_dependent_routine,382156557273000,382156557282800,9800,before
secret_dependent_routine,382156557283900,382156557284600,700,before
secret_dependent_routine,382156557285700,382156557295800,10100,before
secret_dependent_routine,382156557296900,382156557297500,600,before
secret_dependent_routine,382156557298600,382156557308400,9800,before
secret_dependent_routine,382156557309700,382156557310300,600,before
secret_dependent_routine,382156557311400,382156557321500,10100,before
secret_dependent_routine,382156557322700,382156557323300,600,before
secret_dependent_routine,382156557324400,382156557334400,10000,before
secret_dependent_routine,382156557337000,382156557337700,700,before
secret_dependent_routine,382156557338800,382156557349100,10300,before
secret_dependent_routine,382156557350200,382156557350800,600,before
secret_dependent_routine,382156557351800,382156557362100,10300,before
secret_dependent_routine,382156557363200,382156557363800,600,before
secret_dependent_routine,382156557364900,382156557374800,9900,before
secret_dependent_routine,382156557375900,382156557376500,600,before
secret_dependent_routine,382156557377500,382156557387400,9900,before
secret_dependent_routine,382156557388500,382156557389100,600,before
secret_dependent_routine,382156557390100,382156557399900,9800,before
secret_dependent_routine,382156557401000,382156557401700,700,before
secret_dependent_routine,382156557402800,382156557412700,9900,before
secret_dependent_routine,382156557413800,382156557414500,700,before
secret_dependent_routine,382156557416700,382156557426600,9900,before
secret_dependent_routine,382156557427800,382156557428400,600,before
secret_dependent_routine,382156557429500,382156557439600,10100,before
secret_dependent_routine,382156557440600,382156557441300,700,before
secret_dependent_routine,382156557442400,382156557452100,9700,before
secret_dependent_routine,382156557453200,382156557453900,700,before
secret_dependent_routine,382156557454900,382156557464500,9600,before
secret_dependent_routine,382156557465600,382156557466200,600,before
secret_dependent_routine,382156557467200,382156557477000,9800,before
secret_dependent_routine,382156557478000,382156557478600,600,before
secret_dependent_routine,382156557479600,382156557489200,9600,before
secret_dependent_routine,382156557490300,382156557491000,700,before
secret_dependent_routine,382156557492000,382156557501600,9600,before
secret_dependent_routine,382156557502700,382156557503300,600,before
secret_dependent_routine,382156557504400,382156557514200,9800,before
secret_dependent_routine,382156557515300,382156557515900,600,before
secret_dependent_routine,382156557516900,382156557526500,9600,before
secret_dependent_routine,382156557527600,382156557528200,600,before
secret_dependent_routine,382156557529200,382156557539000,9800,before
secret_dependent_routine,382156557540100,382156557541900,1800,before
secret_dependent_routine,382156557543100,382156557553200,10100,before
secret_dependent_routine,382156557554300,382156557555000,700,before
secret_dependent_routine,382156557556000,382156557566200,10200,before
secret_dependent_routine,382156557567300,382156557567900,600,before
secret_dependent_routine,382156557569000,382156557579200,10200,before
secret_dependent_routine,382156557580300,382156557580900,600,before
secret_dependent_routine,382156557581900,382156557592100,10200,before
secret_dependent_routine,382156557593200,382156557593800,600,before
secret_dependent_routine,382156557594900,382156557604900,10000,before
secret_dependent_routine,382156557607100,382156557607800,700,before
secret_dependent_routine,382156557609000,382156557619700,10700,before
secret_dependent_routine,382156557620800,382156557621500,700,before
secret_dependent_routine,382156557622700,382156557633200,10500,before
secret_dependent_routine,382156557634400,382156557635000,600,before
secret_dependent_routine,382156557636100,382156557646700,10600,before
secret_dependent_routine,382156557647800,382156557648400,600,before
secret_dependent_routine,382156557649500,382156557662900,13400,before
secret_dependent_routine,382156557665500,382156557666300,800,before
secret_dependent_routine,382156557667400,382156557677500,10100,before
secret_dependent_routine,382156557678600,382156557679200,600,before
secret_dependent_routine,382156557680300,382156557690300,10000,before
secret_dependent_routine,382156557691400,382156557692000,600,before
secret_dependent_routine,382156557693100,382156557703000,9900,before
secret_dependent_routine,382156557704000,382156557704700,700,before
secret_dependent_routine,382156557705700,382156557715900,10200,before
secret_dependent_routine,382156557717000,382156557717600,600,before
secret_dependent_routine,382156557718600,382156557728700,10100,before
secret_dependent_routine,382156557729800,382156557730400,600,before
secret_dependent_routine,382156557731500,382156557741400,9900,before
secret_dependent_routine,382156557742500,382156557743100,600,before
secret_dependent_routine,382156557744300,382156557754500,10200,before
secret_dependent_routine,382156557755500,382156557756200,700,before
secret_dependent_routine,382156557757200,382156557767400,10200,before
secret_dependent_routine,382156557768500,382156557769200,700,before
secret_dependent_routine,382156557770200,382156557780500,10300,before
secret_dependent_routine,382156557781600,382156557782300,700,before
secret_dependent_routine,382156557783300,382156557793400,10100,before
secret_dependent_routine,382156557794500,382156557795100,600,before
secret_dependent_routine,382156557796200,382156557806300,10100,before
secret_dependent_routine,382156557807400,382156557808000,600,before
secret_dependent_routine,382156557809000,382156557819100,10100,before
secret_dependent_routine,382156557820200,382156557822000,1800,before
secret_dependent_routine,382156557823200,382156557833200,10000,before
secret_dependent_routine,382156557834400,382156557835100,700,before
secret_dependent_routine,382156557836100,382156557846200,10100,before
secret_dependent_routine,382156557847300,382156557848000,700,before
secret_dependent_routine,382156557849100,382156557858800,9700,before
secret_dependent_routine,382156557859900,382156557860600,700,before
secret_dependent_routine,382156557861700,382156557871300,9600,before
secret_dependent_routine,382156557872400,382156557873000,600,before
secret_dependent_routine,382156557874100,382156557884100,10000,before
secret_dependent_routine,382156557885200,382156557885800,600,before
secret_dependent_routine,382156557888000,382156557897800,9800,before
secret_dependent_routine,382156557900100,382156557900800,700,before
secret_dependent_routine,382156557901900,382156557911600,9700,before
secret_dependent_routine,382156557912700,382156557913400,700,before
secret_dependent_routine,382156557914400,382156557924100,9700,before
secret_dependent_routine,382156557925200,382156557925800,600,before
secret_dependent_routine,382156557926800,382156557936700,9900,before
secret_dependent_routine,382156557937800,382156557938400,600,before
secret_dependent_routine,382156557939400,382156557949200,9800,before
secret_dependent_routine,382156557950200,382156557950900,700,before
secret_dependent_routine,382156557951900,382156557961600,9700,before
secret_dependent_routine,382156557962700,382156557963300,600,before
secret_dependent_routine,382156557964400,382156557974200,9800,before
secret_dependent_routine,382156557975300,382156557975800,500,before
secret_dependent_routine,382156557976900,382156557987200,10300,before
secret_dependent_routine,382156557988200,382156557988900,700,before
secret_dependent_routine,382156557990000,382156558000400,10400,before
secret_dependent_routine,382156558001500,382156558002100,600,before
secret_dependent_routine,382156558003200,382156558013900,10700,before
secret_dependent_routine,382156558015000,382156558015700,700,before
secret_dependent_routine,382156558016700,382156558027600,10900,before
secret_dependent_routine,382156558028700,382156558029300,600,before
secret_dependent_routine,382156558033400,382156558044200,10800,before
secret_dependent_routine,382156558045400,382156558046000,600,before
secret_dependent_routine,382156558047100,382156558057900,10800,before
secret_dependent_routine,382156558059000,382156558059600,600,before
secret_dependent_routine,382156558060700,382156558071500,10800,before
secret_dependent_routine,382156558072500,382156558073100,600,before
secret_dependent_routine,382156558074200,382156558085200,11000,before
secret_dependent_routine,382156558086200,382156558086900,700,before
secret_dependent_routine,382156558087900,382156558098800,10900,before
secret_dependent_routine,382156558099800,382156558100400,600,before
secret_dependent_routine,382156558101500,382156558114300,12800,before
secret_dependent_routine,382156558115400,382156558116100,700,before
secret_dependent_routine,382156558117200,382156558127200,10000,before
secret_dependent_routine,382156558128200,382156558128900,700,before
secret_dependent_routine,382156558130000,382156558140000,10000,before
secret_dependent_routine,382156558142200,382156558142900,700,before
secret_dependent_routine,382156558144000,382156558154000,10000,before
secret_dependent_routine,382156558155100,382156558155700,600,before
secret_dependent_routine,382156558156800,382156558166700,9900,before
secret_dependent_routine,382156558167800,382156558168400,600,before
secret_dependent_routine,382156558169400,382156558179600,10200,before
secret_dependent_routine,382156558182000,382156558182700,700,before
secret_dependent_routine,382156558183800,382156558193600,9800,before
secret_dependent_routine,382156558194700,382156558195300,600,before
secret_dependent_routine,382156558196400,382156558206000,9600,before
secret_dependent_routine,382156558207100,382156558207700,600,before
secret_dependent_routine,382156558208700,382156558218400,9700,before
secret_dependent_routine,382156558219400,382156558220000,600,before
secret_dependent_routine,382156558221200,382156558231400,10200,before
secret_dependent_routine,382156558232500,382156558233100,600,before
secret_dependent_routine,382156558234100,382156558243900,9800,before
secret_dependent_routine,382156558245000,382156558245600,600,before
secret_dependent_routine,382156558246700,382156558256400,9700,before
secret_dependent_routine,382156558257500,382156558258000,500,before
secret_dependent_routine,382156558259100,382156558268800,9700,before
secret_dependent_routine,382156558269800,382156558270400,600,before
secret_dependent_routine,382156558271500,382156558281100,9600,before
secret_dependent_routine,382156558282200,382156558282800,600,before
secret_dependent_routine,382156558283800,382156558293900,10100,before
secret_dependent_routine,382156558294900,382156558295500,600,before
secret_dependent_routine,382156558296600,382156558306300,9700,before
secret_dependent_routine,382156558307400,382156558308000,600,before
secret_dependent_routine,382156558309100,382156558318800,9700,before
secret_dependent_routine,382156558319900,382156558320600,700,before
secret_dependent_routine,382156558321700,382156558331300,9600,before
secret_dependent_routine,382156558332300,382156558332900,600,before
secret_dependent_routine,382156558334000,382156558345200,11200,before
secret_dependent_routine,382156558346200,382156558346900,700,before
secret_dependent_routine,382156558347900,382156558357600,9700,before
secret_dependent_routine,382156558358600,382156558359300,700,before
secret_dependent_routine,382156558360400,382156558370100,9700,before
secret_dependent_routine,382156558372200,382156558372900,700,before
secret_dependent_routine,382156558374000,382156558385200,11200,before
secret_dependent_routine,382156558386300,382156558387000,700,before
secret_dependent_routine,382156558388100,382156558398800,10700,before
secret_dependent_routine,382156558399800,382156558400500,700,before
secret_dependent_routine,382156558401600,382156558412100,10500,before
secret_dependent_routine,382156558413100,382156558413800,700,before
secret_dependent_routine,382156558414800,382156558425500,10700,before
secret_dependent_routine,382156558426600,382156558427300,700,before
secret_dependent_routine,382156558428400,382156558439000,10600,before
secret_dependent_routine,382156558440100,382156558440800,700,before
secret_dependent_routine,382156558441800,382156558452700,10900,before
secret_dependent_routine,382156558455000,382156558455700,700,before
secret_dependent_routine,382156558456900,382156558467200,10300,before
secret_dependent_routine,382156558468300,382156558468900,600,before
secret_dependent_routine,382156558470000,382156558480700,10700,before
secret_dependent_routine,382156558481700,382156558482400,700,before
secret_dependent_routine,382156558483500,382156558494100,10600,before
secret_dependent_routine,382156558495200,382156558495800,600,before
secret_dependent_routine,382156558497000,382156558507600,10600,before
secret_dependent_routine,382156558508700,382156558509300,600,before
secret_dependent_routine,382156558510400,382156558521000,10600,before
secret_dependent_routine,382156558522000,382156558522600,600,before
secret_dependent_routine,382156558523700,382156558534400,10700,before
secret_dependent_routine,382156558535500,382156558536200,700,before
secret_dependent_routine,382156558537200,382156558547700,10500,before
secret_dependent_routine,382156558548800,382156558549400,600,before
secret_dependent_routine,382156558550500,382156558561700,11200,before
secret_dependent_routine,382156558562800,382156558563400,600,before
secret_dependent_routine,382156558564500,382156558575900,11400,before
secret_dependent_routine,382156558576900,382156558577600,700,before
secret_dependent_routine,382156558578700,382156558589300,10600,before
secret_dependent_routine,382156558590300,382156558590900,600,before
secret_dependent_routine,382156558592000,382156558602500,10500,before
secret_dependent_routine,382156558603700,382156558604400,700,before
secret_dependent_routine,382156558605400,382156558616100,10700,before
secret_dependent_routine,382156558617200,382156558617800,600,before
secret_dependent_routine,382156558620100,382156558630000,9900,before
secret_dependent_routine,382156558631100,382156558631800,700,before
secret_dependent_routine,382156558632900,382156558643000,10100,before
secret_dependent_routine,382156558644100,382156558644700,600,before
secret_dependent_routine,382156558645800,382156558784100,138300,before
secret_dependent_routine,382156558804200,382156558808400,4200,before
secret_dependent_routine,382156558810800,382156558830400,19600,before
secret_dependent_routine,382156558832400,382156558842700,10300,before
secret_dependent_routine,382156558844700,382156558863300,18600,before
secret_dependent_routine,382156558865400,382156558866700,1300,before
secret_dependent_routine,382156558868600,382156558886100,17500,before
secret_dependent_routine,382156558894200,382156558895600,1400,before
secret_dependent_routine,382156558897800,382156558916200,18400,before
secret_dependent_routine,382156558918200,382156558919300,1100,before
secret_dependent_routine,382156558921300,382156558942300,21000,before
secret_dependent_routine,382156558947400,382156558948700,1300,before
secret_dependent_routine,382156558950600,382156558967600,17000,before
secret_dependent_routine,382156558972200,382156558973600,1400,before
secret_dependent_routine,382156558975800,382156558996100,20300,before
secret_dependent_routine,382156558998400,382156558999700,1300,before
secret_dependent_routine,382156559001900,382156559021400,19500,before
secret_dependent_routine,382156559023500,382156559024600,1100,before
secret_dependent_routine,382156559026600,382156559050000,23400,before
secret_dependent_routine,382156559052800,382156559054600,1800,before
secret_dependent_routine,382156559057200,382156559082500,25300,before
secret_dependent_routine,382156559085300,382156559087100,1800,before
secret_dependent_routine,382156559089700,382156559110800,21100,before
secret_dependent_routine,382156559113000,382156559114300,1300,before
secret_dependent_routine,382156559116400,382156559136000,19600,before
secret_dependent_routine,382156559139900,382156559141300,1400,before
secret_dependent_routine,382156559143000,382156559161700,18700,before
secret_dependent_routine,382156559163900,382156559165100,1200,before
secret_dependent_routine,382156559167500,382156559186800,19300,before
secret_dependent_routine,382156559190200,382156559191500,1300,before
secret_dependent_routine,382156559194500,382156559214000,19500,before
secret_dependent_routine,382156559216000,382156559217200,1200,before
secret_dependent_routine,382156559222600,382156559243900,21300,before
secret_dependent_routine,382156559246200,382156559247600,1400,before
secret_dependent_routine,382156559250000,382156559269500,19500,before
secret_dependent_routine,382156559292800,382156559300300,7500,before
secret_dependent_routine,382156559314100,382156559430900,116800,before
secret_dependent_routine,382156559441600,382156559445500,3900,before
secret_dependent_routine,382156559450000,382156559477200,27200,before
secret_dependent_routine,382156559480500,382156559482100,1600,before
secret_dependent_routine,382156559484700,382156559553700,69000,before
secret_dependent_routine,382156559563800,382156559567300,3500,before
secret_dependent_routine,382156559570700,382156559591800,21100,before
secret_dependent_routine,382156559594300,382156559595900,1600,before
secret_dependent_routine,382156559598100,382156559617600,19500,before
secret_dependent_routine,382156559619700,382156559625500,5800,before
secret_dependent_routine,382156559627500,382156559647900,20400,before
secret_dependent_routine,382156559650600,382156559651800,1200,before
secret_dependent_routine,382156559653700,382156559674700,21000,before
secret_dependent_routine,382156559677000,382156559678200,1200,before
secret_dependent_routine,382156559680400,382156559701900,21500,before
secret_dependent_routine,382156559704900,382156559706600,1700,before
secret_dependent_routine,382156559708600,382156559728100,19500,before
secret_dependent_routine,382156559730200,382156559731000,800,before
secret_dependent_routine,382156559732500,382156559745400,12900,before
secret_dependent_routine,382156559746800,382156559747600,800,before
secret_dependent_routine,382156559751300,382156559764000,12700,before
secret_dependent_routine,382156559765500,382156559766200,700,before
secret_dependent_routine,382156559767600,382156559780300,12700,before
secret_dependent_routine,382156559781800,382156559782500,700,before
secret_dependent_routine,382156559783900,382156559796400,12500,before
secret_dependent_routine,382156559797800,382156559798700,900,before
secret_dependent_routine,382156559800000,382156559812600,12600,before
secret_dependent_routine,382156559813900,382156559814700,800,before
secret_dependent_routine,382156559816100,382156559828300,12200,before
secret_dependent_routine,382156559829800,382156559830600,800,before
secret_dependent_routine,382156559832000,382156559844500,12500,before
secret_dependent_routine,382156559935500,382156559936400,900,before
secret_dependent_routine,382156559939800,382156559955000,15200,before
secret_dependent_routine,382156559956500,382156559957300,800,before
secret_dependent_routine,382156559958800,382156559973600,14800,before
secret_dependent_routine,382156559975100,382156559975900,800,before
secret_dependent_routine,382156559977300,382156559992100,14800,before
secret_dependent_routine,382156559993600,382156559994400,800,before
secret_dependent_routine,382156559995800,382156560013700,17900,before
secret_dependent_routine,382156560015900,382156560016900,1000,before
secret_dependent_routine,382156560018800,382156560037900,19100,before
secret_dependent_routine,382156560040400,382156560041400,1000,before
secret_dependent_routine,382156560043600,382156560062800,19200,before
secret_dependent_routine,382156560065100,382156560066300,1200,before
secret_dependent_routine,382156560068400,382156560088100,19700,before
secret_dependent_routine,382156560092200,382156560094500,2300,before
secret_dependent_routine,382156560096600,382156560129000,32400,before
secret_dependent_routine,382156560136000,382156560139000,3000,before
secret_dependent_routine,382156560141500,382156560173800,32300,before
secret_dependent_routine,382156560180200,382156560191400,11200,before
secret_dependent_routine,382156560198000,382156560227800,29800,before
secret_dependent_routine,382156560231100,382156560232600,1500,before
secret_dependent_routine,382156560235000,382156560267700,32700,before
secret_dependent_routine,382156560272000,382156560273400,1400,before
secret_dependent_routine,382156560275200,382156560288900,13700,before
secret_dependent_routine,382156560290500,382156560291400,900,before
secret_dependent_routine,382156560293000,382156560307800,14800,before
secret_dependent_routine,382156560313600,382156560314500,900,before
secret_dependent_routine,382156560315900,382156560328300,12400,before
secret_dependent_routine,382156560329700,382156560330400,700,before
secret_dependent_routine,382156560331800,382156560344100,12300,before
secret_dependent_routine,382156560345500,382156560346400,900,before
secret_dependent_routine,382156560347900,382156560360900,13000,before
secret_dependent_routine,382156560364000,382156560364800,800,before
secret_dependent_routine,382156560366200,382156560378100,11900,before
secret_dependent_routine,382156560379400,382156560380400,1000,before
secret_dependent_routine,382156560381700,382156560394000,12300,before
secret_dependent_routine,382156560395400,382156560396200,800,before
secret_dependent_routine,382156560398800,382156560410500,11700,before
secret_dependent_routine,382156560411900,382156560412600,700,before
secret_dependent_routine,382156560414000,382156560425500,11500,before
secret_dependent_routine,382156560426900,382156560427600,700,before
secret_dependent_routine,382156560429100,382156560440900,11800,before
secret_dependent_routine,382156560442200,382156560443000,800,before
secret_dependent_routine,382156560444400,382156560456000,11600,before
secret_dependent_routine,382156560457400,382156560458100,700,before
secret_dependent_routine,382156560459500,382156560471800,12300,before
secret_dependent_routine,382156560473200,382156560474000,800,before
secret_dependent_routine,382156560479300,382156560490900,11600,before
secret_dependent_routine,382156560492300,382156560493000,700,before
secret_dependent_routine,382156560494300,382156560506700,12400,before
secret_dependent_routine,382156560508000,382156560508900,900,before
secret_dependent_routine,382156560510200,382156560521700,11500,before
secret_dependent_routine,382156560523200,382156560523900,700,before
secret_dependent_routine,382156560525200,382156560536900,11700,before
secret_dependent_routine,382156560538200,382156560539100,900,before
secret_dependent_routine,382156560540300,382156560551600,11300,before
secret_dependent_routine,382156560552900,382156560553500,600,before
secret_dependent_routine,382156560554800,382156560566400,11600,before
secret_dependent_routine,382156560567800,382156560568500,700,before
secret_dependent_routine,382156560569700,382156560581500,11800,before
secret_dependent_routine,382156560582700,382156560583500,800,before
secret_dependent_routine,382156560584700,382156560597300,12600,before
secret_dependent_routine,382156560598600,382156560599300,700,before
secret_dependent_routine,382156560600400,382156560613000,12600,before
secret_dependent_routine,382156560614400,382156560615100,700,before
secret_dependent_routine,382156560616500,382156560627900,11400,before
secret_dependent_routine,382156560629100,382156560629900,800,before
secret_dependent_routine,382156560631000,382156560642400,11400,before
secret_dependent_routine,382156560643600,382156560644300,700,before
secret_dependent_routine,382156560655200,382156560666500,11300,before
secret_dependent_routine,382156560667900,382156560668600,700,before
secret_dependent_routine,382156560669900,382156560681600,11700,before
secret_dependent_routine,382156560682900,382156560683700,800,before
secret_dependent_routine,382156560684900,382156560696400,11500,before
secret_dependent_routine,382156560700200,382156560701300,1100,before
secret_dependent_routine,382156560703000,382156560714200,11200,before
secret_dependent_routine,382156560715400,382156560716200,800,before
secret_dependent_routine,382156560717400,382156560728400,11000,before
secret_dependent_routine,382156560729800,382156560730700,900,before
secret_dependent_routine,382156560732500,382156560744600,12100,before
secret_dependent_routine,382156560746200,382156560746900,700,before
secret_dependent_routine,382156560748100,382156560760200,12100,before
secret_dependent_routine,382156560761800,382156560762500,700,before
secret_dependent_routine,382156560763800,382156560775900,12100,before
secret_dependent_routine,382156560777100,382156560777900,800,before
secret_dependent_routine,382156560779000,382156560791200,12200,before
secret_dependent_routine,382156560792600,382156560793400,800,before
secret_dependent_routine,382156560794600,382156560806600,12000,before
secret_dependent_routine,382156560808300,382156560809300,1000,before
secret_dependent_routine,382156560811800,382156560823800,12000,before
secret_dependent_routine,382156560825000,382156560825800,800,before
secret_dependent_routine,382156560827100,382156560839100,12000,before
secret_dependent_routine,382156560840300,382156560841000,700,before
secret_dependent_routine,382156560842200,382156560854800,12600,before
secret_dependent_routine,382156560856400,382156560857100,700,before
secret_dependent_routine,382156560858600,382156560870700,12100,before
secret_dependent_routine,382156560872000,382156560872800,800,before
secret_dependent_routine,382156560873900,382156560885900,12000,before
secret_dependent_routine,382156560887000,382156560887700,700,before
secret_dependent_routine,382156560888900,382156560901000,12100,before
secret_dependent_routine,382156560902600,382156560903400,800,before
secret_dependent_routine,382156560904900,382156560917500,12600,before
secret_dependent_routine,382156560919100,382156560919800,700,before
secret_dependent_routine,382156560920900,382156560940600,19700,before
secret_dependent_routine,382156560942500,382156560943100,600,before
secret_dependent_routine,382156560944300,382156560955600,11300,before
secret_dependent_routine,382156560956900,382156560958900,2000,before
secret_dependent_routine,382156560960200,382156560971000,10800,before
secret_dependent_routine,382156560972500,382156560973300,800,before
secret_dependent_routine,382156560974500,382156560985600,11100,before
secret_dependent_routine,382156560988800,382156560989600,800,before
secret_dependent_routine,382156560990800,382156561001700,10900,before
secret_dependent_routine,382156561002900,382156561003600,700,before
secret_dependent_routine,382156561004800,382156561015600,10800,before
secret_dependent_routine,382156561016800,382156561017500,700,before
secret_dependent_routine,382156561018700,382156561029800,11100,before
secret_dependent_routine,382156561035000,382156561035800,800,before
secret_dependent_routine,382156561037000,382156561048800,11800,before
secret_dependent_routine,382156561050600,382156561051400,800,before
secret_dependent_routine,382156561052700,382156561065100,12400,before
secret_dependent_routine,382156561066500,382156561067200,700,before
secret_dependent_routine,382156561068400,382156561080800,12400,before
secret_dependent_routine,382156561082200,382156561083100,900,before
secret_dependent_routine,382156561084400,382156561105800,21400,before
secret_dependent_routine,382156561107400,382156561108300,900,before
secret_dependent_routine,382156561109600,382156561121000,11400,before
secret_dependent_routine,382156561122400,382156561123300,900,before
secret_dependent_routine,382156561124600,382156561188600,64000,before
secret_dependent_routine,382156561191100,382156561192200,1100,before
secret_dependent_routine,382156561194800,382156561219400,24600,before
secret_dependent_routine,382156561235200,382156561238300,3100,before
secret_dependent_routine,382156561241000,382156561253300,12300,before
secret_dependent_routine,382156561255500,382156561256300,800,before
secret_dependent_routine,382156561257500,382156561269000,11500,before
secret_dependent_routine,382156561270600,382156561271300,700,before
secret_dependent_routine,382156561272800,382156561284500,11700,before
secret_dependent_routine,382156561286000,382156561286900,900,before
secret_dependent_routine,382156561288100,382156561299700,11600,before
secret_dependent_routine,382156561301300,382156561302000,700,before
secret_dependent_routine,382156561303200,382156561314400,11200,before
secret_dependent_routine,382156561315700,382156561316400,700,before
secret_dependent_routine,382156561317600,382156561329300,11700,before
secret_dependent_routine,382156561330700,382156561331400,700,before
secret_dependent_routine,382156561332600,382156561343800,11200,before
secret_dependent_routine,382156561345200,382156561346000,800,before
secret_dependent_routine,382156561347200,382156561358500,11300,before
secret_dependent_routine,382156561362300,382156561363100,800,before
secret_dependent_routine,382156561364400,382156561376100,11700,before
secret_dependent_routine,382156561378100,382156561380300,2200,before
secret_dependent_routine,382156561381600,382156561393300,11700,before
secret_dependent_routine,382156561394700,382156561395600,900,before
secret_dependent_routine,382156561396900,382156561408500,11600,before
secret_dependent_routine,382156561410000,382156561410700,700,before
secret_dependent_routine,382156561412100,382156561424300,12200,before
secret_dependent_routine,382156561426000,382156561427000,1000,before
secret_dependent_routine,382156561428200,382156561440400,12200,before
secret_dependent_routine,382156561442000,382156561442900,900,before
secret_dependent_routine,382156561444100,382156561455900,11800,before
secret_dependent_routine,382156561457400,382156561458200,800,before
secret_dependent_routine,382156561460800,382156561472900,12100,before
secret_dependent_routine,382156561474500,382156561475400,900,before
secret_dependent_routine,382156561476700,382156561488100,11400,before
secret_dependent_routine,382156561489400,382156561490100,700,before
secret_dependent_routine,382156561491500,382156561503000,11500,before
secret_dependent_routine,382156561504400,382156561505100,700,before
secret_dependent_routine,382156561506500,382156561517900,11400,before
secret_dependent_routine,382156561519400,382156561520200,800,before
secret_dependent_routine,382156561521500,382156561533100,11600,before
secret_dependent_routine,382156561534700,382156561535500,800,before
secret_dependent_routine,382156561536900,382156561548100,11200,before
secret_dependent_routine,382156561549400,382156561550200,800,before
secret_dependent_routine,382156561551500,382156561562800,11300,before
secret_dependent_routine,382156561564100,382156561564800,700,before
secret_dependent_routine,382156561566200,382156561577500,11300,before
secret_dependent_routine,382156561578900,382156561579700,800,before
secret_dependent_routine,382156561581000,382156561593800,12800,before
secret_dependent_routine,382156561595100,382156561595900,800,before
secret_dependent_routine,382156561597100,382156561607800,10700,before
secret_dependent_routine,382156561609200,382156561610000,800,before
secret_dependent_routine,382156561611200,382156561622300,11100,before
secret_dependent_routine,382156561623500,382156561624200,700,before
secret_dependent_routine,382156561625500,382156561636400,10900,before
secret_dependent_routine,382156561639400,382156561640300,900,before
secret_dependent_routine,382156561641500,382156561652300,10800,before
secret_dependent_routine,382156561653500,382156561654200,700,before
secret_dependent_routine,382156561655600,382156561666500,10900,before
secret_dependent_routine,382156561667800,382156561668500,700,before
secret_dependent_routine,382156561669700,382156561680500,10800,before
secret_dependent_routine,382156561681800,382156561682600,800,before
secret_dependent_routine,382156561683800,382156561694600,10800,before
secret_dependent_routine,382156561695900,382156561696500,600,before
secret_dependent_routine,382156561697800,382156561711800,14000,before
secret_dependent_routine,382156561713600,382156561714400,800,before
secret_dependent_routine,382156561715700,382156561726500,10800,before
secret_dependent_routine,382156561727600,382156561728300,700,before
secret_dependent_routine,382156561729500,382156561740300,10800,before
secret_dependent_routine,382156561741500,382156561742100,600,before
secret_dependent_routine,382156561743300,382156561754000,10700,before
secret_dependent_routine,382156561755300,382156561756000,700,before
secret_dependent_routine,382156561757200,382156561768000,10800,before
secret_dependent_routine,382156561775600,382156561776400,800,before
secret_dependent_routine,382156561777700,382156561789100,11400,before
secret_dependent_routine,382156561791900,382156561792700,800,before
secret_dependent_routine,382156561794200,382156561805500,11300,before
secret_dependent_routine,382156561807000,382156561808100,1100,before
secret_dependent_routine,382156561810300,382156561827300,17000,before
secret_dependent_routine,382156561829800,382156561831100,1300,before
secret_dependent_routine,382156561832900,382156561851900,19000,before
secret_dependent_routine,382156561854400,382156561855400,1000,before
secret_dependent_routine,382156561857300,382156561876100,18800,before
secret_dependent_routine,382156561878300,382156561879200,900,before
secret_dependent_routine,382156561880900,382156561897800,16900,before
secret_dependent_routine,382156561899800,382156561900900,1100,before
secret_dependent_routine,382156561902200,382156561913500,11300,before
secret_dependent_routine,382156561915100,382156561915800,700,before
secret_dependent_routine,382156561917000,382156561934600,17600,before
secret_dependent_routine,382156561937200,382156561939000,1800,before
secret_dependent_routine,382156561941100,382156561952400,11300,before
secret_dependent_routine,382156561954100,382156561954800,700,before
secret_dependent_routine,382156561957700,382156561969400,11700,before
secret_dependent_routine,382156561970600,382156561971700,1100,before
secret_dependent_routine,382156561973100,382156562004300,31200,before
secret_dependent_routine,382156562015300,382156562018700,3400,before
secret_dependent_routine,382156562021100,382156562033200,12100,before
secret_dependent_routine,382156562034800,382156562035600,800,before
secret_dependent_routine,382156562036900,382156562048800,11900,before
secret_dependent_routine,382156562050100,382156562050800,700,before
secret_dependent_routine,382156562052300,382156562064500,12200,before
secret_dependent_routine,382156562065800,382156562066500,700,before
secret_dependent_routine,382156562067900,382156562079400,11500,before
secret_dependent_routine,382156562080700,382156562081400,700,before
secret_dependent_routine,382156562082700,382156562094400,11700,before
secret_dependent_routine,382156562095800,382156562096500,700,before
secret_dependent_routine,382156562097700,382156562119000,21300,before
secret_dependent_routine,382156562121000,382156562122100,1100,before
secret_dependent_routine,382156562123900,382156562142400,18500,before
secret_dependent_routine,382156562144200,382156562145400,1200,before
secret_dependent_routine,382156562147600,382156562162000,14400,before
secret_dependent_routine,382156562163500,382156562164200,700,before
secret_dependent_routine,382156562165500,382156562177200,11700,before
secret_dependent_routine,382156562178500,382156562179200,700,before
secret_dependent_routine,382156562180400,382156562191700,11300,before
secret_dependent_routine,382156562193000,382156562193700,700,before
secret_dependent_routine,382156562195000,382156562210200,15200,before
secret_dependent_routine,382156562214400,382156562215500,1100,before
secret_dependent_routine,382156562217500,382156562234300,16800,before
secret_dependent_routine,382156562235900,382156562237700,1800,before
secret_dependent_routine,382156562239600,382156562259100,19500,before
secret_dependent_routine,382156562261400,382156562262800,1400,before
secret_dependent_routine,382156562264800,382156562281400,16600,before
secret_dependent_routine,382156562283800,382156562285200,1400,before
secret_dependent_routine,382156562287400,382156562308600,21200,before
secret_dependent_routine,382156562310700,382156562311900,1200,before
secret_dependent_routine,382156562313500,382156562331800,18300,before
secret_dependent_routine,382156562334000,382156562335500,1500,before
secret_dependent_routine,382156562339700,382156562352100,12400,before
secret_dependent_routine,382156562353600,382156562354300,700,before
secret_dependent_routine,382156562355600,382156562367700,12100,before
secret_dependent_routine,382156562369100,382156562369900,800,before
secret_dependent_routine,382156562371300,382156562383600,12300,before
secret_dependent_routine,382156562384900,382156562385600,700,before
secret_dependent_routine,382156562386900,382156562398800,11900,before
secret_dependent_routine,382156562400100,382156562400900,800,before
secret_dependent_routine,382156562402100,382156562414100,12000,before
secret_dependent_routine,382156562415400,382156562416100,700,before
secret_dependent_routine,382156562417400,382156562429500,12100,before
secret_dependent_routine,382156562430900,382156562431600,700,before
secret_dependent_routine,382156562432900,382156562448900,16000,before
secret_dependent_routine,382156562450900,382156562452100,1200,before
secret_dependent_routine,382156562454300,382156562476200,21900,before
secret_dependent_routine,382156562477800,382156562478600,800,before
secret_dependent_routine,382156562480000,382156562491700,11700,before
secret_dependent_routine,382156562493000,382156562493800,800,before
secret_dependent_routine,382156562495000,382156562516400,21400,before
secret_dependent_routine,382156562518400,382156562519600,1200,before
secret_dependent_routine,382156562521800,382156562540600,18800,before
secret_dependent_routine,382156562542800,382156562545900,3100,before
secret_dependent_routine,382156562548100,382156562568400,20300,before
secret_dependent_routine,382156562570600,382156562571900,1300,before
secret_dependent_routine,382156562574000,382156562593000,19000,before
secret_dependent_routine,382156562594500,382156562595300,800,before
secret_dependent_routine,382156562596600,382156562608100,11500,before
secret_dependent_routine,382156562609500,382156562610300,800,before
secret_dependent_routine,382156562612300,382156562640400,28100,before
secret_dependent_routine,382156562643600,382156562645300,1700,before
secret_dependent_routine,382156562648400,382156562676500,28100,before
secret_dependent_routine,382156562680700,382156562682100,1400,before
secret_dependent_routine,382156562684100,382156562705200,21100,before
secret_dependent_routine,382156562707500,382156562708800,1300,before
secret_dependent_routine,382156562710700,382156562733100,22400,before
secret_dependent_routine,382156562735200,382156562736500,1300,before
secret_dependent_routine,382156562740200,382156562767000,26800,before
secret_dependent_routine,382156562769400,382156562771000,1600,before
secret_dependent_routine,382156562772900,382156562794400,21500,before
secret_dependent_routine,382156562796600,382156562798200,1600,before
secret_dependent_routine,382156562800400,382156562827800,27400,before
secret_dependent_routine,382156562830100,382156562831200,1100,before
secret_dependent_routine,382156562833200,382156562854300,21100,before
secret_dependent_routine,382156562857100,382156562858800,1700,before
secret_dependent_routine,382156562861800,382156562886600,24800,before
secret_dependent_routine,382156562888700,382156562890000,1300,before
secret_dependent_routine,382156562891600,382156562902900,11300,before
secret_dependent_routine,382156562904300,382156562905000,700,before
secret_dependent_routine,382156562906300,382156562917600,11300,before
secret_dependent_routine,382156562918900,382156562919600,700,before
secret_dependent_routine,382156562921000,382156562932300,11300,before
secret_dependent_routine,382156562933600,382156562934300,700,before
secret_dependent_routine,382156562935600,382156562947100,11500,before
secret_dependent_routine,382156562948900,382156562949700,800,before
secret_dependent_routine,382156562950900,382156562962400,11500,before
secret_dependent_routine,382156562963800,382156562964500,700,before
secret_dependent_routine,382156562965800,382156562977300,11500,before
secret_dependent_routine,382156562978600,382156562979400,800,before
secret_dependent_routine,382156562980700,382156562991900,11200,before
secret_dependent_routine,382156562993200,382156562993900,700,before
secret_dependent_routine,382156562995300,382156563006700,11400,before
secret_dependent_routine,382156563008000,382156563008700,700,before
secret_dependent_routine,382156563010000,382156563021600,11600,before
secret_dependent_routine,382156563023000,382156563026100,3100,before
secret_dependent_routine,382156563027400,382156563039700,12300,before
secret_dependent_routine,382156563041000,382156563041700,700,before
secret_dependent_routine,382156563043000,382156563055600,12600,before
secret_dependent_routine,382156563056900,382156563057700,800,before
secret_dependent_routine,382156563059100,382156563071800,12700,before
secret_dependent_routine,382156563073100,382156563073900,800,before
secret_dependent_routine,382156563085900,382156563098400,12500,before
secret_dependent_routine,382156563099900,382156563100800,900,before
secret_dependent_routine,382156563103400,382156563116600,13200,before
secret_dependent_routine,382156563117900,382156563118700,800,before
secret_dependent_routine,382156563121200,382156563132900,11700,before
secret_dependent_routine,382156563134200,382156563135000,800,before
secret_dependent_routine,382156563136300,382156563148000,11700,before
secret_dependent_routine,382156563149300,382156563150000,700,before
secret_dependent_routine,382156563151400,382156563163200,11800,before
secret_dependent_routine,382156563164500,382156563165200,700,before
secret_dependent_routine,382156563166500,382156563178200,11700,before
secret_dependent_routine,382156563179500,382156563180300,800,before
secret_dependent_routine,382156563181500,382156563193700,12200,before
secret_dependent_routine,382156563195000,382156563195700,700,before
secret_dependent_routine,382156563197000,382156563208800,11800,before
secret_dependent_routine,382156563210100,382156563210800,700,before
secret_dependent_routine,382156563212000,382156563223900,11900,before
secret_dependent_routine,382156563225200,382156563225900,700,before
secret_dependent_routine,382156563227200,382156563239100,11900,before
secret_dependent_routine,382156563240300,382156563241100,800,before
secret_dependent_routine,382156563242500,382156563255500,13000,before
secret_dependent_routine,382156563256700,382156563257500,800,before
secret_dependent_routine,382156563258700,382156563271400,12700,before
secret_dependent_routine,382156563272600,382156563273300,700,before
secret_dependent_routine,382156563274600,382156563286800,12200,before
secret_dependent_routine,382156563288100,382156563288800,700,before
secret_dependent_routine,382156563290100,382156563302000,11900,before
secret_dependent_routine,382156563303200,382156563304000,800,before
secret_dependent_routine,382156563305200,382156563317300,12100,before
secret_dependent_routine,382156563318500,382156563319200,700,before
secret_dependent_routine,382156563320500,382156563332500,12000,before
secret_dependent_routine,382156563333700,382156563334400,700,before
secret_dependent_routine,382156563335700,382156563348200,12500,before
secret_dependent_routine,382156563349400,382156563350200,800,before
secret_dependent_routine,382156563351500,382156563364000,12500,before
secret_dependent_routine,382156563365100,382156563365700,600,before
secret_dependent_routine,382156563366800,382156563379700,12900,before
secret_dependent_routine,382156563381400,382156563382300,900,before
secret_dependent_routine,382156563383600,382156563393300,9700,before
secret_dependent_routine,382156563395500,382156563396200,700,before
secret_dependent_routine,382156563397400,382156563407100,9700,before
secret_dependent_routine,382156563408100,382156563408800,700,before
secret_dependent_routine,382156563409800,382156563419800,10000,before
secret_dependent_routine,382156563420900,382156563421600,700,before
secret_dependent_routine,382156563422700,382156563432400,9700,before
secret_dependent_routine,382156563433500,382156563434100,600,before
secret_dependent_routine,382156563435200,382156563445100,9900,before
secret_dependent_routine,382156563447500,382156563448100,600,before
secret_dependent_routine,382156563449300,382156563459300,10000,before
secret_dependent_routine,382156563460400,382156563461000,600,before
secret_dependent_routine,382156563462000,382156563471900,9900,before
secret_dependent_routine,382156563473100,382156563473700,600,before
secret_dependent_routine,382156563474700,382156563484600,9900,before
secret_dependent_routine,382156563485700,382156563486300,600,before
secret_dependent_routine,382156563487300,382156563497400,10100,before
secret_dependent_routine,382156563498500,382156563499100,600,before
secret_dependent_routine,382156563500200,382156563510100,9900,before
secret_dependent_routine,382156563511100,382156563511700,600,before
secret_dependent_routine,382156563512800,382156563522600,9800,before
secret_dependent_routine,382156563523800,382156563524400,600,before
secret_dependent_routine,382156563525400,382156563535500,10100,before
secret_dependent_routine,382156563536500,382156563537100,600,before
secret_dependent_routine,382156563538200,382156563548300,10100,before
secret_dependent_routine,382156563549300,382156563550000,700,before
secret_dependent_routine,382156563551100,382156563561000,9900,before
secret_dependent_routine,382156563562000,382156563562700,700,before
secret_dependent_routine,382156563563700,382156563574000,10300,before
secret_dependent_routine,382156563575000,382156563575600,600,before
secret_dependent_routine,382156563576700,382156563586700,10000,before
secret_dependent_routine,382156563587800,382156563588300,500,before
secret_dependent_routine,382156563589400,382156563599500,10100,before
secret_dependent_routine,382156563600500,382156563601200,700,before
secret_dependent_routine,382156563602300,382156563612300,10000,before
secret_dependent_routine,382156563613400,382156563614000,600,before
secret_dependent_routine,382156563615100,382156563625000,9900,before
secret_dependent_routine,382156563627500,382156563628200,700,before
secret_dependent_routine,382156563629300,382156563639000,9700,before
secret_dependent_routine,382156563640100,382156563640700,600,before
secret_dependent_routine,382156563641800,382156563652700,10900,before
secret_dependent_routine,382156563653800,382156563654500,700,before
secret_dependent_routine,382156563655600,382156563665200,9600,before
secret_dependent_routine,382156563666300,382156563666900,600,before
secret_dependent_routine,382156563668000,382156563677900,9900,before
secret_dependent_routine,382156563679000,382156563679700,700,before
secret_dependent_routine,382156563680700,382156563690700,10000,before
secret_dependent_routine,382156563691800,382156563692400,600,before
secret_dependent_routine,382156563693500,382156563703200,9700,before
secret_dependent_routine,382156563704300,382156563704900,600,before
secret_dependent_routine,382156563706000,382156563715600,9600,before
secret_dependent_routine,382156563717900,382156563718600,700,before
secret_dependent_routine,382156563719700,382156563729500,9800,before
secret_dependent_routine,382156563730600,382156563731200,600,before
secret_dependent_routine,382156563732300,382156563752700,20400,before
secret_dependent_routine,382156563754300,382156563755100,800,before
secret_dependent_routine,382156563756200,382156563766200,10000,before
secret_dependent_routine,382156563767400,382156563768000,600,before
secret_dependent_routine,382156563769100,382156563779100,10000,before
secret_dependent_routine,382156563780200,382156563780800,600,before
secret_dependent_routine,382156563781900,382156563791900,10000,before
secret_dependent_routine,382156563792900,382156563793500,600,before
secret_dependent_routine,382156563794600,382156563804600,10000,before
secret_dependent_routine,382156563805700,382156563806300,600,before
secret_dependent_routine,382156563807400,382156563817400,10000,before
secret_dependent_routine,382156563818500,382156563819100,600,before
secret_dependent_routine,382156563820200,382156563830200,10000,before
secret_dependent_routine,382156563831300,382156563832000,700,before
secret_dependent_routine,382156563833000,382156563843100,10100,before
secret_dependent_routine,382156563844200,382156563844800,600,before
secret_dependent_routine,382156563845900,382156563855900,10000,before
secret_dependent_routine,382156563857100,382156563857700,600,before
secret_dependent_routine,382156563858900,382156563868900,10000,before
secret_dependent_routine,382156563871300,382156563872000,700,before
secret_dependent_routine,382156563873100,382156563882900,9800,before
secret_dependent_routine,382156563884000,382156563884700,700,before
secret_dependent_routine,382156563885800,382156563895800,10000,before
secret_dependent_routine,382156563896900,382156563897600,700,before
secret_dependent_routine,382156563898700,382156563908300,9600,before
secret_dependent_routine,382156563909400,382156563910000,600,before
secret_dependent_routine,382156563911100,382156563921100,10000,before
secret_dependent_routine,382156563922100,382156563922800,700,before
secret_dependent_routine,382156563923900,382156563933800,9900,before
secret_dependent_routine,382156563934800,382156563936600,1800,before
secret_dependent_routine,382156563937800,382156563947400,9600,before
secret_dependent_routine,382156563948600,382156563949200,600,before
secret_dependent_routine,382156563950300,382156563959900,9600,before
secret_dependent_routine,382156563961000,382156563961700,700,before
secret_dependent_routine,382156563962800,382156563973300,10500,before
secret_dependent_routine,382156563974500,382156563975200,700,before
secret_dependent_routine,382156563976300,382156563987000,10700,before
secret_dependent_routine,382156563988100,382156563988800,700,before
secret_dependent_routine,382156563990000,382156564000700,10700,before
secret_dependent_routine,382156564003000,382156564003800,800,before
secret_dependent_routine,382156564005000,382156564015600,10600,before
secret_dependent_routine,382156564016800,382156564017400,600,before
secret_dependent_routine,382156564018600,382156564029800,11200,before
secret_dependent_routine,382156564031000,382156564031800,800,before
secret_dependent_routine,382156564033000,382156564044500,11500,before
secret_dependent_routine,382156564045700,382156564046400,700,before
secret_dependent_routine,382156564047700,382156564059300,11600,before
secret_dependent_routine,382156564060800,382156564061500,700,before
secret_dependent_routine,382156564062700,382156564074400,11700,before
secret_dependent_routine,382156564075600,382156564076400,800,before
secret_dependent_routine,382156564077600,382156564089600,12000,before
secret_dependent_routine,382156564090900,382156564091700,800,before
secret_dependent_routine,382156564092900,382156564104400,11500,before
secret_dependent_routine,382156564105600,382156564106300,700,before
secret_dependent_routine,382156564107600,382156564119300,11700,before
secret_dependent_routine,382156564121900,382156564122700,800,before
secret_dependent_routine,382156564123900,382156564136500,12600,before
secret_dependent_routine,382156564137700,382156564138500,800,before
secret_dependent_routine,382156564139800,382156564152700,12900,before
secret_dependent_routine,382156564154000,382156564154700,700,before
secret_dependent_routine,382156564155900,382156564169200,13300,before
secret_dependent_routine,382156564170400,382156564171200,800,before
secret_dependent_routine,382156564172400,382156564185200,12800,before
secret_dependent_routine,382156564186500,382156564187200,700,before
secret_dependent_routine,382156564188500,382156564201500,13000,before
secret_dependent_routine,382156564202700,382156564203500,800,before
secret_dependent_routine,382156564204600,382156564217500,12900,before
secret_dependent_routine,382156564218800,382156564219500,700,before
secret_dependent_routine,382156564220700,382156564233500,12800,before
secret_dependent_routine,382156564234800,382156564235600,800,before
secret_dependent_routine,382156564236800,382156564249800,13000,before
secret_dependent_routine,382156564251100,382156564253200,2100,before
secret_dependent_routine,382156564254500,382156564267100,12600,before
secret_dependent_routine,382156564268400,382156564269200,800,before
secret_dependent_routine,382156564270500,382156564283800,13300,before
secret_dependent_routine,382156564285100,382156564285900,800,before
secret_dependent_routine,382156564287200,382156564299600,12400,before
secret_dependent_routine,382156564300900,382156564301600,700,before
secret_dependent_routine,382156564302800,382156564315400,12600,before
secret_dependent_routine,382156564316700,382156564317500,800,before
secret_dependent_routine,382156564318800,382156564331400,12600,before
secret_dependent_routine,382156564332700,382156564333400,700,before
secret_dependent_routine,382156564336000,382156564347800,11800,before
secret_dependent_routine,382156564349100,382156564349900,800,before
secret_dependent_routine,382156564351100,382156564363500,12400,before
secret_dependent_routine,382156564364600,382156564365300,700,before
secret_dependent_routine,382156564366400,382156564377500,11100,before
secret_dependent_routine,382156564378600,382156564379300,700,before
secret_dependent_routine,382156564380400,382156564390900,10500,before
secret_dependent_routine,382156564392000,382156564392700,700,before
secret_dependent_routine,382156564393900,382156564404400,10500,before
secret_dependent_routine,382156564405500,382156564406200,700,before
secret_dependent_routine,382156564408600,382156564419000,10400,before
secret_dependent_routine,382156564420200,382156564420800,600,before
secret_dependent_routine,382156564422000,382156564433500,11500,before
secret_dependent_routine,382156564434500,382156564435200,700,before
secret_dependent_routine,382156564436200,382156564446200,10000,before
secret_dependent_routine,382156564447200,382156564447800,600,before
secret_dependent_routine,382156564449000,382156564459100,10100,before
secret_dependent_routine,382156564460200,382156564460800,600,before
secret_dependent_routine,382156564461900,382156564472300,10400,before
secret_dependent_routine,382156564473300,382156564473900,600,before
secret_dependent_routine,382156564474900,382156564485600,10700,before
secret_dependent_routine,382156564486700,382156564487300,600,before
secret_dependent_routine,382156564488300,382156564499600,11300,before
secret_dependent_routine,382156564500700,382156564501300,600,before
secret_dependent_routine,382156564502400,382156564513500,11100,before
secret_dependent_routine,382156564514600,382156564515200,600,before
secret_dependent_routine,382156564516300,382156564527500,11200,before
secret_dependent_routine,382156564528700,382156564529300,600,before
secret_dependent_routine,382156564530500,382156564541500,11000,before
secret_dependent_routine,382156564542700,382156564543300,600,before
secret_dependent_routine,382156564544500,382156564555600,11100,before
secret_dependent_routine,382156564556800,382156564557400,600,before
secret_dependent_routine,382156564558600,382156564572400,13800,before
secret_dependent_routine,382156564573900,382156564574700,800,before
secret_dependent_routine,382156564575900,382156564587500,11600,before
secret_dependent_routine,382156564588600,382156564589300,700,before
secret_dependent_routine,382156564590400,382156564600900,10500,before
secret_dependent_routine,382156564602000,382156564602700,700,before
secret_dependent_routine,382156564603900,382156564614400,10500,before
secret_dependent_routine,382156564615500,382156564616200,700,before
secret_dependent_routine,382156564617300,382156564629900,12600,before
secret_dependent_routine,382156564631100,382156564631800,700,before
secret_dependent_routine,382156564632900,382156564643300,10400,before
secret_dependent_routine,382156564654300,382156564655000,700,before
secret_dependent_routine,382156564656300,382156564666900,10600,before
secret_dependent_routine,382156564668100,382156564668800,700,before
secret_dependent_routine,382156564671200,382156564682000,10800,before
secret_dependent_routine,382156564683100,382156564683800,700,before
secret_dependent_routine,382156564685000,382156564695900,10900,before
secret_dependent_routine,382156564697100,382156564697800,700,before
secret_dependent_routine,382156564699000,382156564710000,11000,before
secret_dependent_routine,382156564711200,382156564711900,700,before
secret_dependent_routine,382156564713000,382156564723500,10500,before
secret_dependent_routine,382156564724700,382156564725300,600,before
secret_dependent_routine,382156564726500,382156564737000,10500,before
secret_dependent_routine,382156564738200,382156564738900,700,before
secret_dependent_routine,382156564740000,382156564751100,11100,before
secret_dependent_routine,382156564752300,382156564753000,700,before
secret_dependent_routine,382156564754100,382156564765100,11000,before
secret_dependent_routine,382156564766300,382156564767000,700,before
secret_dependent_routine,382156564768200,382156564779300,11100,before
secret_dependent_routine,382156564780500,382156564781200,700,before
secret_dependent_routine,382156564782300,382156564793400,11100,before
secret_dependent_routine,382156564794600,382156564795300,700,before
secret_dependent_routine,382156564796400,382156564807700,11300,before
secret_dependent_routine,382156564808700,382156564809400,700,before
secret_dependent_routine,382156564810400,382156564820400,10000,before
secret_dependent_routine,382156564821500,382156564822100,600,before
secret_dependent_routine,382156564823100,382156564832700,9600,before
secret_dependent_routine,382156564833800,382156564834400,600,before
secret_dependent_routine,382156564835500,382156564845100,9600,before
secret_dependent_routine,382156564846200,382156564846900,700,before
secret_dependent_routine,382156564847900,382156564857600,9700,before
secret_dependent_routine,382156564858700,382156564859300,600,before
secret_dependent_routine,382156564860400,382156564871300,10900,before
secret_dependent_routine,382156564872500,382156564873200,700,before
secret_dependent_routine,382156564874300,382156564884700,10400,before
secret_dependent_routine,382156564885800,382156564886400,600,before
secret_dependent_routine,382156564887500,382156564897500,10000,before
secret_dependent_routine,382156564898600,382156564899200,600,before
secret_dependent_routine,382156564900400,382156564910700,10300,before
secret_dependent_routine,382156564911800,382156564912500,700,before
secret_dependent_routine,382156564917100,382156564928100,11000,before
secret_dependent_routine,382156564929300,382156564930000,700,before
secret_dependent_routine,382156564931200,382156564942700,11500,before
secret_dependent_routine,382156564945200,382156564945900,700,before
secret_dependent_routine,382156564947200,382156564957900,10700,before
secret_dependent_routine,382156564959200,382156564959900,700,before
secret_dependent_routine,382156564961000,382156564971800,10800,before
secret_dependent_routine,382156564973000,382156564973700,700,before
secret_dependent_routine,382156564974900,382156564985700,10800,before
secret_dependent_routine,382156564986900,382156564987600,700,before
secret_dependent_routine,382156564988800,382156564999600,10800,before
secret_dependent_routine,382156565000900,382156565001500,600,before
secret_dependent_routine,382156565002700,382156565013500,10800,before
secret_dependent_routine,382156565014700,382156565015300,600,before
secret_dependent_routine,382156565016500,382156565028100,11600,before
secret_dependent_routine,382156565029400,382156565030100,700,before
secret_dependent_routine,382156565031400,382156565043400,12000,before
secret_dependent_routine,382156565044600,382156565045400,800,before
secret_dependent_routine,382156565046600,382156565058700,12100,before
secret_dependent_routine,382156565060000,382156565060700,700,before
secret_dependent_routine,382156565062000,382156565073700,11700,before
secret_dependent_routine,382156565075000,382156565075800,800,before
secret_dependent_routine,382156565077100,382156565089100,12000,before
secret_dependent_routine,382156565090400,382156565091100,700,before
secret_dependent_routine,382156565092300,382156565104200,11900,before
secret_dependent_routine,382156565105600,382156565106400,800,before
secret_dependent_routine,382156565107600,382156565119700,12100,before
secret_dependent_routine,382156565121100,382156565121800,700,before
secret_dependent_routine,382156565123000,382156565135100,12100,before
secret_dependent_routine,382156565136500,382156565137300,800,before
secret_dependent_routine,382156565138600,382156565150700,12100,before
secret_dependent_routine,382156565151900,382156565152700,800,before
secret_dependent_routine,382156565155100,382156565167100,12000,before
secret_dependent_routine,382156565168400,382156565169300,900,before
secret_dependent_routine,382156565170600,382156565182200,11600,before
secret_dependent_routine,382156565183700,382156565186000,2300,before
secret_dependent_routine,382156565188600,382156565200300,11700,before
secret_dependent_routine,382156565201600,382156565202300,700,before
secret_dependent_routine,382156565203600,382156565215000,11400,before
secret_dependent_routine,382156565216200,382156565216900,700,before
secret_dependent_routine,382156565218200,382156565230900,12700,before
secret_dependent_routine,382156565232200,382156565233000,800,before
secret_dependent_routine,382156565234300,382156565246200,11900,before
secret_dependent_routine,382156565247400,382156565248100,700,before
secret_dependent_routine,382156565249400,382156565261300,11900,before
secret_dependent_routine,382156565263800,382156565264600,800,before
secret_dependent_routine,382156565266000,382156565277600,11600,before
secret_dependent_routine,382156565278900,382156565279700,800,before
secret_dependent_routine,382156565280900,382156565292900,12000,before
secret_dependent_routine,382156565294200,382156565294900,700,before
secret_dependent_routine,382156565296200,382156565308600,12400,before
secret_dependent_routine,382156565309900,382156565310600,700,before
secret_dependent_routine,382156565311900,382156565324400,12500,before
secret_dependent_routine,382156565325700,382156565326500,800,before
secret_dependent_routine,382156565327900,382156565340200,12300,before
secret_dependent_routine,382156565341600,382156565342400,800,before
secret_dependent_routine,382156565343700,382156565356200,12500,before
secret_dependent_routine,382156565357600,382156565358400,800,before
secret_dependent_routine,382156565359700,382156565371900,12200,before
secret_dependent_routine,382156565373300,382156565374000,700,before
secret_dependent_routine,382156565375300,382156565387900,12600,before
secret_dependent_routine,382156565389300,382156565390100,800,before
secret_dependent_routine,382156565391400,382156565404200,12800,before
secret_dependent_routine,382156565405500,382156565406300,800,before
secret_dependent_routine,382156565407600,382156565420400,12800,before
secret_dependent_routine,382156565421700,382156565422500,800,before
secret_dependent_routine,382156565423800,382156565436400,12600,before
secret_dependent_routine,382156565437700,382156565438400,700,before
secret_dependent_routine,382156565439700,382156565452500,12800,before
secret_dependent_routine,382156565453800,382156565454600,800,before
secret_dependent_routine,382156565455900,382156565468600,12700,before
secret_dependent_routine,382156565469900,382156565470600,700,before
secret_dependent_routine,382156565471900,382156565484400,12500,before
secret_dependent_routine,382156565487200,382156565488000,800,before
secret_dependent_routine,382156565489300,382156565503400,14100,before
secret_dependent_routine,382156565504700,382156565505500,800,before
secret_dependent_routine,382156565506800,382156565521800,15000,before
secret_dependent_routine,382156565522900,382156565525000,2100,before
secret_dependent_routine,382156565526100,382156565536300,10200,before
secret_dependent_routine,382156565537400,382156565538100,700,before
secret_dependent_routine,382156565539200,382156565550400,11200,before
secret_dependent_routine,382156565551700,382156565552400,700,before
secret_dependent_routine,382156565553600,382156565565100,11500,before
secret_dependent_routine,382156565566300,382156565567000,700,before
secret_dependent_routine,382156565568200,382156565579600,11400,before
secret_dependent_routine,382156565580800,382156565581500,700,before
secret_dependent_routine,382156565582600,382156565594100,11500,before
secret_dependent_routine,382156565595300,382156565596000,700,before
secret_dependent_routine,382156565598500,382156565611300,12800,before
secret_dependent_routine,382156565612500,382156565613300,800,before
secret_dependent_routine,382156565614600,382156565627100,12500,before
secret_dependent_routine,382156565628300,382156565629000,700,before
secret_dependent_routine,382156565630300,382156565642700,12400,before
secret_dependent_routine,382156565644000,382156565644700,700,before
secret_dependent_routine,382156565646000,382156565658600,12600,before
secret_dependent_routine,382156565659900,382156565660600,700,before
secret_dependent_routine,382156565661900,382156565674500,12600,before
secret_dependent_routine,382156565675800,382156565676500,700,before
secret_dependent_routine,382156565677800,382156565690700,12900,before
secret_dependent_routine,382156565691900,382156565692700,800,before
secret_dependent_routine,382156565693900,382156565706300,12400,before
secret_dependent_routine,382156565707600,382156565708300,700,before
secret_dependent_routine,382156565709600,382156565722000,12400,before
secret_dependent_routine,382156565723300,382156565724000,700,before
secret_dependent_routine,382156565725200,382156565737700,12500,before
secret_dependent_routine,382156565738900,382156565739600,700,before
secret_dependent_routine,382156565740900,382156565757000,16100,before
secret_dependent_routine,382156565758700,382156565759400,700,before
secret_dependent_routine,382156565760700,382156565771900,11200,before
secret_dependent_routine,382156565774600,382156565775400,800,before
secret_dependent_routine,382156565776700,382156565788600,11900,before
secret_dependent_routine,382156565789700,382156565790300,600,before
secret_dependent_routine,382156565791400,382156565801400,10000,before
secret_dependent_routine,382156565802500,382156565803100,600,before
secret_dependent_routine,382156565804200,382156565814100,9900,before
secret_dependent_routine,382156565815200,382156565815800,600,before
secret_dependent_routine,382156565816900,382156565826900,10000,before
secret_dependent_routine,382156565828000,382156565828600,600,before
secret_dependent_routine,382156565829700,382156565839600,9900,before
secret_dependent_routine,382156565840700,382156565841300,600,before
secret_dependent_routine,382156565842400,382156565855600,13200,before
secret_dependent_routine,382156565856800,382156565857700,900,before
secret_dependent_routine,382156565858800,382156565869300,10500,before
secret_dependent_routine,382156565870500,382156565871200,700,before
secret_dependent_routine,382156565872300,382156565883200,10900,before
secret_dependent_routine,382156565884400,382156565885000,600,before
secret_dependent_routine,382156565886100,382156565897000,10900,before
secret_dependent_routine,382156565898200,382156565898800,600,before
secret_dependent_routine,382156565899900,382156565910700,10800,before
secret_dependent_routine,382156565911800,382156565912500,700,before
secret_dependent_routine,382156565913600,382156565924100,10500,before
secret_dependent_routine,382156565926500,382156565927200,700,before
secret_dependent_routine,382156565928300,382156565938800,10500,before
secret_dependent_routine,382156565939900,382156565940500,600,before
secret_dependent_routine,382156565941600,382156565951700,10100,before
secret_dependent_routine,382156565952900,382156565953500,600,before
secret_dependent_routine,382156565954600,382156565964700,10100,before
secret_dependent_routine,382156565965900,382156565966500,600,before
secret_dependent_routine,382156565967600,382156565977800,10200,before
secret_dependent_routine,382156565978900,382156565979500,600,before
secret_dependent_routine,382156565980600,382156565991000,10400,before
secret_dependent_routine,382156565992200,382156565992800,600,before
secret_dependent_routine,382156565993900,382156566004900,11000,before
secret_dependent_routine,382156566006000,382156566006600,600,before
secret_dependent_routine,382156566007700,382156566018500,10800,before
secret_dependent_routine,382156566020700,382156566021400,700,before
secret_dependent_routine,382156566022500,382156566032700,10200,before
secret_dependent_routine,382156566033800,382156566034500,700,before
secret_dependent_routine,382156566035600,382156566046000,10400,before
secret_dependent_routine,382156566047100,382156566047800,700,before
secret_dependent_routine,382156566048900,382156566059300,10400,before
secret_dependent_routine,382156566060300,382156566061000,700,before
secret_dependent_routine,382156566062100,382156566072600,10500,before
secret_dependent_routine,382156566073700,382156566074400,700,before
secret_dependent_routine,382156566075400,382156566085700,10300,before
secret_dependent_routine,382156566086800,382156566087400,600,before
secret_dependent_routine,382156566088500,382156566098800,10300,before
secret_dependent_routine,382156566099900,382156566100500,600,before
secret_dependent_routine,382156566101500,382156566111600,10100,before
secret_dependent_routine,382156566112600,382156566113300,700,before
secret_dependent_routine,382156566114300,382156566124600,10300,before
secret_dependent_routine,382156566125600,382156566126200,600,before
secret_dependent_routine,382156566127300,382156566138900,11600,before
secret_dependent_routine,382156566140000,382156566140600,600,before
secret_dependent_routine,382156566141700,382156566151700,10000,before
secret_dependent_routine,382156566152800,382156566153400,600,before
secret_dependent_routine,382156566154500,382156566165100,10600,before
secret_dependent_routine,382156566166200,382156566166800,600,before
secret_dependent_routine,382156566167900,382156566178600,10700,before
secret_dependent_routine,382156566179700,382156566180400,700,before
secret_dependent_routine,382156566181500,382156566192300,10800,before
secret_dependent_routine,382156566193400,382156566194000,600,before
secret_dependent_routine,382156566195100,382156566205800,10700,before
secret_dependent_routine,382156566208100,382156566208700,600,before
secret_dependent_routine,382156566209800,382156566220600,10800,before
secret_dependent_routine,382156566221600,382156566222300,700,before
secret_dependent_routine,382156566223300,382156566233600,10300,before
secret_dependent_routine,382156566234700,382156566235300,600,before
secret_dependent_routine,382156566236400,382156566246700,10300,before
secret_dependent_routine,382156566247800,382156566248500,700,before
secret_dependent_routine,382156566249500,382156566260000,10500,before
secret_dependent_routine,382156566262200,382156566262900,700,before
secret_dependent_routine,382156566263900,382156566274700,10800,before
secret_dependent_routine,382156566275800,382156566276400,600,before
secret_dependent_routine,382156566277500,382156566288600,11100,before
secret_dependent_routine,382156566289700,382156566290300,600,before
secret_dependent_routine,382156566291400,382156566302000,10600,before
secret_dependent_routine,382156566303100,382156566303700,600,before
secret_dependent_routine,382156566304800,382156566315500,10700,before
secret_dependent_routine,382156566316600,382156566317200,600,before
secret_dependent_routine,382156566318300,382156566328900,10600,before
secret_dependent_routine,382156566329900,382156566330600,700,before
secret_dependent_routine,382156566331700,382156566342000,10300,before
secret_dependent_routine,382156566343200,382156566343800,600,before
secret_dependent_routine,382156566344900,382156566355600,10700,before
secret_dependent_routine,382156566356700,382156566357300,600,before
secret_dependent_routine,382156566358400,382156566368900,10500,before
secret_dependent_routine,382156566370000,382156566370600,600,before
secret_dependent_routine,382156566371700,382156566382400,10700,before
secret_dependent_routine,382156566383400,382156566384100,700,before
secret_dependent_routine,382156566385100,382156566396000,10900,before
secret_dependent_routine,382156566397100,382156566397700,600,before
secret_dependent_routine,382156566398800,382156566409000,10200,before
secret_dependent_routine,382156566410100,382156566410700,600,before
secret_dependent_routine,382156566411800,382156566422400,10600,before
secret_dependent_routine,382156566423400,382156566425200,1800,before
secret_dependent_routine,382156566426300,382156566437700,11400,before
secret_dependent_routine,382156566438800,382156566439500,700,before
secret_dependent_routine,382156566440600,382156566451700,11100,before
secret_dependent_routine,382156566452800,382156566453400,600,before
secret_dependent_routine,382156566454400,382156566465500,11100,before
secret_dependent_routine,382156566466500,382156566467100,600,before
secret_dependent_routine,382156566468200,382156566478900,10700,before
secret_dependent_routine,382156566480000,382156566480600,600,before
secret_dependent_routine,382156566481600,382156566492400,10800,before
secret_dependent_routine,382156566494500,382156566495200,700,before
secret_dependent_routine,382156566496200,382156566506700,10500,before
secret_dependent_routine,382156566507800,382156566508400,600,before
secret_dependent_routine,382156566510700,382156566521000,10300,before
secret_dependent_routine,382156566522100,382156566522700,600,before
secret_dependent_routine,382156566523800,382156566534000,10200,before
secret_dependent_routine,382156566535100,382156566535700,600,before
secret_dependent_routine,382156566536800,382156566547300,10500,before
secret_dependent_routine,382156566548400,382156566549000,600,before
secret_dependent_routine,382156566550100,382156566560400,10300,before
secret_dependent_routine,382156566561600,382156566562200,600,before
secret_dependent_routine,382156566563300,382156566573500,10200,before
secret_dependent_routine,382156566574600,382156566575200,600,before
secret_dependent_routine,382156566576300,382156566586300,10000,before
secret_dependent_routine,382156566587300,382156566587900,600,before
secret_dependent_routine,382156566589000,382156566599100,10100,before
secret_dependent_routine,382156566600200,382156566600800,600,before
secret_dependent_routine,382156566601900,382156566612300,10400,before
secret_dependent_routine,382156566613400,382156566614000,600,before
secret_dependent_routine,382156566615100,382156566625700,10600,before
secret_dependent_routine,382156566626800,382156566627400,600,before
secret_dependent_routine,382156566628500,382156566638900,10400,before
secret_dependent_routine,382156566640000,382156566640700,700,before
secret_dependent_routine,382156566641700,382156566652400,10700,before
secret_dependent_routine,382156566653500,382156566654100,600,before
secret_dependent_routine,382156566655200,382156566665600,10400,before
secret_dependent_routine,382156566666700,382156566667400,700,before
secret_dependent_routine,382156566668400,382156566678400,10000,before
secret_dependent_routine,382156566679400,382156566680000,600,before
secret_dependent_routine,382156566681100,382156566691200,10100,before
secret_dependent_routine,382156566692300,382156566692900,600,before
secret_dependent_routine,382156566694000,382156566705000,11000,before
secret_dependent_routine,382156566706100,382156566707800,1700,before
secret_dependent_routine,382156566708900,382156566719800,10900,before
secret_dependent_routine,382156566720900,382156566721600,700,before
secret_dependent_routine,382156566722700,382156566733400,10700,before
secret_dependent_routine,382156566734500,382156566735100,600,before
secret_dependent_routine,382156566736200,382156566747400,11200,before
secret_dependent_routine,382156566748500,382156566749100,600,before
secret_dependent_routine,382156566751300,382156566761400,10100,before
secret_dependent_routine,382156566762500,382156566763100,600,before
secret_dependent_routine,382156566764300,382156566774500,10200,before
secret_dependent_routine,382156566775600,382156566776300,700,before
secret_dependent_routine,382156566778400,382156566789000,10600,before
secret_dependent_routine,382156566790100,382156566790700,600,before
secret_dependent_routine,382156566791800,382156566802100,10300,before
secret_dependent_routine,382156566803200,382156566803800,600,before
secret_dependent_routine,382156566804800,382156566815200,10400,before
secret_dependent_routine,382156566816300,382156566816900,600,before
secret_dependent_routine,382156566817900,382156566828500,10600,before
secret_dependent_routine,382156566829600,382156566830200,600,before
secret_dependent_routine,382156566831300,382156566842400,11100,before
secret_dependent_routine,382156566843500,382156566844200,700,before
secret_dependent_routine,382156566845300,382156566855900,10600,before
secret_dependent_routine,382156566857000,382156566857600,600,before
secret_dependent_routine,382156566858700,382156566868900,10200,before
secret_dependent_routine,382156566869900,382156566870600,700,before
secret_dependent_routine,382156566871600,382156566882200,10600,before
secret_dependent_routine,382156566883200,382156566883900,700,before
secret_dependent_routine,382156566884900,382156566895500,10600,before
secret_dependent_routine,382156566896500,382156566897200,700,before
secret_dependent_routine,382156566898200,382156566909000,10800,before
secret_dependent_routine,382156566910000,382156566910700,700,before
secret_dependent_routine,382156566911700,382156566922500,10800,before
secret_dependent_routine,382156566923600,382156566924200,600,before
secret_dependent_routine,382156566925300,382156566936000,10700,before
secret_dependent_routine,382156566937000,382156566937700,700,before
secret_dependent_routine,382156566938700,382156566949400,10700,before
secret_dependent_routine,382156566950500,382156566951100,600,before
secret_dependent_routine,382156566952200,382156566963000,10800,before
secret_dependent_routine,382156566964000,382156566964700,700,before
secret_dependent_routine,382156566965800,382156566976200,10400,before
secret_dependent_routine,382156566977300,382156566977900,600,before
secret_dependent_routine,382156566979000,382156566989800,10800,before
secret_dependent_routine,382156566990900,382156566991500,600,before
secret_dependent_routine,382156566993900,382156567007000,13100,before
secret_dependent_routine,382156567008200,382156567008800,600,before
secret_dependent_routine,382156567010000,382156567021000,11000,before
secret_dependent_routine,382156567022200,382156567022800,600,before
secret_dependent_routine,382156567023800,382156567039200,15400,before
secret_dependent_routine,382156567041000,382156567042100,1100,before
secret_dependent_routine,382156567043700,382156567061700,18000,before
secret_dependent_routine,382156567063500,382156567064500,1000,before
secret_dependent_routine,382156567066200,382156567090500,24300,before
secret_dependent_routine,382156567092500,382156567093600,1100,before
secret_dependent_routine,382156567096000,382156567113500,17500,before
secret_dependent_routine,382156567117500,382156567118700,1200,before
secret_dependent_routine,382156567120600,382156567138600,18000,before
secret_dependent_routine,382156567140600,382156567141500,900,before
secret_dependent_routine,382156567143200,382156567160700,17500,before
secret_dependent_routine,382156567162600,382156567163700,1100,before
secret_dependent_routine,382156567165500,382156567181800,16300,before
secret_dependent_routine,382156567183600,382156567184600,1000,before
secret_dependent_routine,382156567186200,382156567203000,16800,before
secret_dependent_routine,382156567204700,382156567205600,900,before
secret_dependent_routine,382156567207300,382156567223400,16100,before
secret_dependent_routine,382156567225300,382156567226400,1100,before
secret_dependent_routine,382156567228300,382156567244200,15900,before
secret_dependent_routine,382156567245900,382156567247000,1100,before
secret_dependent_routine,382156567248500,382156567265200,16700,before
secret_dependent_routine,382156567266900,382156567267900,1000,before
secret_dependent_routine,382156567269600,382156567289200,19600,before
secret_dependent_routine,382156567291900,382156567293500,1600,before
secret_dependent_routine,382156567295200,382156567317100,21900,before
secret_dependent_routine,382156567319800,382156567321400,1600,before
secret_dependent_routine,382156567323900,382156567347500,23600,before
secret_dependent_routine,382156567350100,382156567351700,1600,before
secret_dependent_routine,382156567353700,382156567378000,24300,before
secret_dependent_routine,382156567380700,382156567382200,1500,before
secret_dependent_routine,382156567384800,382156567409600,24800,before
secret_dependent_routine,382156567412200,382156567413900,1700,before
secret_dependent_routine,382156567418900,382156567444200,25300,before
secret_dependent_routine,382156567447200,382156567448800,1600,before
secret_dependent_routine,382156567451300,382156567473200,21900,before
secret_dependent_routine,382156567475700,382156567477400,1700,before
secret_dependent_routine,382156567479500,382156567500400,20900,before
secret_dependent_routine,382156567503000,382156567504000,1000,before
secret_dependent_routine,382156567505500,382156567519600,14100,before
secret_dependent_routine,382156567521100,382156567521800,700,before
secret_dependent_routine,382156567523200,382156567536100,12900,before
secret_dependent_routine,382156567537600,382156567538300,700,before
secret_dependent_routine,382156567539700,382156567552400,12700,before
secret_dependent_routine,382156567553800,382156567554600,800,before
secret_dependent_routine,382156567555800,382156567568600,12800,before
secret_dependent_routine,382156567570100,382156567571000,900,before
secret_dependent_routine,382156567572600,382156567594500,21900,before
secret_dependent_routine,382156567598200,382156567599800,1600,before
secret_dependent_routine,382156567603400,382156567615900,12500,before
secret_dependent_routine,382156567619200,382156567620100,900,before
secret_dependent_routine,382156567621500,382156567634900,13400,before
secret_dependent_routine,382156567636300,382156567637100,800,before
secret_dependent_routine,382156567638600,382156567659000,20400,before
secret_dependent_routine,382156567661200,382156567662500,1300,before
secret_dependent_routine,382156567664600,382156567685100,20500,before
secret_dependent_routine,382156567687000,382156567687800,800,before
secret_dependent_routine,382156567689100,382156567702000,12900,before
secret_dependent_routine,382156567704500,382156567705800,1300,before
secret_dependent_routine,382156567708300,382156567730800,22500,before
secret_dependent_routine,382156567733300,382156567735400,2100,before
secret_dependent_routine,382156567737800,382156567755600,17800,before
secret_dependent_routine,382156567757500,382156567758400,900,before
secret_dependent_routine,382156567766400,382156567779800,13400,before
secret_dependent_routine,382156567781400,382156567782200,800,before
secret_dependent_routine,382156567783500,382156567796400,12900,before
secret_dependent_routine,382156567797700,382156567798400,700,before
secret_dependent_routine,382156567799800,382156567812600,12800,before
secret_dependent_routine,382156567813800,382156567814600,800,before
secret_dependent_routine,382156567816000,382156567828800,12800,before
secret_dependent_routine,382156567831800,382156567832600,800,before
secret_dependent_routine,382156567834100,382156567846900,12800,before
secret_dependent_routine,382156567848300,382156567849000,700,before
secret_dependent_routine,382156567850400,382156567863000,12600,before
secret_dependent_routine,382156567864300,382156567865100,800,before
secret_dependent_routine,382156567866400,382156567879600,13200,before
secret_dependent_routine,382156567881000,382156567881800,800,before
secret_dependent_routine,382156567883000,382156567895700,12700,before
secret_dependent_routine,382156567897500,382156567898200,700,before
secret_dependent_routine,382156567899600,382156567912900,13300,before
secret_dependent_routine,382156567914700,382156567915400,700,before
secret_dependent_routine,382156567916700,382156567929200,12500,before
secret_dependent_routine,382156567930400,382156567932700,2300,before
secret_dependent_routine,382156567934300,382156567947600,13300,before
secret_dependent_routine,382156567949000,382156567949700,700,before
secret_dependent_routine,382156567951000,382156567964100,13100,before
secret_dependent_routine,382156567965400,382156567966200,800,before
secret_dependent_routine,382156567967500,382156567980700,13200,before
secret_dependent_routine,382156567982000,382156567982800,800,before
secret_dependent_routine,382156567984300,382156567997400,13100,before
secret_dependent_routine,382156567998800,382156567999600,800,before
secret_dependent_routine,382156568000900,382156568013900,13000,before
secret_dependent_routine,382156568016700,382156568017600,900,before
secret_dependent_routine,382156568019000,382156568032400,13400,before
secret_dependent_routine,382156568034100,382156568034900,800,before
secret_dependent_routine,382156568036200,382156568049400,13200,before
secret_dependent_routine,382156568050800,382156568051600,800,before
secret_dependent_routine,382156568053200,382156568066300,13100,before
secret_dependent_routine,382156568067600,382156568068400,800,before
secret_dependent_routine,382156568069800,382156568082900,13100,before
secret_dependent_routine,382156568084300,382156568085200,900,before
secret_dependent_routine,382156568086500,382156568099800,13300,before
secret_dependent_routine,382156568101200,382156568101900,700,before
secret_dependent_routine,382156568103200,382156568122600,19400,before
secret_dependent_routine,382156568125300,382156568126800,1500,before
secret_dependent_routine,382156568128800,382156568149800,21000,before
secret_dependent_routine,382156568154100,382156568155800,1700,before
secret_dependent_routine,382156568158200,382156568172700,14500,before
secret_dependent_routine,382156568174400,382156568175200,800,before
secret_dependent_routine,382156568176500,382156568188700,12200,before
secret_dependent_routine,382156568190000,382156568190900,900,before
secret_dependent_routine,382156568192200,382156568205100,12900,before
secret_dependent_routine,382156568206400,382156568207100,700,before
secret_dependent_routine,382156568208500,382156568225200,16700,before
secret_dependent_routine,382156568227500,382156568228900,1400,before
secret_dependent_routine,382156568230900,382156568252300,21400,before
secret_dependent_routine,382156568254600,382156568255800,1200,before
secret_dependent_routine,382156568257600,382156568278500,20900,before
secret_dependent_routine,382156568281100,382156568282500,1400,before
secret_dependent_routine,382156568284300,382156568305200,20900,before
secret_dependent_routine,382156568307600,382156568309100,1500,before
secret_dependent_routine,382156568311400,382156568331700,20300,before
secret_dependent_routine,382156568333200,382156568334200,1000,before
secret_dependent_routine,382156568335600,382156568348300,12700,before
secret_dependent_routine,382156568349700,382156568352000,2300,before
secret_dependent_routine,382156568353300,382156568366100,12800,before
secret_dependent_routine,382156568367500,382156568368300,800,before
secret_dependent_routine,382156568441200,382156568454700,13500,before
secret_dependent_routine,382156568456200,382156568457000,800,before
secret_dependent_routine,382156568458200,382156568470800,12600,before
secret_dependent_routine,382156568472100,382156568472900,800,before
secret_dependent_routine,382156568474200,382156568486700,12500,before
secret_dependent_routine,382156568488100,382156568488900,800,before
secret_dependent_routine,382156568490200,382156568503500,13300,before
secret_dependent_routine,382156568504800,382156568505600,800,before
secret_dependent_routine,382156568508400,382156568521300,12900,before
secret_dependent_routine,382156568522700,382156568523500,800,before
secret_dependent_routine,382156568524900,382156568537600,12700,before
secret_dependent_routine,382156568538900,382156568539700,800,before
secret_dependent_routine,382156568541000,382156568555600,14600,before
secret_dependent_routine,382156568556700,382156568557400,700,before
secret_dependent_routine,382156568558500,382156568569700,11200,before
secret_dependent_routine,382156568572000,382156568572700,700,before
secret_dependent_routine,382156568573900,382156568584900,11000,before
secret_dependent_routine,382156568586000,382156568586600,600,before
secret_dependent_routine,382156568587800,382156568598900,11100,before
secret_dependent_routine,382156568600000,382156568600600,600,before
secret_dependent_routine,382156568601700,382156568613000,11300,before
secret_dependent_routine,382156568614100,382156568614800,700,before
secret_dependent_routine,382156568615800,382156568627800,12000,before
secret_dependent_routine,382156568629000,382156568629700,700,before
secret_dependent_routine,382156568630800,382156568641500,10700,before
secret_dependent_routine,382156568642500,382156568643200,700,before
secret_dependent_routine,382156568644300,382156568654700,10400,before
secret_dependent_routine,382156568655800,382156568656400,600,before
secret_dependent_routine,382156568657400,382156568667700,10300,before
secret_dependent_routine,382156568668700,382156568669300,600,before
secret_dependent_routine,382156568670400,382156568680700,10300,before
secret_dependent_routine,382156568681700,382156568682300,600,before
secret_dependent_routine,382156568683400,382156568693800,10400,before
secret_dependent_routine,382156568694800,382156568695400,600,before
secret_dependent_routine,382156568696500,382156568706900,10400,before
secret_dependent_routine,382156568708000,382156568708700,700,before
secret_dependent_routine,382156568709700,382156568719900,10200,before
secret_dependent_routine,382156568721000,382156568721600,600,before
secret_dependent_routine,382156568722700,382156568732500,9800,before
secret_dependent_routine,382156568733600,382156568734300,700,before
secret_dependent_routine,382156568735300,382156568748200,12900,before
secret_dependent_routine,382156568749500,382156568750300,800,before
secret_dependent_routine,382156568751400,382156568762200,10800,before
secret_dependent_routine,382156568763300,382156568763900,600,before
secret_dependent_routine,382156568765000,382156568775600,10600,before
secret_dependent_routine,382156568776600,382156568777300,700,before
secret_dependent_routine,382156568778300,382156568788900,10600,before
secret_dependent_routine,382156568789900,382156568790600,700,before
secret_dependent_routine,382156568791600,382156568802100,10500,before
secret_dependent_routine,382156568803200,382156568803900,700,before
secret_dependent_routine,382156568805000,382156568815600,10600,before
secret_dependent_routine,382156568818900,382156568819600,700,before
secret_dependent_routine,382156568820700,382156568831200,10500,before
secret_dependent_routine,382156568832300,382156568832900,600,before
secret_dependent_routine,382156568833900,382156568844500,10600,before
secret_dependent_routine,382156568845600,382156568846200,600,before
secret_dependent_routine,382156568847300,382156568857700,10400,before
secret_dependent_routine,382156568858800,382156568859400,600,before
secret_dependent_routine,382156568860400,382156568870400,10000,before
secret_dependent_routine,382156568871400,382156568872100,700,before
secret_dependent_routine,382156568873200,382156568883300,10100,before
secret_dependent_routine,382156568884300,382156568884900,600,before
secret_dependent_routine,382156568886000,382156568896100,10100,before
secret_dependent_routine,382156568897200,382156568897800,600,before
secret_dependent_routine,382156568898800,382156568909100,10300,before
secret_dependent_routine,382156568910200,382156568910800,600,before
secret_dependent_routine,382156568911900,382156568922300,10400,before
secret_dependent_routine,382156568923400,382156568923900,500,before
secret_dependent_routine,382156568925000,382156568935300,10300,before
secret_dependent_routine,382156568936400,382156568937000,600,before
secret_dependent_routine,382156568938100,382156568948600,10500,before
secret_dependent_routine,382156568949700,382156568950300,600,before
secret_dependent_routine,382156568951400,382156568962000,10600,before
secret_dependent_routine,382156568963000,382156568963600,600,before
secret_dependent_routine,382156568964700,382156568975400,10700,before
secret_dependent_routine,382156568976500,382156568977100,600,before
secret_dependent_routine,382156568978200,382156568989000,10800,before
secret_dependent_routine,382156568990100,382156568990700,600,before
secret_dependent_routine,382156568991800,382156569002100,10300,before
secret_dependent_routine,382156569003200,382156569003800,600,before
secret_dependent_routine,382156569004900,382156569015300,10400,before
secret_dependent_routine,382156569016400,382156569017000,600,before
secret_dependent_routine,382156569018100,382156569030000,11900,before
secret_dependent_routine,382156569031100,382156569031800,700,before
secret_dependent_routine,382156569032900,382156569043700,10800,before
secret_dependent_routine,382156569044900,382156569045500,600,before
secret_dependent_routine,382156569046600,382156569057700,11100,before
secret_dependent_routine,382156569059000,382156569059700,700,before
secret_dependent_routine,382156569062200,382156569074400,12200,before
secret_dependent_routine,382156569075700,382156569076300,600,before
secret_dependent_routine,382156569077600,382156569088700,11100,before
secret_dependent_routine,382156569090100,382156569090900,800,before
secret_dependent_routine,382156569092100,382156569103700,11600,before
secret_dependent_routine,382156569106200,382156569107000,800,before
secret_dependent_routine,382156569108300,382156569120400,12100,before
secret_dependent_routine,382156569121600,382156569122300,700,before
secret_dependent_routine,382156569123500,382156569135300,11800,before
secret_dependent_routine,382156569136500,382156569137200,700,before
secret_dependent_routine,382156569138400,382156569150200,11800,before
secret_dependent_routine,382156569151400,382156569152100,700,before
secret_dependent_routine,382156569153400,382156569164900,11500,before
secret_dependent_routine,382156569166200,382156569166900,700,before
secret_dependent_routine,382156569168100,382156569179600,11500,before
secret_dependent_routine,382156569180900,382156569181600,700,before
secret_dependent_routine,382156569182900,382156569194600,11700,before
secret_dependent_routine,382156569195700,382156569196500,800,before
secret_dependent_routine,382156569197700,382156569209300,11600,before
secret_dependent_routine,382156569210600,382156569211300,700,before
secret_dependent_routine,382156569212500,382156569224500,12000,before
secret_dependent_routine,382156569225700,382156569226500,800,before
secret_dependent_routine,382156569227700,382156569239700,12000,before
secret_dependent_routine,382156569240900,382156569241600,700,before
secret_dependent_routine,382156569242800,382156569254800,12000,before
secret_dependent_routine,382156569256100,382156569256800,700,before
secret_dependent_routine,382156569257900,382156569270000,12100,before
secret_dependent_routine,382156569271200,382156569272000,800,before
secret_dependent_routine,382156569273200,382156569285200,12000,before
secret_dependent_routine,382156569286400,382156569287100,700,before
secret_dependent_routine,382156569288400,382156569300400,12000,before
secret_dependent_routine,382156569301700,382156569302400,700,before
secret_dependent_routine,382156569303600,382156569315300,11700,before
secret_dependent_routine,382156569316600,382156569317300,700,before
secret_dependent_routine,382156569318400,382156569329900,11500,before
secret_dependent_routine,382156569331100,382156569331800,700,before
secret_dependent_routine,382156569334300,382156569346300,12000,before
secret_dependent_routine,382156569347700,382156569352000,4300,before
secret_dependent_routine,382156569353200,382156569363800,10600,before
secret_dependent_routine,382156569364900,382156569365500,600,before
secret_dependent_routine,382156569366600,382156569376800,10200,before
secret_dependent_routine,382156569377800,382156569378400,600,before
secret_dependent_routine,382156569379600,382156569390100,10500,before
secret_dependent_routine,382156569391200,382156569391900,700,before
secret_dependent_routine,382156569393000,382156569403500,10500,before
secret_dependent_routine,382156569404600,382156569405300,700,before
secret_dependent_routine,382156569406300,382156569416900,10600,before
secret_dependent_routine,382156569419100,382156569419700,600,before
secret_dependent_routine,382156569420900,382156569431000,10100,before
secret_dependent_routine,382156569432200,382156569432800,600,before
secret_dependent_routine,382156569433900,382156569443800,9900,before
secret_dependent_routine,382156569444800,382156569445400,600,before
secret_dependent_routine,382156569446500,382156569456400,9900,before
secret_dependent_routine,382156569457500,382156569458100,600,before
secret_dependent_routine,382156569459200,382156569469500,10300,before
secret_dependent_routine,382156569470600,382156569471200,600,before
secret_dependent_routine,382156569472300,382156569482500,10200,before
secret_dependent_routine,382156569483600,382156569484200,600,before
secret_dependent_routine,382156569485300,382156569501600,16300,before
secret_dependent_routine,382156569503200,382156569504000,800,before
secret_dependent_routine,382156569505200,382156569516200,11000,before
secret_dependent_routine,382156569517300,382156569518000,700,before
secret_dependent_routine,382156569519000,382156569529900,10900,before
secret_dependent_routine,382156569531000,382156569531600,600,before
secret_dependent_routine,382156569532700,382156569543600,10900,before
secret_dependent_routine,382156569544600,382156569545200,600,before
secret_dependent_routine,382156569546200,382156569557400,11200,before
secret_dependent_routine,382156569558500,382156569559100,600,before
secret_dependent_routine,382156569560200,382156569571000,10800,before
secret_dependent_routine,382156569572100,382156569572700,600,before
secret_dependent_routine,382156569573800,382156569584400,10600,before
secret_dependent_routine,382156569585500,382156569586100,600,before
secret_dependent_routine,382156569588500,382156569599500,11000,before
secret_dependent_routine,382156569600600,382156569601300,700,before
secret_dependent_routine,382156569602400,382156569612600,10200,before
secret_dependent_routine,382156569613700,382156569614400,700,before
secret_dependent_routine,382156569615400,382156569626400,11000,before
secret_dependent_routine,382156569627500,382156569628100,600,before
secret_dependent_routine,382156569629200,382156569639900,10700,before
secret_dependent_routine,382156569641000,382156569642800,1800,before
secret_dependent_routine,382156569643900,382156569655200,11300,before
secret_dependent_routine,382156569656300,382156569656900,600,before
secret_dependent_routine,382156569658100,382156569669200,11100,before
secret_dependent_routine,382156569670300,382156569670900,600,before
secret_dependent_routine,382156569672000,382156569683000,11000,before
secret_dependent_routine,382156569684100,382156569684800,700,before
secret_dependent_routine,382156569685800,382156569696800,11000,before
secret_dependent_routine,382156569697900,382156569698500,600,before
secret_dependent_routine,382156569699500,382156569712100,12600,before
secret_dependent_routine,382156569713200,382156569713900,700,before
secret_dependent_routine,382156569716100,382156569726500,10400,before
secret_dependent_routine,382156569727600,382156569728200,600,before
secret_dependent_routine,382156569729300,382156569739700,10400,before
secret_dependent_routine,382156569740800,382156569741500,700,before
secret_dependent_routine,382156569742600,382156569753100,10500,before
secret_dependent_routine,382156569754100,382156569754700,600,before
secret_dependent_routine,382156569755800,382156569766400,10600,before
secret_dependent_routine,382156569767500,382156569768100,600,before
secret_dependent_routine,382156569769200,382156569779800,10600,before
secret_dependent_routine,382156569781000,382156569781600,600,before
secret_dependent_routine,382156569782700,382156569793000,10300,before
secret_dependent_routine,382156569794100,382156569794700,600,before
secret_dependent_routine,382156569795800,382156569806200,10400,before
secret_dependent_routine,382156569807200,382156569807800,600,before
secret_dependent_routine,382156569809000,382156569819400,10400,before
secret_dependent_routine,382156569820500,382156569821200,700,before
secret_dependent_routine,382156569822400,382156569833000,10600,before
secret_dependent_routine,382156569834100,382156569834700,600,before
secret_dependent_routine,382156569836900,382156569847800,10900,before
secret_dependent_routine,382156569849000,382156569849600,600,before
secret_dependent_routine,382156569850700,382156569861200,10500,before
secret_dependent_routine,382156569862200,382156569862800,600,before
secret_dependent_routine,382156569863900,382156569874400,10500,before
secret_dependent_routine,382156569875400,382156569876000,600,before
secret_dependent_routine,382156569877100,382156569887900,10800,before
secret_dependent_routine,382156569888900,382156569889500,600,before
secret_dependent_routine,382156569890500,382156569901000,10500,before
secret_dependent_routine,382156569902000,382156569902600,600,before
secret_dependent_routine,382156569903700,382156569914000,10300,before
secret_dependent_routine,382156569915100,382156569915700,600,before
secret_dependent_routine,382156569916700,382156569927200,10500,before
secret_dependent_routine,382156569928300,382156569928900,600,before
secret_dependent_routine,382156569929900,382156569942900,13000,before
secret_dependent_routine,382156569944100,382156569944800,700,before
secret_dependent_routine,382156569945900,382156569956600,10700,before
secret_dependent_routine,382156569957700,382156569958300,600,before
secret_dependent_routine,382156569959400,382156569970000,10600,before
secret_dependent_routine,382156569971100,382156569971700,600,before
secret_dependent_routine,382156569972700,382156569983500,10800,before
secret_dependent_routine,382156569984600,382156569985300,700,before
secret_dependent_routine,382156569986300,382156569997300,11000,before
secret_dependent_routine,382156569998400,382156569999100,700,before
secret_dependent_routine,382156570000300,382156570011300,11000,before
secret_dependent_routine,382156570013600,382156570014300,700,before
secret_dependent_routine,382156570015400,382156570026100,10700,before
secret_dependent_routine,382156570027200,382156570027800,600,before
secret_dependent_routine,382156570028900,382156570039400,10500,before
secret_dependent_routine,382156570040500,382156570041200,700,before
secret_dependent_routine,382156570042300,382156570053600,11300,before
secret_dependent_routine,382156570054800,382156570055600,800,before
secret_dependent_routine,382156570056800,382156570069200,12400,before
secret_dependent_routine,382156570070400,382156570071100,700,before
secret_dependent_routine,382156570072300,382156570084400,12100,before
secret_dependent_routine,382156570085600,382156570086300,700,before
secret_dependent_routine,382156570087500,382156570099700,12200,before
secret_dependent_routine,382156570102200,382156570103000,800,before
secret_dependent_routine,382156570104300,382156570116500,12200,before
secret_dependent_routine,382156570117800,382156570118500,700,before
secret_dependent_routine,382156570119700,382156570131400,11700,before
secret_dependent_routine,382156570132600,382156570133400,800,before
secret_dependent_routine,382156570134700,382156570146300,11600,before
secret_dependent_routine,382156570147600,382156570148300,700,before
secret_dependent_routine,382156570149500,382156570161200,11700,before
secret_dependent_routine,382156570162600,382156570163300,700,before
secret_dependent_routine,382156570164700,382156570176500,11800,before
secret_dependent_routine,382156570177600,382156570178300,700,before
secret_dependent_routine,382156570179600,382156570191600,12000,before
secret_dependent_routine,382156570192800,382156570193500,700,before
secret_dependent_routine,382156570194700,382156570206600,11900,before
secret_dependent_routine,382156570207800,382156570208500,700,before
secret_dependent_routine,382156570209700,382156570221200,11500,before
secret_dependent_routine,382156570222400,382156570223100,700,before
secret_dependent_routine,382156570224300,382156570236300,12000,before
secret_dependent_routine,382156570237400,382156570238200,800,before
secret_dependent_routine,382156570239400,382156570252300,12900,before
secret_dependent_routine,382156570253500,382156570254200,700,before
secret_dependent_routine,382156570255500,382156570267100,11600,before
secret_dependent_routine,382156570268300,382156570269000,700,before
secret_dependent_routine,382156570270300,382156570282400,12100,before
secret_dependent_routine,382156570283600,382156570284400,800,before
secret_dependent_routine,382156570285600,382156570297600,12000,before
secret_dependent_routine,382156570298800,382156570299600,800,before
secret_dependent_routine,382156570300800,382156570312900,12100,before
secret_dependent_routine,382156570314100,382156570314800,700,before
secret_dependent_routine,382156570316100,382156570328000,11900,before
secret_dependent_routine,382156570330500,382156570331300,800,before
secret_dependent_routine,382156570332700,382156570345400,12700,before
secret_dependent_routine,382156570346500,382156570347000,500,before
secret_dependent_routine,382156570348100,382156570358500,10400,before
secret_dependent_routine,382156570359700,382156570360300,600,before
secret_dependent_routine,382156570361400,382156570371800,10400,before
secret_dependent_routine,382156570374100,382156570374800,700,before
secret_dependent_routine,382156570375900,382156570386400,10500,before
secret_dependent_routine,382156570387500,382156570388200,700,before
secret_dependent_routine,382156570389300,382156570400000,10700,before
secret_dependent_routine,382156570401100,382156570401700,600,before
secret_dependent_routine,382156570402800,382156570413700,10900,before
secret_dependent_routine,382156570414800,382156570415400,600,before
secret_dependent_routine,382156570416400,382156570427200,10800,before
secret_dependent_routine,382156570428300,382156570429000,700,before
secret_dependent_routine,382156570430000,382156570441100,11100,before
secret_dependent_routine,382156570442200,382156570442800,600,before
secret_dependent_routine,382156570443800,382156570454700,10900,before
secret_dependent_routine,382156570455700,382156570456400,700,before
secret_dependent_routine,382156570457400,382156570468400,11000,before
secret_dependent_routine,382156570469400,382156570470100,700,before
secret_dependent_routine,382156570471100,382156570481900,10800,before
secret_dependent_routine,382156570483000,382156570483700,700,before
secret_dependent_routine,382156570484700,382156570495500,10800,before
secret_dependent_routine,382156570496600,382156570497200,600,before
secret_dependent_routine,382156570498200,382156570509200,11000,before
secret_dependent_routine,382156570510300,382156570510900,600,before
secret_dependent_routine,382156570511900,382156570522900,11000,before
secret_dependent_routine,382156570524000,382156570524700,700,before
secret_dependent_routine,382156570525700,382156570536400,10700,before
secret_dependent_routine,382156570537500,382156570538100,600,before
secret_dependent_routine,382156570539200,382156570550200,11000,before
secret_dependent_routine,382156570551200,382156570552900,1700,before
secret_dependent_routine,382156570554100,382156570564500,10400,before
secret_dependent_routine,382156570565600,382156570566300,700,before
secret_dependent_routine,382156570567300,382156570577700,10400,before
secret_dependent_routine,382156570578800,382156570579400,600,before
secret_dependent_routine,382156570581300,382156570591800,10500,before
secret_dependent_routine,382156570592900,382156570593600,700,before
secret_dependent_routine,382156570594700,382156570605300,10600,before
secret_dependent_routine,382156570606400,382156570607000,600,before
secret_dependent_routine,382156570608100,382156570618400,10300,before
secret_dependent_routine,382156570621600,382156570622300,700,before
secret_dependent_routine,382156570623500,382156570633900,10400,before
secret_dependent_routine,382156570635000,382156570635700,700,before
secret_dependent_routine,382156570636800,382156570647100,10300,before
secret_dependent_routine,382156570648200,382156570648800,600,before
secret_dependent_routine,382156570649900,382156570660300,10400,before
secret_dependent_routine,382156570661400,382156570662000,600,before
secret_dependent_routine,382156570663100,382156570673300,10200,before
secret_dependent_routine,382156570674400,382156570675000,600,before
secret_dependent_routine,382156570676000,382156570686500,10500,before
secret_dependent_routine,382156570687600,382156570688200,600,before
secret_dependent_routine,382156570689300,382156570699800,10500,before
secret_dependent_routine,382156570700800,382156570701400,600,before
secret_dependent_routine,382156570702500,382156570713100,10600,before
secret_dependent_routine,382156570714200,382156570714800,600,before
secret_dependent_routine,382156570715800,382156570726100,10300,before
secret_dependent_routine,382156570727300,382156570727900,600,before
secret_dependent_routine,382156570728900,382156570739800,10900,before
secret_dependent_routine,382156570740900,382156570741400,500,before
secret_dependent_routine,382156570742500,382156570753200,10700,before
secret_dependent_routine,382156570754300,382156570754900,600,before
secret_dependent_routine,382156570756000,382156570766800,10800,before
secret_dependent_routine,382156570767800,382156570768400,600,before
secret_dependent_routine,382156570769500,382156570780100,10600,before
secret_dependent_routine,382156570781100,382156570781800,700,before
secret_dependent_routine,382156570782800,382156570793400,10600,before
secret_dependent_routine,382156570794500,382156570795100,600,before
secret_dependent_routine,382156570796200,382156570806500,10300,before
secret_dependent_routine,382156570807500,382156570808200,700,before
secret_dependent_routine,382156570809200,382156570819600,10400,before
secret_dependent_routine,382156570820600,382156570821200,600,before
secret_dependent_routine,382156570822300,382156570832900,10600,before
secret_dependent_routine,382156570833900,382156570835700,1800,before
secret_dependent_routine,382156570836800,382156570847500,10700,before
secret_dependent_routine,382156570848700,382156570849400,700,before
secret_dependent_routine,382156570850500,382156570861200,10700,before
secret_dependent_routine,382156570863400,382156570864100,700,before
secret_dependent_routine,382156570865200,382156570875500,10300,before
secret_dependent_routine,382156570876600,382156570877200,600,before
secret_dependent_routine,382156570878300,382156570888600,10300,before
secret_dependent_routine,382156570889600,382156570890200,600,before
secret_dependent_routine,382156570891300,382156570901800,10500,before
secret_dependent_routine,382156570902900,382156570903600,700,before
secret_dependent_routine,382156570905800,382156570916400,10600,before
secret_dependent_routine,382156570917500,382156570918100,600,before
secret_dependent_routine,382156570919200,382156570929500,10300,before
secret_dependent_routine,382156570930600,382156570931200,600,before
secret_dependent_routine,382156570932300,382156570942300,10000,before
secret_dependent_routine,382156570943400,382156570944000,600,before
secret_dependent_routine,382156570945100,382156570955300,10200,before
secret_dependent_routine,382156570956400,382156570957000,600,before
secret_dependent_routine,382156570958100,382156570968500,10400,before
secret_dependent_routine,382156570969500,382156570970200,700,before
secret_dependent_routine,382156570971300,382156570981400,10100,before
secret_dependent_routine,382156570982500,382156570983100,600,before
secret_dependent_routine,382156570984200,382156570994600,10400,before
secret_dependent_routine,382156570995700,382156570996400,700,before
secret_dependent_routine,382156570997500,382156571007600,10100,before
secret_dependent_routine,382156571008700,382156571009300,600,before
secret_dependent_routine,382156571010400,382156571020700,10300,before
secret_dependent_routine,382156571021700,382156571022400,700,before
secret_dependent_routine,382156571023400,382156571033700,10300,before
secret_dependent_routine,382156571034800,382156571035400,600,before
secret_dependent_routine,382156571036500,382156571046600,10100,before
secret_dependent_routine,382156571047600,382156571048200,600,before
secret_dependent_routine,382156571049300,382156571060900,11600,before
secret_dependent_routine,382156571062100,382156571062800,700,before
secret_dependent_routine,382156571064000,382156571075800,11800,before
secret_dependent_routine,382156571077000,382156571077700,700,before
secret_dependent_routine,382156571078900,382156571090900,12000,before
secret_dependent_routine,382156571092200,382156571092900,700,before
secret_dependent_routine,382156571094100,382156571106000,11900,before
secret_dependent_routine,382156571107300,382156571108000,700,before
secret_dependent_routine,382156571110700,382156571124200,13500,before
secret_dependent_routine,382156571125500,382156571126300,800,before
secret_dependent_routine,382156571127600,382156571141900,14300,before
secret_dependent_routine,382156571143400,382156571144100,700,before
secret_dependent_routine,382156571145500,382156571157000,11500,before
secret_dependent_routine,382156571158400,382156571159200,800,before
secret_dependent_routine,382156571160600,382156571172900,12300,before
secret_dependent_routine,382156571174100,382156571174800,700,before
secret_dependent_routine,382156571176100,382156571188200,12100,before
secret_dependent_routine,382156571189500,382156571190200,700,before
secret_dependent_routine,382156571191500,382156571205200,13700,before
secret_dependent_routine,382156571206400,382156571207200,800,before
secret_dependent_routine,382156571208400,382156571220600,12200,before
secret_dependent_routine,382156571223100,382156571223900,800,before
secret_dependent_routine,382156571225400,382156571238500,13100,before
secret_dependent_routine,382156571239700,382156571240400,700,before
secret_dependent_routine,382156571241600,382156571254400,12800,before
secret_dependent_routine,382156571255700,382156571256400,700,before
secret_dependent_routine,382156571257600,382156571270200,12600,before
secret_dependent_routine,382156571271400,382156571272100,700,before
secret_dependent_routine,382156571273300,382156571286400,13100,before
secret_dependent_routine,382156571287600,382156571288400,800,before
secret_dependent_routine,382156571289600,382156571303000,13400,before
secret_dependent_routine,382156571304300,382156571305000,700,before
secret_dependent_routine,382156571306200,382156571319400,13200,before
secret_dependent_routine,382156571320600,382156571321300,700,before
secret_dependent_routine,382156571322500,382156571335700,13200,before
secret_dependent_routine,382156571336900,382156571338700,1800,before
secret_dependent_routine,382156571339800,382156571351000,11200,before
secret_dependent_routine,382156571352200,382156571352800,600,before
secret_dependent_routine,382156571353800,382156571365400,11600,before
secret_dependent_routine,382156571366400,382156571367100,700,before
secret_dependent_routine,382156571368200,382156571379400,11200,before
secret_dependent_routine,382156571380500,382156571381100,600,before
secret_dependent_routine,382156571382200,382156571393600,11400,before
secret_dependent_routine,382156571394700,382156571395300,600,before
secret_dependent_routine,382156571397600,382156571408600,11000,before
secret_dependent_routine,382156571409700,382156571410300,600,before
secret_dependent_routine,382156571411500,382156571422200,10700,before
secret_dependent_routine,382156571423300,382156571424000,700,before
secret_dependent_routine,382156571425000,382156571436100,11100,before
secret_dependent_routine,382156571437200,382156571437900,700,before
secret_dependent_routine,382156571438900,382156571450000,11100,before
secret_dependent_routine,382156571451100,382156571451700,600,before
secret_dependent_routine,382156571452800,382156571464600,11800,before
secret_dependent_routine,382156571465700,382156571466400,700,before
secret_dependent_routine,382156571467600,382156571478300,10700,before
secret_dependent_routine,382156571479400,382156571480000,600,before
secret_dependent_routine,382156571481100,382156571492400,11300,before
secret_dependent_routine,382156571497600,382156571498400,800,before
secret_dependent_routine,382156571499700,382156571510400,10700,before
secret_dependent_routine,382156571511500,382156571512100,600,before
secret_dependent_routine,382156571513200,382156571523900,10700,before
secret_dependent_routine,382156571525000,382156571525600,600,before
secret_dependent_routine,382156571526700,382156571537500,10800,before
secret_dependent_routine,382156571539700,382156571540500,800,before
secret_dependent_routine,382156571541600,382156571552300,10700,before
secret_dependent_routine,382156571553300,382156571553900,600,before
secret_dependent_routine,382156571555100,382156571566000,10900,before
secret_dependent_routine,382156571567100,382156571567800,700,before
secret_dependent_routine,382156571568900,382156571580200,11300,before
secret_dependent_routine,382156571581300,382156571582000,700,before
secret_dependent_routine,382156571583100,382156571594500,11400,before
secret_dependent_routine,382156571595600,382156571596200,600,before
secret_dependent_routine,382156571597300,382156571608700,11400,before
secret_dependent_routine,382156571609700,382156571610400,700,before
secret_dependent_routine,382156571611500,382156571622600,11100,before
secret_dependent_routine,382156571623700,382156571624300,600,before
secret_dependent_routine,382156571625400,382156571636200,10800,before
secret_dependent_routine,382156571637200,382156571637900,700,before
secret_dependent_routine,382156571639000,382156571650300,11300,before
secret_dependent_routine,382156571651400,382156571652100,700,before
secret_dependent_routine,382156571654400,382156571665300,10900,before
secret_dependent_routine,382156571666500,382156571667100,600,before
secret_dependent_routine,382156571668200,382156571679000,10800,before
secret_dependent_routine,382156571680100,382156571680700,600,before
secret_dependent_routine,382156571681800,382156571692500,10700,before
secret_dependent_routine,382156571693500,382156571694200,700,before
secret_dependent_routine,382156571695200,382156571706000,10800,before
secret_dependent_routine,382156571707100,382156571707700,600,before
secret_dependent_routine,382156571708800,382156571719500,10700,before
secret_dependent_routine,382156571720600,382156571721200,600,before
secret_dependent_routine,382156571722300,382156571732700,10400,before
secret_dependent_routine,382156571733800,382156571734500,700,before
secret_dependent_routine,382156571735600,382156571746400,10800,before
secret_dependent_routine,382156571747400,382156571748000,600,before
secret_dependent_routine,382156571749100,382156571759800,10700,before
secret_dependent_routine,382156571760900,382156571762700,1800,before
secret_dependent_routine,382156571763800,382156571775100,11300,before
secret_dependent_routine,382156571776200,382156571776800,600,before
secret_dependent_routine,382156571777900,382156571789200,11300,before
secret_dependent_routine,382156571790300,382156571791000,700,before
secret_dependent_routine,382156571792100,382156571803500,11400,before
secret_dependent_routine,382156571804600,382156571805300,700,before
secret_dependent_routine,382156571806400,382156571817600,11200,before
secret_dependent_routine,382156571818700,382156571819400,700,before
secret_dependent_routine,382156571820400,382156571831700,11300,before
secret_dependent_routine,382156571833800,382156571834600,800,before
secret_dependent_routine,382156571835700,382156571846100,10400,before
secret_dependent_routine,382156571847200,382156571847900,700,before
secret_dependent_routine,382156571849000,382156571859400,10400,before
secret_dependent_routine,382156571860500,382156571861100,600,before
secret_dependent_routine,382156571862100,382156571872600,10500,before
secret_dependent_routine,382156571873700,382156571874300,600,before
secret_dependent_routine,382156571875300,382156571886100,10800,before
secret_dependent_routine,382156571887100,382156571887800,700,before
secret_dependent_routine,382156571888800,382156571899600,10800,before
secret_dependent_routine,382156571900600,382156571901300,700,before
secret_dependent_routine,382156571903500,382156571914300,10800,before
secret_dependent_routine,382156571915400,382156571916100,700,before
secret_dependent_routine,382156571917100,382156571927800,10700,before
secret_dependent_routine,382156571928900,382156571929500,600,before
secret_dependent_routine,382156571930600,382156571940900,10300,before
secret_dependent_routine,382156571942000,382156571942600,600,before
secret_dependent_routine,382156571943700,382156571954400,10700,before
secret_dependent_routine,382156571955400,382156571956000,600,before
secret_dependent_routine,382156571957100,382156571967800,10700,before
secret_dependent_routine,382156571968800,382156571969400,600,before
secret_dependent_routine,382156571970500,382156571981200,10700,before
secret_dependent_routine,382156571982300,382156571982900,600,before
secret_dependent_routine,382156571984000,382156571994700,10700,before
secret_dependent_routine,382156571995800,382156571996500,700,before
secret_dependent_routine,382156571997500,382156572008300,10800,before
secret_dependent_routine,382156572009400,382156572010000,600,before
secret_dependent_routine,382156572011100,382156572021900,10800,before
secret_dependent_routine,382156572022900,382156572023500,600,before
secret_dependent_routine,382156572024500,382156572035200,10700,before
secret_dependent_routine,382156572036300,382156572036900,600,before
secret_dependent_routine,382156572038000,382156572049000,11000,before
secret_dependent_routine,382156572050200,382156572052200,2000,before
secret_dependent_routine,382156572053600,382156572065800,12200,before
secret_dependent_routine,382156572067300,382156572068000,700,before
secret_dependent_routine,382156572069200,382156572082200,13000,before
secret_dependent_routine,382156572083500,382156572084300,800,before
secret_dependent_routine,382156572085500,382156572098100,12600,before
secret_dependent_routine,382156572099500,382156572100300,800,before
secret_dependent_routine,382156572101500,382156572114500,13000,before
secret_dependent_routine,382156572115800,382156572116500,700,before
secret_dependent_routine,382156572117900,382156572131000,13100,before
secret_dependent_routine,382156572132300,382156572132900,600,before
secret_dependent_routine,382156572135300,382156572147600,12300,before
secret_dependent_routine,382156572148900,382156572149700,800,before
secret_dependent_routine,382156572150900,382156572163300,12400,before
secret_dependent_routine,382156572164500,382156572165300,800,before
secret_dependent_routine,382156572166500,382156572178700,12200,before
secret_dependent_routine,382156572181400,382156572182200,800,before
secret_dependent_routine,382156572183400,382156572196000,12600,before
secret_dependent_routine,382156572204000,382156572204700,700,before
secret_dependent_routine,382156572206100,382156572219200,13100,before
secret_dependent_routine,382156572220500,382156572221300,800,before
secret_dependent_routine,382156572222500,382156572235900,13400,before
secret_dependent_routine,382156572237200,382156572238100,900,before
secret_dependent_routine,382156572239400,382156572252400,13000,before
secret_dependent_routine,382156572253600,382156572254300,700,before
secret_dependent_routine,382156572255600,382156572268600,13000,before
secret_dependent_routine,382156572269900,382156572270700,800,before
secret_dependent_routine,382156572271900,382156572285000,13100,before
secret_dependent_routine,382156572286200,382156572287000,800,before
secret_dependent_routine,382156572288300,382156572301400,13100,before
secret_dependent_routine,382156572302700,382156572303400,700,before
secret_dependent_routine,382156572304800,382156572317900,13100,before
secret_dependent_routine,382156572319100,382156572319900,800,before
secret_dependent_routine,382156572321200,382156572334000,12800,before
secret_dependent_routine,382156572335300,382156572336000,700,before
secret_dependent_routine,382156572337300,382156572350300,13000,before
secret_dependent_routine,382156572351500,382156572352200,700,before
secret_dependent_routine,382156572353500,382156572366300,12800,before
secret_dependent_routine,382156572367600,382156572368300,700,before
secret_dependent_routine,382156572369600,382156572382100,12500,before
secret_dependent_routine,382156572383300,382156572384100,800,before
secret_dependent_routine,382156572385400,382156572398400,13000,before
secret_dependent_routine,382156572399700,382156572400500,800,before
secret_dependent_routine,382156572401800,382156572417600,15800,before
secret_dependent_routine,382156572419000,382156572419700,700,before
secret_dependent_routine,382156572421200,382156572434500,13300,before
secret_dependent_routine,382156572436000,382156572436900,900,before
secret_dependent_routine,382156572438200,382156572450900,12700,before
secret_dependent_routine,382156572452300,382156572453100,800,before
secret_dependent_routine,382156572454400,382156572483900,29500,before
secret_dependent_routine,382156572487600,382156572489400,1800,before
secret_dependent_routine,382156572492500,382156572525500,33000,before
secret_dependent_routine,382156572529900,382156572531500,1600,before
secret_dependent_routine,382156572533600,382156572554300,20700,before
secret_dependent_routine,382156572558400,382156572559800,1400,before
secret_dependent_routine,382156572561900,382156572590000,28100,before
secret_dependent_routine,382156572592700,382156572594100,1400,before
secret_dependent_routine,382156572596300,382156572615300,19000,before
secret_dependent_routine,382156572617200,382156572618100,900,before
secret_dependent_routine,382156572619500,382156572631700,12200,before
secret_dependent_routine,382156572633100,382156572633800,700,before
secret_dependent_routine,382156572635300,382156572647600,12300,before
secret_dependent_routine,382156572649200,382156572650000,800,before
secret_dependent_routine,382156572651300,382156572678200,26900,before
secret_dependent_routine,382156572681000,382156572682500,1500,before
secret_dependent_routine,382156572684900,382156572706100,21200,before
secret_dependent_routine,382156572708300,382156572709800,1500,before
secret_dependent_routine,382156572712200,382156572739300,27100,before
secret_dependent_routine,382156572741600,382156572743100,1500,before
secret_dependent_routine,382156572745400,382156572758200,12800,before
secret_dependent_routine,382156572759700,382156572760500,800,before
secret_dependent_routine,382156572761800,382156572773900,12100,before
secret_dependent_routine,382156572775200,382156572776100,900,before
secret_dependent_routine,382156572777400,382156572789700,12300,before
secret_dependent_routine,382156572791100,382156572792000,900,before
secret_dependent_routine,382156572793300,382156572806200,12900,before
secret_dependent_routine,382156572807500,382156572808200,700,before
secret_dependent_routine,382156572809500,382156572822300,12800,before
secret_dependent_routine,382156572823600,382156572824400,800,before
secret_dependent_routine,382156572825700,382156572838700,13000,before
secret_dependent_routine,382156572839900,382156572840700,800,before
secret_dependent_routine,382156572842000,382156572855000,13000,before
secret_dependent_routine,382156572856300,382156572857100,800,before
secret_dependent_routine,382156572858300,382156572871300,13000,before
secret_dependent_routine,382156572872600,382156572873400,800,before
secret_dependent_routine,382156572874600,382156572889100,14500,before
secret_dependent_routine,382156572890500,382156572891200,700,before
secret_dependent_routine,382156572892600,382156572905600,13000,before
secret_dependent_routine,382156572908400,382156572909200,800,before
secret_dependent_routine,382156572910400,382156572923100,12700,before
secret_dependent_routine,382156572924500,382156572925200,700,before
secret_dependent_routine,382156572926600,382156572939200,12600,before
secret_dependent_routine,382156572940400,382156572941200,800,before
secret_dependent_routine,382156572942600,382156572955300,12700,before
secret_dependent_routine,382156572956500,382156572957300,800,before
secret_dependent_routine,382156572958600,382156572971200,12600,before
secret_dependent_routine,382156572973800,382156572974600,800,before
secret_dependent_routine,382156572976100,382156572988800,12700,before
secret_dependent_routine,382156572990100,382156572990800,700,before
secret_dependent_routine,382156572992100,382156573005700,13600,before
secret_dependent_routine,382156573007000,382156573007800,800,before
secret_dependent_routine,382156573009100,382156573022200,13100,before
secret_dependent_routine,382156573023500,382156573024300,800,before
secret_dependent_routine,382156573025600,382156573039000,13400,before
secret_dependent_routine,382156573040400,382156573041300,900,before
secret_dependent_routine,382156573042600,382156573056400,13800,before
secret_dependent_routine,382156573057900,382156573058600,700,before
secret_dependent_routine,382156573059800,382156573072900,13100,before
secret_dependent_routine,382156573074300,382156573075000,700,before
secret_dependent_routine,382156573076400,382156573089800,13400,before
secret_dependent_routine,382156573091100,382156573091900,800,before
secret_dependent_routine,382156573093200,382156573107500,14300,before
secret_dependent_routine,382156573108700,382156573109400,700,before
secret_dependent_routine,382156573110600,382156573123100,12500,before
secret_dependent_routine,382156573124300,382156573125000,700,before
secret_dependent_routine,382156573126300,382156573138900,12600,before
secret_dependent_routine,382156573140100,382156573140800,700,before
secret_dependent_routine,382156573142000,382156573154900,12900,before
secret_dependent_routine,382156573156200,382156573156900,700,before
secret_dependent_routine,382156573158100,382156573170800,12700,before
secret_dependent_routine,382156573172000,382156573172800,800,before
secret_dependent_routine,382156573174000,382156573186600,12600,before
secret_dependent_routine,382156573187800,382156573188500,700,before
secret_dependent_routine,382156573189700,382156573202400,12700,before
secret_dependent_routine,382156573204900,382156573205600,700,before
secret_dependent_routine,382156573206900,382156573218700,11800,before
secret_dependent_routine,382156573219900,382156573220700,800,before
secret_dependent_routine,382156573223200,382156573234900,11700,before
secret_dependent_routine,382156573236100,382156573237900,1800,before
secret_dependent_routine,382156573239100,382156573250500,11400,before
secret_dependent_routine,382156573251700,382156573252500,800,before
secret_dependent_routine,382156573253700,382156573265600,11900,before
secret_dependent_routine,382156573266800,382156573267500,700,before
secret_dependent_routine,382156573268600,382156573280600,12000,before
secret_dependent_routine,382156573281700,382156573282400,700,before
secret_dependent_routine,382156573283600,382156573295700,12100,before
secret_dependent_routine,382156573296800,382156573297600,800,before
secret_dependent_routine,382156573298700,382156573311600,12900,before
secret_dependent_routine,382156573313700,382156573314500,800,before
secret_dependent_routine,382156573315700,382156573326600,10900,before
secret_dependent_routine,382156573327700,382156573328300,600,before
secret_dependent_routine,382156573329300,382156573340200,10900,before
secret_dependent_routine,382156573341300,382156573342000,700,before
secret_dependent_routine,382156573343100,382156573354000,10900,before
secret_dependent_routine,382156573355100,382156573355800,700,before
secret_dependent_routine,382156573356800,382156573367700,10900,before
secret_dependent_routine,382156573368800,382156573369400,600,before
secret_dependent_routine,382156573370400,382156573381500,11100,before
secret_dependent_routine,382156573382600,382156573383200,600,before
secret_dependent_routine,382156573384200,382156573395000,10800,before
secret_dependent_routine,382156573396000,382156573396700,700,before
secret_dependent_routine,382156573397800,382156573408700,10900,before
secret_dependent_routine,382156573409800,382156573410400,600,before
secret_dependent_routine,382156573411500,382156573422300,10800,before
secret_dependent_routine,382156573423400,382156573424000,600,before
secret_dependent_routine,382156573425100,382156573436000,10900,before
secret_dependent_routine,382156573437000,382156573437700,700,before
secret_dependent_routine,382156573438800,382156573449600,10800,before
secret_dependent_routine,382156573450600,382156573451200,600,before
secret_dependent_routine,382156573452300,382156573463200,10900,before
secret_dependent_routine,382156573464300,382156573464900,600,before
secret_dependent_routine,382156573467200,382156573479400,12200,before
secret_dependent_routine,382156573480600,382156573481300,700,before
secret_dependent_routine,382156573482400,382156573494800,12400,before
secret_dependent_routine,382156573501300,382156573502100,800,before
secret_dependent_routine,382156573503500,382156573514300,10800,before
secret_dependent_routine,382156573515400,382156573516100,700,before
secret_dependent_routine,382156573517100,382156573527800,10700,before
secret_dependent_routine,382156573529000,382156573529600,600,before
secret_dependent_routine,382156573530800,382156573541600,10800,before
secret_dependent_routine,382156573542700,382156573544600,1900,before
secret_dependent_routine,382156573545700,382156573556700,11000,before
secret_dependent_routine,382156573557800,382156573558400,600,before
secret_dependent_routine,382156573559600,382156573570500,10900,before
secret_dependent_routine,382156573571600,382156573572200,600,before
secret_dependent_routine,382156573573200,382156573584200,11000,before
secret_dependent_routine,382156573585300,382156573585900,600,before
secret_dependent_routine,382156573587000,382156573597900,10900,before
secret_dependent_routine,382156573599000,382156573599600,600,before
secret_dependent_routine,382156573600800,382156573611900,11100,before
secret_dependent_routine,382156573613000,382156573613700,700,before
secret_dependent_routine,382156573616000,382156573627100,11100,before
secret_dependent_routine,382156573628200,382156573628800,600,before
secret_dependent_routine,382156573630000,382156573640200,10200,before
secret_dependent_routine,382156573641300,382156573641900,600,before
secret_dependent_routine,382156573642900,382156573654100,11200,before
secret_dependent_routine,382156573655200,382156573655900,700,before
secret_dependent_routine,382156573656900,382156573668200,11300,before
secret_dependent_routine,382156573669300,382156573670000,700,before
secret_dependent_routine,382156573671000,382156573682300,11300,before
secret_dependent_routine,382156573683400,382156573684000,600,before
secret_dependent_routine,382156573685100,382156573696400,11300,before
secret_dependent_routine,382156573697500,382156573698100,600,before
secret_dependent_routine,382156573699200,382156573710600,11400,before
secret_dependent_routine,382156573711700,382156573712300,600,before
secret_dependent_routine,382156573713400,382156573724700,11300,before
secret_dependent_routine,382156573725800,382156573726500,700,before
secret_dependent_routine,382156573728800,382156573739700,10900,before
secret_dependent_routine,382156573740800,382156573741400,600,before
secret_dependent_routine,382156573742500,382156573753300,10800,before
secret_dependent_routine,382156573754400,382156573755000,600,before
secret_dependent_routine,382156573756100,382156573766800,10700,before
secret_dependent_routine,382156573767800,382156573768400,600,before
secret_dependent_routine,382156573769500,382156573780400,10900,before
secret_dependent_routine,382156573781500,382156573782200,700,before
secret_dependent_routine,382156573784100,382156573794700,10600,before
secret_dependent_routine,382156573795800,382156573796500,700,before
secret_dependent_routine,382156573797600,382156573808700,11100,before
secret_dependent_routine,382156573809800,382156573810400,600,before
secret_dependent_routine,382156573811500,382156573822500,11000,before
secret_dependent_routine,382156573823600,382156573824200,600,before
secret_dependent_routine,382156573825200,382156573836200,11000,before
secret_dependent_routine,382156573837400,382156573838000,600,before
secret_dependent_routine,382156573839000,382156573852200,13200,before
secret_dependent_routine,382156573853400,382156573854100,700,before
secret_dependent_routine,382156573855300,382156573865600,10300,before
secret_dependent_routine,382156573866700,382156573867300,600,before
secret_dependent_routine,382156573868400,382156573878400,10000,before
secret_dependent_routine,382156573879500,382156573880100,600,before
secret_dependent_routine,382156573881200,382156573891800,10600,before
secret_dependent_routine,382156573892900,382156573893500,600,before
secret_dependent_routine,382156573894700,382156573905400,10700,before
secret_dependent_routine,382156573906400,382156573907100,700,before
secret_dependent_routine,382156573908200,382156573918900,10700,before
secret_dependent_routine,382156573921100,382156573921800,700,before
secret_dependent_routine,382156573923000,382156573933800,10800,before
secret_dependent_routine,382156573934900,382156573935500,600,before
secret_dependent_routine,382156573936600,382156573947100,10500,before
secret_dependent_routine,382156573948200,382156573948900,700,before
secret_dependent_routine,382156573950000,382156573960400,10400,before
secret_dependent_routine,382156573961500,382156573962100,600,before
secret_dependent_routine,382156573963100,382156573973700,10600,before
secret_dependent_routine,382156573974800,382156573975400,600,before
secret_dependent_routine,382156573977700,382156573988100,10400,before
secret_dependent_routine,382156573989200,382156573989800,600,before
secret_dependent_routine,382156573990900,382156574001600,10700,before
secret_dependent_routine,382156574002700,382156574003400,700,before
secret_dependent_routine,382156574004500,382156574015000,10500,before
secret_dependent_routine,382156574016100,382156574016700,600,before
secret_dependent_routine,382156574017700,382156574028300,10600,before
secret_dependent_routine,382156574029400,382156574030100,700,before
secret_dependent_routine,382156574031100,382156574041700,10600,before
secret_dependent_routine,382156574042800,382156574043400,600,before
secret_dependent_routine,382156574044400,382156574055200,10800,before
secret_dependent_routine,382156574056300,382156574056900,600,before
secret_dependent_routine,382156574058100,382156574068700,10600,before
secret_dependent_routine,382156574069900,382156574070500,600,before
secret_dependent_routine,382156574071700,382156574084300,12600,before
secret_dependent_routine,382156574086300,382156574087400,1100,before
secret_dependent_routine,382156574089000,382156574174000,85000,before
secret_dependent_routine,382156574182600,382156574186000,3400,before
secret_dependent_routine,382156574189100,382156574210300,21200,before
secret_dependent_routine,382156574214600,382156574215900,1300,before
secret_dependent_routine,382156574218300,382156574240300,22000,before
secret_dependent_routine,382156574243000,382156574244200,1200,before
secret_dependent_routine,382156574246500,382156574270900,24400,before
secret_dependent_routine,382156574279300,382156574280700,1400,before
secret_dependent_routine,382156574282700,382156574300900,18200,before
secret_dependent_routine,382156574304000,382156574305400,1400,before
secret_dependent_routine,382156574307500,382156574332300,24800,before
secret_dependent_routine,382156574334400,382156574335600,1200,before
secret_dependent_routine,382156574337700,382156574354700,17000,before
secret_dependent_routine,382156574357300,382156574359300,2000,before
secret_dependent_routine,382156574362600,382156574384500,21900,before
secret_dependent_routine,382156574387700,382156574389100,1400,before
secret_dependent_routine,382156574391100,382156574408700,17600,before
secret_dependent_routine,382156574413400,382156574414300,900,before
secret_dependent_routine,382156574415600,382156574427700,12100,before
secret_dependent_routine,382156574429100,382156574429800,700,before
secret_dependent_routine,382156574432400,382156574444600,12200,before
secret_dependent_routine,382156574446000,382156574446800,800,before
secret_dependent_routine,382156574448100,382156574459900,11800,before
secret_dependent_routine,382156574461200,382156574462000,800,before
secret_dependent_routine,382156574463300,382156574476000,12700,before
secret_dependent_routine,382156574477200,382156574478000,800,before
secret_dependent_routine,382156574479300,382156574491500,12200,before
secret_dependent_routine,382156574492800,382156574493600,800,before
secret_dependent_routine,382156574494900,382156574507200,12300,before
secret_dependent_routine,382156574508600,382156574509300,700,before
secret_dependent_routine,382156574510600,382156574522700,12100,before
secret_dependent_routine,382156574524100,382156574524800,700,before
secret_dependent_routine,382156574526200,382156574538500,12300,before
secret_dependent_routine,382156574540100,382156574540900,800,before
secret_dependent_routine,382156574542100,382156574554200,12100,before
secret_dependent_routine,382156574555900,382156574556700,800,before
secret_dependent_routine,382156574558000,382156574569800,11800,before
secret_dependent_routine,382156574571700,382156574572500,800,before
secret_dependent_routine,382156574574000,382156574586400,12400,before
secret_dependent_routine,382156574588500,382156574589200,700,before
secret_dependent_routine,382156574590600,382156574602900,12300,before
secret_dependent_routine,382156574604700,382156574605600,900,before
secret_dependent_routine,382156574606900,382156574619100,12200,before
secret_dependent_routine,382156574620600,382156574621300,700,before
secret_dependent_routine,382156574622600,382156574635300,12700,before
secret_dependent_routine,382156574637500,382156574638300,800,before
secret_dependent_routine,382156574639600,382156574652000,12400,before
secret_dependent_routine,382156574653400,382156574654200,800,before
secret_dependent_routine,382156574655600,382156574668100,12500,before
secret_dependent_routine,382156574669500,382156574671700,2200,before
secret_dependent_routine,382156574673400,382156574685800,12400,before
secret_dependent_routine,382156574687400,382156574688400,1000,before
secret_dependent_routine,382156574689700,382156574702400,12700,before
secret_dependent_routine,382156574704100,382156574704900,800,before
secret_dependent_routine,382156574706100,382156574718400,12300,before
secret_dependent_routine,382156574719700,382156574720400,700,before
secret_dependent_routine,382156574721800,382156574734100,12300,before
secret_dependent_routine,382156574737100,382156574737900,800,before
secret_dependent_routine,382156574739200,382156574751600,12400,before
secret_dependent_routine,382156574754100,382156574754800,700,before
secret_dependent_routine,382156574756300,382156574769000,12700,before
secret_dependent_routine,382156574770500,382156574771300,800,before
secret_dependent_routine,382156574772600,382156574785300,12700,before
secret_dependent_routine,382156574787100,382156574788000,900,before
secret_dependent_routine,382156574789500,382156574801900,12400,before
secret_dependent_routine,382156574803500,382156574804600,1100,before
secret_dependent_routine,382156574805800,382156574818000,12200,before
secret_dependent_routine,382156574819400,382156574820200,800,before
secret_dependent_routine,382156574821800,382156574833900,12100,before
secret_dependent_routine,382156574835300,382156574836200,900,before
secret_dependent_routine,382156574837500,382156574849700,12200,before
secret_dependent_routine,382156574851400,382156574852100,700,before
secret_dependent_routine,382156574853300,382156574865500,12200,before
secret_dependent_routine,382156574866800,382156574867500,700,before
secret_dependent_routine,382156574868900,382156574881400,12500,before
secret_dependent_routine,382156574883000,382156574883900,900,before
secret_dependent_routine,382156574886000,382156574907200,21200,before
secret_dependent_routine,382156574908800,382156574909600,800,before
secret_dependent_routine,382156574911200,382156574924000,12800,before
secret_dependent_routine,382156574925300,382156574926100,800,before
secret_dependent_routine,382156574927400,382156574941400,14000,before
secret_dependent_routine,382156574942700,382156574943500,800,before
secret_dependent_routine,382156574944800,382156574957400,12600,before
secret_dependent_routine,382156574958700,382156574959700,1000,before
secret_dependent_routine,382156574961100,382156574973900,12800,before
secret_dependent_routine,382156574975300,382156574976000,700,before
secret_dependent_routine,382156574977300,382156574989700,12400,before
secret_dependent_routine,382156574991000,382156574997900,6900,before
secret_dependent_routine,382156574999100,382156575012000,12900,before
secret_dependent_routine,382156575013300,382156575014000,700,before
secret_dependent_routine,382156575015300,382156575028000,12700,before
secret_dependent_routine,382156575029500,382156575031500,2000,before
secret_dependent_routine,382156575032900,382156575045600,12700,before
secret_dependent_routine,382156575049000,382156575049900,900,before
secret_dependent_routine,382156575051200,382156575063500,12300,before
secret_dependent_routine,382156575065000,382156575065800,800,before
secret_dependent_routine,382156575067100,382156575079200,12100,before
secret_dependent_routine,382156575080900,382156575081600,700,before
secret_dependent_routine,382156575083000,382156575095300,12300,before
secret_dependent_routine,382156575097300,382156575098000,700,before
secret_dependent_routine,382156575099400,382156575111700,12300,before
secret_dependent_routine,382156575113300,382156575114100,800,before
secret_dependent_routine,382156575116700,382156575129600,12900,before
secret_dependent_routine,382156575131100,382156575131800,700,before
secret_dependent_routine,382156575133200,382156575145700,12500,before
secret_dependent_routine,382156575147100,382156575147900,800,before
secret_dependent_routine,382156575149300,382156575161600,12300,before
secret_dependent_routine,382156575162900,382156575163600,700,before
secret_dependent_routine,382156575165100,382156575181400,16300,before
secret_dependent_routine,382156575183200,382156575184500,1300,before
secret_dependent_routine,382156575186200,382156575207400,21200,before
secret_dependent_routine,382156575208900,382156575209800,900,before
secret_dependent_routine,382156575211300,382156575223600,12300,before
secret_dependent_routine,382156575225000,382156575225700,700,before
secret_dependent_routine,382156575227000,382156575239200,12200,before
secret_dependent_routine,382156575244700,382156575245500,800,before
secret_dependent_routine,382156575246900,382156575259000,12100,before
secret_dependent_routine,382156575260400,382156575261100,700,before
secret_dependent_routine,382156575262500,382156575274900,12400,before
secret_dependent_routine,382156575276400,382156575277100,700,before
secret_dependent_routine,382156575278400,382156575291600,13200,before
secret_dependent_routine,382156575293000,382156575293800,800,before
secret_dependent_routine,382156575295100,382156575307700,12600,before
secret_dependent_routine,382156575309000,382156575309800,800,before
secret_dependent_routine,382156575310900,382156575322600,11700,before
secret_dependent_routine,382156575323800,382156575324500,700,before
secret_dependent_routine,382156575325700,382156575337100,11400,before
secret_dependent_routine,382156575338400,382156575339000,600,before
secret_dependent_routine,382156575340100,382156575351500,11400,before
secret_dependent_routine,382156575354100,382156575354900,800,before
secret_dependent_routine,382156575356100,382156575367500,11400,before
secret_dependent_routine,382156575368700,382156575369400,700,before
secret_dependent_routine,382156575370600,382156575382100,11500,before
secret_dependent_routine,382156575383400,382156575384000,600,before
secret_dependent_routine,382156575385200,382156575399300,14100,before
secret_dependent_routine,382156575401200,382156575402100,900,before
secret_dependent_routine,382156575403300,382156575414600,11300,before
secret_dependent_routine,382156575415900,382156575416500,600,before
secret_dependent_routine,382156575417700,382156575429100,11400,before
secret_dependent_routine,382156575430200,382156575430900,700,before
secret_dependent_routine,382156575432100,382156575443600,11500,before
secret_dependent_routine,382156575444800,382156575445500,700,before
secret_dependent_routine,382156575446600,382156575458100,11500,before
secret_dependent_routine,382156575459300,382156575460000,700,before
secret_dependent_routine,382156575461200,382156575472900,11700,before
secret_dependent_routine,382156575475300,382156575476100,800,before
secret_dependent_routine,382156575477300,382156575489400,12100,before
secret_dependent_routine,382156575490600,382156575491200,600,before
secret_dependent_routine,382156575492300,382156575509100,16800,before
secret_dependent_routine,382156575510600,382156575511400,800,before
secret_dependent_routine,382156575512600,382156575523300,10700,before
secret_dependent_routine,382156575524400,382156575525000,600,before
secret_dependent_routine,382156575526100,382156575536700,10600,before
secret_dependent_routine,382156575537800,382156575538600,800,before
secret_dependent_routine,382156575539700,382156575550300,10600,before
secret_dependent_routine,382156575551400,382156575552000,600,before
secret_dependent_routine,382156575553200,382156575564200,11000,before
secret_dependent_routine,382156575565300,382156575566000,700,before
secret_dependent_routine,382156575567000,382156575577700,10700,before
secret_dependent_routine,382156575578800,382156575579400,600,before
secret_dependent_routine,382156575580400,382156575591000,10600,before
secret_dependent_routine,382156575592100,382156575592700,600,before
secret_dependent_routine,382156575593800,382156575604400,10600,before
secret_dependent_routine,382156575605500,382156575606100,600,before
secret_dependent_routine,382156575607200,382156575617800,10600,before
secret_dependent_routine,382156575620100,382156575620800,700,before
secret_dependent_routine,382156575621900,382156575632500,10600,before
secret_dependent_routine,382156575633700,382156575634300,600,before
secret_dependent_routine,382156575635400,382156575646200,10800,before
secret_dependent_routine,382156575647300,382156575647900,600,before
secret_dependent_routine,382156575648900,382156575659600,10700,before
secret_dependent_routine,382156575660700,382156575661400,700,before
secret_dependent_routine,382156575662500,382156575673200,10700,before
secret_dependent_routine,382156575674500,382156575675100,600,before
secret_dependent_routine,382156575676600,382156575687300,10700,before
secret_dependent_routine,382156575688500,382156575689100,600,before
secret_dependent_routine,382156575690200,382156575701500,11300,before
secret_dependent_routine,382156575702600,382156575703300,700,before
secret_dependent_routine,382156575704400,382156575714900,10500,before
secret_dependent_routine,382156575716100,382156575716700,600,before
secret_dependent_routine,382156575717800,382156575728500,10700,before
secret_dependent_routine,382156575729600,382156575730200,600,before
secret_dependent_routine,382156575731300,382156575741900,10600,before
secret_dependent_routine,382156575743000,382156575743800,800,before
secret_dependent_routine,382156575744900,382156575755500,10600,before
secret_dependent_routine,382156575756600,382156575757200,600,before
secret_dependent_routine,382156575758300,382156575768600,10300,before
secret_dependent_routine,382156575770900,382156575771600,700,before
secret_dependent_routine,382156575772800,382156575783400,10600,before
secret_dependent_routine,382156575784500,382156575785100,600,before
secret_dependent_routine,382156575786200,382156575797100,10900,before
secret_dependent_routine,382156575798300,382156575798900,600,before
secret_dependent_routine,382156575799900,382156575810400,10500,before
secret_dependent_routine,382156575811600,382156575812200,600,before
secret_dependent_routine,382156575813300,382156575823500,10200,before
secret_dependent_routine,382156575824600,382156575825200,600,before
secret_dependent_routine,382156575826200,382156575836500,10300,before
secret_dependent_routine,382156575837600,382156575838300,700,before
secret_dependent_routine,382156575839300,382156575849900,10600,before
secret_dependent_routine,382156575851400,382156575852100,700,before
secret_dependent_routine,382156575853300,382156575863700,10400,before
secret_dependent_routine,382156575864900,382156575865500,600,before
secret_dependent_routine,382156575867900,382156575878700,10800,before
secret_dependent_routine,382156575880000,382156575880600,600,before
secret_dependent_routine,382156575881700,382156575892200,10500,before
secret_dependent_routine,382156575893400,382156575894000,600,before
secret_dependent_routine,382156575895100,382156575905600,10500,before
secret_dependent_routine,382156575906700,382156575907300,600,before
secret_dependent_routine,382156575908400,382156575919000,10600,before
secret_dependent_routine,382156575920000,382156575920700,700,before
secret_dependent_routine,382156575921700,382156575932200,10500,before
secret_dependent_routine,382156575933300,382156575934000,700,before
secret_dependent_routine,382156575935000,382156575945800,10800,before
secret_dependent_routine,382156575946900,382156575947500,600,before
secret_dependent_routine,382156575948500,382156575959200,10700,before
secret_dependent_routine,382156575960300,382156575960900,600,before
secret_dependent_routine,382156575962000,382156575972900,10900,before
secret_dependent_routine,382156575974000,382156575974600,600,before
secret_dependent_routine,382156575975700,382156575986500,10800,before
secret_dependent_routine,382156575987700,382156575989300,1600,before
secret_dependent_routine,382156575990400,382156576001200,10800,before
secret_dependent_routine,382156576002300,382156576002900,600,before
secret_dependent_routine,382156576004000,382156576014600,10600,before
secret_dependent_routine,382156576015700,382156576016400,700,before
secret_dependent_routine,382156576017500,382156576028100,10600,before
secret_dependent_routine,382156576029200,382156576029800,600,before
secret_dependent_routine,382156576030900,382156576041700,10800,before
secret_dependent_routine,382156576042900,382156576043500,600,before
secret_dependent_routine,382156576044700,382156576055500,10800,before
secret_dependent_routine,382156576057700,382156576058400,700,before
secret_dependent_routine,382156576059500,382156576070600,11100,before
secret_dependent_routine,382156576071700,382156576072300,600,before
secret_dependent_routine,382156576073400,382156576084500,11100,before
secret_dependent_routine,382156576085500,382156576086200,700,before
secret_dependent_routine,382156576087200,382156576098500,11300,before
secret_dependent_routine,382156576099600,382156576100200,600,before
secret_dependent_routine,382156576101300,382156576112600,11300,before
secret_dependent_routine,382156576113700,382156576114300,600,before
secret_dependent_routine,382156576116600,382156576127500,10900,before
secret_dependent_routine,382156576128700,382156576129300,600,before
secret_dependent_routine,382156576130400,382156576141100,10700,before
secret_dependent_routine,382156576142200,382156576142800,600,before
secret_dependent_routine,382156576143900,382156576154600,10700,before
secret_dependent_routine,382156576155700,382156576156300,600,before
secret_dependent_routine,382156576219700,382156576231000,11300,before
secret_dependent_routine,382156576232600,382156576233200,600,before
secret_dependent_routine,382156576234300,382156576245200,10900,before
secret_dependent_routine,382156576246400,382156576247100,700,before
secret_dependent_routine,382156576248100,382156576259100,11000,before
secret_dependent_routine,382156576260200,382156576260800,600,before
secret_dependent_routine,382156576261900,382156576272500,10600,before
secret_dependent_routine,382156576273700,382156576274300,600,before
secret_dependent_routine,382156576275400,382156576286300,10900,before
secret_dependent_routine,382156576287400,382156576288200,800,before
secret_dependent_routine,382156576289300,382156576300100,10800,before
secret_dependent_routine,382156576301500,382156576302100,600,before
secret_dependent_routine,382156576303300,382156576314100,10800,before
secret_dependent_routine,382156576315100,382156576315800,700,before
secret_dependent_routine,382156576316900,382156576327800,10900,before
secret_dependent_routine,382156576329000,382156576329600,600,before
secret_dependent_routine,382156576330700,382156576341600,10900,before
secret_dependent_routine,382156576342700,382156576344900,2200,before
secret_dependent_routine,382156576346100,382156576356900,10800,before
secret_dependent_routine,382156576358000,382156576358700,700,before
secret_dependent_routine,382156576360000,382156576371000,11000,before
secret_dependent_routine,382156576372300,382156576373000,700,before
secret_dependent_routine,382156576374000,382156576384900,10900,before
secret_dependent_routine,382156576386000,382156576386600,600,before
secret_dependent_routine,382156576387700,382156576398700,11000,before
secret_dependent_routine,382156576399800,382156576400500,700,before
secret_dependent_routine,382156576401600,382156576412600,11000,before
secret_dependent_routine,382156576413700,382156576414300,600,before
secret_dependent_routine,382156576416400,382156576427200,10800,before
secret_dependent_routine,382156576428400,382156576429100,700,before
secret_dependent_routine,382156576431300,382156576442600,11300,before
secret_dependent_routine,382156576443900,382156576444600,700,before
secret_dependent_routine,382156576445800,382156576457700,11900,before
secret_dependent_routine,382156576458800,382156576459400,600,before
secret_dependent_routine,382156576460400,382156576471200,10800,before
secret_dependent_routine,382156576472200,382156576472900,700,before
secret_dependent_routine,382156576473900,382156576484700,10800,before
secret_dependent_routine,382156576485800,382156576486400,600,before
secret_dependent_routine,382156576487500,382156576498500,11000,before
secret_dependent_routine,382156576499700,382156576500300,600,before
secret_dependent_routine,382156576501400,382156576512300,10900,before
secret_dependent_routine,382156576513400,382156576514000,600,before
secret_dependent_routine,382156576515100,382156576526000,10900,before
secret_dependent_routine,382156576527400,382156576528000,600,before
secret_dependent_routine,382156576529000,382156576540100,11100,before
secret_dependent_routine,382156576541200,382156576541800,600,before
secret_dependent_routine,382156576542900,382156576553700,10800,before
secret_dependent_routine,382156576554700,382156576555400,700,before
secret_dependent_routine,382156576556500,382156576567700,11200,before
secret_dependent_routine,382156576568700,382156576569400,700,before
secret_dependent_routine,382156576570400,382156576581300,10900,before
secret_dependent_routine,382156576582400,382156576583000,600,before
secret_dependent_routine,382156576584200,382156576595100,10900,before
secret_dependent_routine,382156576596200,382156576596800,600,before
secret_dependent_routine,382156576597900,382156576608900,11000,before
secret_dependent_routine,382156576609900,382156576610600,700,before
secret_dependent_routine,382156576611700,382156576622600,10900,before
secret_dependent_routine,382156576623700,382156576624300,600,before
secret_dependent_routine,382156576625400,382156576636100,10700,before
secret_dependent_routine,382156576637400,382156576638000,600,before
secret_dependent_routine,382156576639200,382156576654900,15700,before
secret_dependent_routine,382156576656400,382156576657200,800,before
secret_dependent_routine,382156576658400,382156576668000,9600,before
secret_dependent_routine,382156576669300,382156576669900,600,before
secret_dependent_routine,382156576671100,382156576680800,9700,before
secret_dependent_routine,382156576682000,382156576682600,600,before
secret_dependent_routine,382156576684800,382156576694600,9800,before
secret_dependent_routine,382156576695700,382156576696300,600,before
secret_dependent_routine,382156576697400,382156576706900,9500,before
secret_dependent_routine,382156576708200,382156576708800,600,before
secret_dependent_routine,382156576709900,382156576719800,9900,before
secret_dependent_routine,382156576722400,382156576723100,700,before
secret_dependent_routine,382156576724300,382156576734200,9900,before
secret_dependent_routine,382156576735400,382156576736000,600,before
secret_dependent_routine,382156576737100,382156576747200,10100,before
secret_dependent_routine,382156576748400,382156576749100,700,before
secret_dependent_routine,382156576750100,382156576760200,10100,before
secret_dependent_routine,382156576761300,382156576761900,600,before
secret_dependent_routine,382156576763000,382156576773200,10200,before
secret_dependent_routine,382156576774300,382156576775000,700,before
secret_dependent_routine,382156576776100,382156576786700,10600,before
secret_dependent_routine,382156576787900,382156576788500,600,before
secret_dependent_routine,382156576789500,382156576800200,10700,before
secret_dependent_routine,382156576801300,382156576801900,600,before
secret_dependent_routine,382156576803000,382156576813600,10600,before
secret_dependent_routine,382156576814700,382156576815400,700,before
secret_dependent_routine,382156576816500,382156576827200,10700,before
secret_dependent_routine,382156576828300,382156576829000,700,before
secret_dependent_routine,382156576830000,382156576840700,10700,before
secret_dependent_routine,382156576842000,382156576842600,600,before
secret_dependent_routine,382156576843700,382156576854300,10600,before
secret_dependent_routine,382156576855500,382156576856100,600,before
secret_dependent_routine,382156576857200,382156576867900,10700,before
secret_dependent_routine,382156576868900,382156576869600,700,before
secret_dependent_routine,382156576870700,382156576881200,10500,before
secret_dependent_routine,382156576882300,382156576882900,600,before
secret_dependent_routine,382156576884000,382156576894700,10700,before
secret_dependent_routine,382156576896000,382156576896700,700,before
secret_dependent_routine,382156576897800,382156576908500,10700,before
secret_dependent_routine,382156576909700,382156576910300,600,before
secret_dependent_routine,382156576911400,382156576922000,10600,before
secret_dependent_routine,382156576923100,382156576923700,600,before
secret_dependent_routine,382156576924800,382156576936000,11200,before
secret_dependent_routine,382156576938100,382156576938700,600,before
secret_dependent_routine,382156576939800,382156576949700,9900,before
secret_dependent_routine,382156576950800,382156576951400,600,before
secret_dependent_routine,382156576952500,382156576962100,9600,before
secret_dependent_routine,382156576963300,382156576964000,700,before
secret_dependent_routine,382156576965100,382156576974700,9600,before
secret_dependent_routine,382156576975900,382156576976500,600,before
secret_dependent_routine,382156576977600,382156576987500,9900,before
secret_dependent_routine,382156576988600,382156576989200,600,before
secret_dependent_routine,382156576990300,382156577000400,10100,before
secret_dependent_routine,382156577002700,382156577003400,700,before
secret_dependent_routine,382156577004500,382156577014900,10400,before
secret_dependent_routine,382156577016000,382156577016600,600,before
secret_dependent_routine,382156577017800,382156577027800,10000,before
secret_dependent_routine,382156577029000,382156577029600,600,before
secret_dependent_routine,382156577030600,382156577041100,10500,before
secret_dependent_routine,382156577042400,382156577043100,700,before
secret_dependent_routine,382156577044200,382156577054600,10400,before
secret_dependent_routine,382156577055800,382156577056600,800,before
secret_dependent_routine,382156577057600,382156577068100,10500,before
secret_dependent_routine,382156577069200,382156577069800,600,before
secret_dependent_routine,382156577070800,382156577081600,10800,before
secret_dependent_routine,382156577082800,382156577083400,600,before
secret_dependent_routine,382156577084400,382156577094700,10300,before
secret_dependent_routine,382156577095800,382156577096400,600,before
secret_dependent_routine,382156577097500,382156577107900,10400,before
secret_dependent_routine,382156577109000,382156577109700,700,before
secret_dependent_routine,382156577110800,382156577122300,11500,before
secret_dependent_routine,382156577123600,382156577124200,600,before
secret_dependent_routine,382156577125300,382156577137300,12000,before
secret_dependent_routine,382156577138500,382156577139200,700,before
secret_dependent_routine,382156577140400,382156577151900,11500,before
secret_dependent_routine,382156577155300,382156577156000,700,before
secret_dependent_routine,382156577157200,382156577186500,29300,before
secret_dependent_routine,382156577189400,382156577190900,1500,before
secret_dependent_routine,382156577192600,382156577211500,18900,before
secret_dependent_routine,382156577215000,382156577216100,1100,before
secret_dependent_routine,382156577218100,382156577237400,19300,before
secret_dependent_routine,382156577239300,382156577240100,800,before
secret_dependent_routine,382156577241600,382156577254800,13200,before
secret_dependent_routine,382156577256200,382156577257000,800,before
secret_dependent_routine,382156577258400,382156577271600,13200,before
secret_dependent_routine,382156577273000,382156577275400,2400,before
secret_dependent_routine,382156577277000,382156577290500,13500,before
secret_dependent_routine,382156577292200,382156577293100,900,before
secret_dependent_routine,382156577294700,382156577308500,13800,before
secret_dependent_routine,382156577310400,382156577311200,800,before
secret_dependent_routine,382156577312700,382156577326600,13900,before
secret_dependent_routine,382156577328300,382156577329200,900,before
secret_dependent_routine,382156577330600,382156577344700,14100,before
secret_dependent_routine,382156577346300,382156577347200,900,before
secret_dependent_routine,382156577348600,382156577363300,14700,before
secret_dependent_routine,382156577366000,382156577366800,800,before
secret_dependent_routine,382156577368200,382156577380400,12200,before
secret_dependent_routine,382156577381700,382156577382400,700,before
secret_dependent_routine,382156577383600,382156577396800,13200,before
secret_dependent_routine,382156577398000,382156577398700,700,before
secret_dependent_routine,382156577399900,382156577410700,10800,before
secret_dependent_routine,382156577411900,382156577412600,700,before
secret_dependent_routine,382156577413800,382156577425000,11200,before
secret_dependent_routine,382156577426100,382156577426900,800,before
secret_dependent_routine,382156577428100,382156577439000,10900,before
secret_dependent_routine,382156577440200,382156577440900,700,before
secret_dependent_routine,382156577442100,382156577453000,10900,before
secret_dependent_routine,382156577454300,382156577455000,700,before
secret_dependent_routine,382156577456100,382156577467400,11300,before
secret_dependent_routine,382156577468600,382156577469300,700,before
secret_dependent_routine,382156577470500,382156577482200,11700,before
secret_dependent_routine,382156577483600,382156577484300,700,before
secret_dependent_routine,382156577485600,382156577497400,11800,before
secret_dependent_routine,382156577498800,382156577499500,700,before
secret_dependent_routine,382156577500800,382156577517000,16200,before
secret_dependent_routine,382156577520300,382156577521200,900,before
secret_dependent_routine,382156577525700,382156577537800,12100,before
secret_dependent_routine,382156577539200,382156577539900,700,before
secret_dependent_routine,382156577541300,382156577553500,12200,before
secret_dependent_routine,382156577554900,382156577555600,700,before
secret_dependent_routine,382156577557000,382156577568900,11900,before
secret_dependent_routine,382156577570400,382156577571100,700,before
secret_dependent_routine,382156577572400,382156577584500,12100,before
secret_dependent_routine,382156577585900,382156577586700,800,before
secret_dependent_routine,382156577588000,382156577600800,12800,before
secret_dependent_routine,382156577602000,382156577602600,600,before
secret_dependent_routine,382156577603800,382156577614900,11100,before
secret_dependent_routine,382156577616000,382156577618000,2000,before
secret_dependent_routine,382156577619300,382156577630800,11500,before
secret_dependent_routine,382156577632100,382156577632800,700,before
secret_dependent_routine,382156577634100,382156577645700,11600,before
secret_dependent_routine,382156577647000,382156577647700,700,before
secret_dependent_routine,382156577649000,382156577660900,11900,before
secret_dependent_routine,382156577662200,382156577662800,600,before
secret_dependent_routine,382156577664000,382156577675900,11900,before
secret_dependent_routine,382156577677200,382156577677900,700,before
secret_dependent_routine,382156577679100,382156577691000,11900,before
secret_dependent_routine,382156577692200,382156577692900,700,before
secret_dependent_routine,382156577695200,382156577706300,11100,before
secret_dependent_routine,382156577707600,382156577708300,700,before
secret_dependent_routine,382156577709600,382156577721300,11700,before
secret_dependent_routine,382156577722500,382156577723200,700,before
secret_dependent_routine,382156577724400,382156577736000,11600,before
secret_dependent_routine,382156577737400,382156577738100,700,before
secret_dependent_routine,382156577739300,382156577750800,11500,before
secret_dependent_routine,382156577752300,382156577752900,600,before
secret_dependent_routine,382156577754200,382156577765200,11000,before
secret_dependent_routine,382156577766500,382156577767100,600,before
secret_dependent_routine,382156577768300,382156577780000,11700,before
secret_dependent_routine,382156577781100,382156577781700,600,before
secret_dependent_routine,382156577782800,382156577793000,10200,before
secret_dependent_routine,382156577795200,382156577795900,700,before
secret_dependent_routine,382156577797100,382156577807400,10300,before
secret_dependent_routine,382156577808500,382156577809300,800,before
secret_dependent_routine,382156577810400,382156577820300,9900,before
secret_dependent_routine,382156577821600,382156577822200,600,before
secret_dependent_routine,382156577823300,382156577833200,9900,before
secret_dependent_routine,382156577834300,382156577835000,700,before
secret_dependent_routine,382156577836200,382156577848400,12200,before
secret_dependent_routine,382156577850300,382156577851000,700,before
secret_dependent_routine,382156577852300,382156577862800,10500,before
secret_dependent_routine,382156577864200,382156577864900,700,before
secret_dependent_routine,382156577867700,382156577879400,11700,before
secret_dependent_routine,382156577880700,382156577881800,1100,before
secret_dependent_routine,382156577883900,382156577902000,18100,before
secret_dependent_routine,382156577903700,382156577905200,1500,before
secret_dependent_routine,382156577907000,382156577924800,17800,before
secret_dependent_routine,382156577926800,382156577927800,1000,before
secret_dependent_routine,382156577929500,382156578060600,131100,before
secret_dependent_routine,382156578088400,382156578093800,5400,before
secret_dependent_routine,382156578105100,382156578136300,31200,before
secret_dependent_routine,382156578140300,382156578141600,1300,before
secret_dependent_routine,382156578144300,382156578166200,21900,before
secret_dependent_routine,382156578168800,382156578170400,1600,before
secret_dependent_routine,382156578172600,382156578195300,22700,before
secret_dependent_routine,382156578198100,382156578199700,1600,before
secret_dependent_routine,382156578202400,382156578218100,15700,before
secret_dependent_routine,382156578221000,382156578221800,800,before
secret_dependent_routine,382156578223300,382156578243400,20100,before
secret_dependent_routine,382156578246100,382156578247700,1600,before
secret_dependent_routine,382156578249900,382156578269900,20000,before
secret_dependent_routine,382156578274700,382156578275500,800,before
secret_dependent_routine,382156578277000,382156578289200,12200,before
secret_dependent_routine,382156578290600,382156578291300,700,before
secret_dependent_routine,382156578292700,382156578304700,12000,before
secret_dependent_routine,382156578306000,382156578306800,800,before
secret_dependent_routine,382156578308100,382156578320200,12100,before
secret_dependent_routine,382156578321500,382156578322300,800,before
secret_dependent_routine,382156578325400,382156578337900,12500,before
secret_dependent_routine,382156578339400,382156578340300,900,before
secret_dependent_routine,382156578341600,382156578357400,15800,before
secret_dependent_routine,382156578359600,382156578361000,1400,before
secret_dependent_routine,382156578362900,382156578379900,17000,before
secret_dependent_routine,382156578382700,382156578383900,1200,before
secret_dependent_routine,382156578391200,382156578409700,18500,before
secret_dependent_routine,382156578411700,382156578413000,1300,before
secret_dependent_routine,382156578415100,382156578432900,17800,before
secret_dependent_routine,382156578435000,382156578436300,1300,before
secret_dependent_routine,382156578438200,382156578457500,19300,before
secret_dependent_routine,382156578459500,382156578461000,1500,before
secret_dependent_routine,382156578463000,382156578484000,21000,before
secret_dependent_routine,382156578486400,382156578487700,1300,before
secret_dependent_routine,382156578490000,382156578505700,15700,before
secret_dependent_routine,382156578508400,382156578509600,1200,before
secret_dependent_routine,382156578511600,382156578529800,18200,before
secret_dependent_routine,382156578531600,382156578532700,1100,before
secret_dependent_routine,382156578534700,382156578553000,18300,before
secret_dependent_routine,382156578554700,382156578555800,1100,before
secret_dependent_routine,382156578557600,382156578576500,18900,before
secret_dependent_routine,382156578578500,382156578579700,1200,before
secret_dependent_routine,382156578581600,382156578600600,19000,before
secret_dependent_routine,382156578602500,382156578603600,1100,before
secret_dependent_routine,382156578605700,382156578628300,22600,before
secret_dependent_routine,382156578630600,382156578631800,1200,before
secret_dependent_routine,382156578633800,382156578651800,18000,before
secret_dependent_routine,382156578653700,382156578654900,1200,before
secret_dependent_routine,382156578656900,382156578675900,19000,before
secret_dependent_routine,382156578678200,382156578679800,1600,before
secret_dependent_routine,382156578684200,382156578737800,53600,before
secret_dependent_routine,382156578752700,382156578758200,5500,before
secret_dependent_routine,382156578761600,382156578782500,20900,before
secret_dependent_routine,382156578784600,382156578786200,1600,before
secret_dependent_routine,382156578788300,382156578808400,20100,before
secret_dependent_routine,382156578816000,382156578817300,1300,before
secret_dependent_routine,382156578821600,382156578843300,21700,before
secret_dependent_routine,382156578845900,382156578847100,1200,before
secret_dependent_routine,382156578848900,382156578867300,18400,before
secret_dependent_routine,382156578869400,382156578870600,1200,before
secret_dependent_routine,382156578872700,382156578895500,22800,before
secret_dependent_routine,382156578897500,382156578898600,1100,before
secret_dependent_routine,382156578900400,382156578921800,21400,before
secret_dependent_routine,382156578923900,382156578924900,1000,before
secret_dependent_routine,382156578926800,382156578950800,24000,before
secret_dependent_routine,382156578953000,382156578954300,1300,before
secret_dependent_routine,382156578956600,382156578968800,12200,before
secret_dependent_routine,382156578970500,382156578971200,700,before
secret_dependent_routine,382156578972600,382156578984400,11800,before
secret_dependent_routine,382156578985800,382156578986600,800,before
secret_dependent_routine,382156578987900,382156578999600,11700,before
secret_dependent_routine,382156579001000,382156579001800,800,before
secret_dependent_routine,382156579003100,382156579015000,11900,before
secret_dependent_routine,382156579016400,382156579017100,700,before
secret_dependent_routine,382156579018400,382156579053200,34800,before
secret_dependent_routine,382156579055800,382156579057300,1500,before
secret_dependent_routine,382156579059100,382156579078100,19000,before
secret_dependent_routine,382156579080100,382156579081400,1300,before
secret_dependent_routine,382156579083300,382156579103800,20500,before
secret_dependent_routine,382156579106000,382156579107300,1300,before
secret_dependent_routine,382156579109100,382156579127700,18600,before
secret_dependent_routine,382156579129600,382156579130600,1000,before
secret_dependent_routine,382156579132200,382156579148900,16700,before
secret_dependent_routine,382156579150800,382156579152100,1300,before
secret_dependent_routine,382156579154000,382156579173300,19300,before
secret_dependent_routine,382156579175700,382156579177100,1400,before
secret_dependent_routine,382156579179200,382156579212200,33000,before
secret_dependent_routine,382156579216100,382156579222100,6000,before
secret_dependent_routine,382156579225700,382156579262900,37200,before
secret_dependent_routine,382156579266500,382156579268300,1800,before
secret_dependent_routine,382156579271400,382156579293500,22100,before
secret_dependent_routine,382156579295500,382156579296600,1100,before
secret_dependent_routine,382156579300200,382156579320300,20100,before
secret_dependent_routine,382156579323600,382156579325500,1900,before
secret_dependent_routine,382156579328900,382156579351000,22100,before
secret_dependent_routine,382156579353000,382156579354200,1200,before
secret_dependent_routine,382156579356500,382156579378200,21700,before
secret_dependent_routine,382156579382700,382156579384100,1400,before
secret_dependent_routine,382156579386500,382156579411400,24900,before
secret_dependent_routine,382156579413400,382156579414600,1200,before
secret_dependent_routine,382156579416600,382156579436700,20100,before
secret_dependent_routine,382156579438600,382156579440000,1400,before
secret_dependent_routine,382156579442300,382156579464400,22100,before
secret_dependent_routine,382156579467700,382156579469400,1700,before
secret_dependent_routine,382156579472000,382156579498500,26500,before
secret_dependent_routine,382156579501100,382156579502600,1500,before
secret_dependent_routine,382156579505100,382156579530400,25300,before
secret_dependent_routine,382156579532900,382156579534300,1400,before
secret_dependent_routine,382156579536600,382156579562100,25500,before
secret_dependent_routine,382156579564500,382156579566100,1600,before
secret_dependent_routine,382156579568500,382156579594300,25800,before
secret_dependent_routine,382156579596800,382156579598500,1700,before
secret_dependent_routine,382156579601000,382156579626700,25700,before
secret_dependent_routine,382156579629500,382156579631100,1600,before
secret_dependent_routine,382156579633500,382156579659200,25700,before
secret_dependent_routine,382156579661600,382156579663100,1500,before
secret_dependent_routine,382156579665500,382156579691400,25900,before
secret_dependent_routine,382156579693700,382156579695200,1500,before
secret_dependent_routine,382156579697600,382156579719400,21800,before
secret_dependent_routine,382156579722000,382156579723700,1700,before
secret_dependent_routine,382156579725900,382156579752600,26700,before
secret_dependent_routine,382156579755800,382156579757600,1800,before
secret_dependent_routine,382156579760500,382156579786500,26000,before
secret_dependent_routine,382156579789100,382156579790600,1500,before
secret_dependent_routine,382156579793200,382156579817500,24300,before
secret_dependent_routine,382156579820000,382156579821600,1600,before
secret_dependent_routine,382156579824200,382156579851300,27100,before
secret_dependent_routine,382156579853900,382156579855100,1200,before
secret_dependent_routine,382156579860500,382156579883100,22600,before
secret_dependent_routine,382156579885700,382156579888800,3100,before
secret_dependent_routine,382156579891400,382156579917500,26100,before
secret_dependent_routine,382156579920100,382156579921700,1600,before
secret_dependent_routine,382156579924100,382156579952700,28600,before
secret_dependent_routine,382156579955400,382156579957000,1600,before
secret_dependent_routine,382156579959500,382156579984600,25100,before
secret_dependent_routine,382156579987200,382156579988800,1600,before
secret_dependent_routine,382156579991800,382156580017000,25200,before
secret_dependent_routine,382156580019600,382156580021300,1700,before
secret_dependent_routine,382156580023800,382156580061500,37700,before
secret_dependent_routine,382156580064700,382156580066400,1700,before
secret_dependent_routine,382156580071000,382156580091800,20800,before
secret_dependent_routine,382156580094000,382156580095200,1200,before
secret_dependent_routine,382156580097300,382156580117000,19700,before
secret_dependent_routine,382156580119000,382156580119900,900,before
secret_dependent_routine,382156580121200,382156580133300,12100,before
secret_dependent_routine,382156580134700,382156580135400,700,before
secret_dependent_routine,382156580136600,382156580148400,11800,before
secret_dependent_routine,382156580149800,382156580150500,700,before
secret_dependent_routine,382156580151800,382156580164000,12200,before
secret_dependent_routine,382156580165500,382156580166200,700,before
secret_dependent_routine,382156580167400,382156580179400,12000,before
secret_dependent_routine,382156580181100,382156580181900,800,before
secret_dependent_routine,382156580183300,382156580195400,12100,before
secret_dependent_routine,382156580196800,382156580197600,800,before
secret_dependent_routine,382156580198900,382156580211700,12800,before
secret_dependent_routine,382156580212900,382156580213700,800,before
secret_dependent_routine,382156580214900,382156580226000,11100,before
secret_dependent_routine,382156580227400,382156580228100,700,before
secret_dependent_routine,382156580230700,382156580241100,10400,before
secret_dependent_routine,382156580242200,382156580242800,600,before
secret_dependent_routine,382156580243900,382156580253500,9600,before
secret_dependent_routine,382156580254600,382156580255300,700,before
secret_dependent_routine,382156580256300,382156580266600,10300,before
secret_dependent_routine,382156580267700,382156580268300,600,before
secret_dependent_routine,382156580269400,382156580279000,9600,before
secret_dependent_routine,382156580281800,382156580282500,700,before
secret_dependent_routine,382156580283600,382156580293500,9900,before
secret_dependent_routine,382156580294600,382156580295200,600,before
secret_dependent_routine,382156580296300,382156580306000,9700,before
secret_dependent_routine,382156580307100,382156580307700,600,before
secret_dependent_routine,382156580308800,382156580318500,9700,before
secret_dependent_routine,382156580319600,382156580320200,600,before
secret_dependent_routine,382156580321200,382156580334500,13300,before
secret_dependent_routine,382156580336300,382156580337300,1000,before
secret_dependent_routine,382156580338600,382156580348600,10000,before
secret_dependent_routine,382156580349800,382156580350400,600,before
secret_dependent_routine,382156580351500,382156580361400,9900,before
secret_dependent_routine,382156580362500,382156580363200,700,before
secret_dependent_routine,382156580364300,382156580374800,10500,before
secret_dependent_routine,382156580376000,382156580376600,600,before
secret_dependent_routine,382156580377700,382156580388300,10600,before
secret_dependent_routine,382156580389500,382156580390100,600,before
secret_dependent_routine,382156580391300,382156580401900,10600,before
secret_dependent_routine,382156580404300,382156580404900,600,before
secret_dependent_routine,382156580406100,382156580416500,10400,before
secret_dependent_routine,382156580417600,382156580418200,600,before
secret_dependent_routine,382156580419300,382156580428900,9600,before
secret_dependent_routine,382156580430000,382156580430600,600,before
secret_dependent_routine,382156580431700,382156580441600,9900,before
secret_dependent_routine,382156580442700,382156580443300,600,before
secret_dependent_routine,382156580444400,382156580455000,10600,before
secret_dependent_routine,382156580456100,382156580456700,600,before
secret_dependent_routine,382156580457700,382156580468300,10600,before
secret_dependent_routine,382156580469400,382156580470000,600,before
secret_dependent_routine,382156580471100,382156580481600,10500,before
secret_dependent_routine,382156580482700,382156580483300,600,before
secret_dependent_routine,382156580484400,382156580495000,10600,before
secret_dependent_routine,382156580496000,382156580496700,700,before
secret_dependent_routine,382156580497800,382156580508600,10800,before
secret_dependent_routine,382156580509700,382156580510400,700,before
secret_dependent_routine,382156580511400,382156580522100,10700,before
secret_dependent_routine,382156580524700,382156580525400,700,before
secret_dependent_routine,382156580526400,382156580536600,10200,before
secret_dependent_routine,382156580537700,382156580538300,600,before
secret_dependent_routine,382156580539400,382156580549600,10200,before
secret_dependent_routine,382156580550700,382156580551300,600,before
secret_dependent_routine,382156580552300,382156580562600,10300,before
secret_dependent_routine,382156580563700,382156580564300,600,before
secret_dependent_routine,382156580565400,382156580575600,10200,before
secret_dependent_routine,382156580576700,382156580577300,600,before
secret_dependent_routine,382156580578300,382156580588400,10100,before
secret_dependent_routine,382156580589500,382156580590100,600,before
secret_dependent_routine,382156580591200,382156580601300,10100,before
secret_dependent_routine,382156580602300,382156580602900,600,before
secret_dependent_routine,382156580604100,382156580615200,11100,before
secret_dependent_routine,382156580616300,382156580616900,600,before
secret_dependent_routine,382156580618000,382156580627900,9900,before
secret_dependent_routine,382156580628900,382156580629500,600,before
secret_dependent_routine,382156580630600,382156580640400,9800,before
secret_dependent_routine,382156580641500,382156580642100,600,before
secret_dependent_routine,382156580643200,382156580653100,9900,before
secret_dependent_routine,382156580654200,382156580654800,600,before
secret_dependent_routine,382156580655900,382156580665700,9800,before
secret_dependent_routine,382156580666800,382156580667400,600,before
secret_dependent_routine,382156580668500,382156580678400,9900,before
secret_dependent_routine,382156580680700,382156580681300,600,before
secret_dependent_routine,382156580682400,382156580692200,9800,before
secret_dependent_routine,382156580693300,382156580694000,700,before
secret_dependent_routine,382156580695000,382156580704700,9700,before
secret_dependent_routine,382156580705800,382156580706400,600,before
secret_dependent_routine,382156580707500,382156580717100,9600,before
secret_dependent_routine,382156580718200,382156580718800,600,before
secret_dependent_routine,382156580719800,382156580729500,9700,before
secret_dependent_routine,382156580730500,382156580731100,600,before
secret_dependent_routine,382156580732200,382156580741700,9500,before
secret_dependent_routine,382156580742800,382156580743400,600,before
secret_dependent_routine,382156580744500,382156580754400,9900,before
secret_dependent_routine,382156580756900,382156580757600,700,before
secret_dependent_routine,382156580758700,382156580768500,9800,before
secret_dependent_routine,382156580769600,382156580770200,600,before
secret_dependent_routine,382156580771300,382156580781100,9800,before
secret_dependent_routine,382156580782200,382156580782800,600,before
secret_dependent_routine,382156580783900,382156580793600,9700,before
secret_dependent_routine,382156580794700,382156580795300,600,before
secret_dependent_routine,382156580796400,382156580806200,9800,before
secret_dependent_routine,382156580807300,382156580807900,600,before
secret_dependent_routine,382156580809000,382156580818800,9800,before
secret_dependent_routine,382156580819900,382156580820500,600,before
secret_dependent_routine,382156580821500,382156580831300,9800,before
secret_dependent_routine,382156580832400,382156580833000,600,before
secret_dependent_routine,382156580834000,382156580843800,9800,before
secret_dependent_routine,382156580844800,382156580845400,600,before
secret_dependent_routine,382156580846600,382156580856400,9800,before
secret_dependent_routine,382156580857400,382156580858100,700,before
secret_dependent_routine,382156580859100,382156580868900,9800,before
secret_dependent_routine,382156580870000,382156580870600,600,before
secret_dependent_routine,382156580871600,382156580881600,10000,before
secret_dependent_routine,382156580882700,382156580884400,1700,before
secret_dependent_routine,382156580885600,382156580895600,10000,before
secret_dependent_routine,382156580896700,382156580897300,600,before
secret_dependent_routine,382156580898400,382156580908400,10000,before
secret_dependent_routine,382156580909500,382156580910100,600,before
secret_dependent_routine,382156580911200,382156580921200,10000,before
secret_dependent_routine,382156580922300,382156580922900,600,before
secret_dependent_routine,382156580924000,382156580934000,10000,before
secret_dependent_routine,382156580935000,382156580935700,700,before
secret_dependent_routine,382156580936700,382156580946700,10000,before
secret_dependent_routine,382156580948900,382156580949600,700,before
secret_dependent_routine,382156580950700,382156580961200,10500,before
secret_dependent_routine,382156580962200,382156580962800,600,before
secret_dependent_routine,382156580963900,382156580974200,10300,before
secret_dependent_routine,382156580975200,382156580975900,700,before
secret_dependent_routine,382156580977000,382156580987300,10300,before
secret_dependent_routine,382156580989600,382156580990200,600,before
secret_dependent_routine,382156580991300,382156581000900,9600,before
secret_dependent_routine,382156581001900,382156581002600,700,before
secret_dependent_routine,382156581003600,382156581013400,9800,before
secret_dependent_routine,382156581014500,382156581015200,700,before
secret_dependent_routine,382156581016300,382156581026100,9800,before
secret_dependent_routine,382156581027200,382156581027800,600,before
secret_dependent_routine,382156581028900,382156581044200,15300,before
secret_dependent_routine,382156581045700,382156581046400,700,before
secret_dependent_routine,382156581047500,382156581057300,9800,before
secret_dependent_routine,382156581058400,382156581059000,600,before
secret_dependent_routine,382156581060100,382156581070100,10000,before
secret_dependent_routine,382156581071100,382156581071800,700,before
secret_dependent_routine,382156581072900,382156581082700,9800,before
secret_dependent_routine,382156581083800,382156581084500,700,before
secret_dependent_routine,382156581085500,382156581095500,10000,before
secret_dependent_routine,382156581096500,382156581097100,600,before
secret_dependent_routine,382156581098200,382156581108100,9900,before
secret_dependent_routine,382156581109200,382156581109800,600,before
secret_dependent_routine,382156581110800,382156581120700,9900,before
secret_dependent_routine,382156581121800,382156581122400,600,before
secret_dependent_routine,382156581123500,382156581133400,9900,before
secret_dependent_routine,382156581134500,382156581135100,600,before
secret_dependent_routine,382156581136200,382156581146200,10000,before
secret_dependent_routine,382156581147300,382156581147900,600,before
secret_dependent_routine,382156581149000,382156581158900,9900,before
secret_dependent_routine,382156581160000,382156581161800,1800,before
secret_dependent_routine,382156581162900,382156581173400,10500,before
secret_dependent_routine,382156581174600,382156581175200,600,before
secret_dependent_routine,382156581176200,382156581186400,10200,before
secret_dependent_routine,382156581187500,382156581188100,600,before
secret_dependent_routine,382156581189200,382156581199700,10500,before
secret_dependent_routine,382156581200800,382156581201400,600,before
secret_dependent_routine,382156581202500,382156581213400,10900,before
secret_dependent_routine,382156581214500,382156581215100,600,before
secret_dependent_routine,382156581216200,382156581226800,10600,before
secret_dependent_routine,382156581227900,382156581228600,700,before
secret_dependent_routine,382156581231800,382156581242000,10200,before
secret_dependent_routine,382156581243100,382156581243800,700,before
secret_dependent_routine,382156581244900,382156581254500,9600,before
secret_dependent_routine,382156581255600,382156581256200,600,before
secret_dependent_routine,382156581257400,382156581267000,9600,before
secret_dependent_routine,382156581268100,382156581268800,700,before
secret_dependent_routine,382156581269800,382156581279400,9600,before
secret_dependent_routine,382156581280500,382156581281200,700,before
secret_dependent_routine,382156581282200,382156581291800,9600,before
secret_dependent_routine,382156581292900,382156581293500,600,before
secret_dependent_routine,382156581294500,382156581304300,9800,before
secret_dependent_routine,382156581305400,382156581306100,700,before
secret_dependent_routine,382156581307100,382156581317100,10000,before
secret_dependent_routine,382156581318200,382156581318900,700,before
secret_dependent_routine,382156581320000,382156581329800,9800,before
secret_dependent_routine,382156581330900,382156581331600,700,before
secret_dependent_routine,382156581332600,382156581342700,10100,before
secret_dependent_routine,382156581343800,382156581344500,700,before
secret_dependent_routine,382156581345600,382156581355500,9900,before
secret_dependent_routine,382156581356700,382156581357300,600,before
secret_dependent_routine,382156581358300,382156581368100,9800,before
secret_dependent_routine,382156581369100,382156581369700,600,before
secret_dependent_routine,382156581370800,382156581380600,9800,before
secret_dependent_routine,382156581381700,382156581382300,600,before
secret_dependent_routine,382156581383300,382156581393200,9900,before
secret_dependent_routine,382156581394300,382156581394900,600,before
secret_dependent_routine,382156581395900,382156581405900,10000,before
secret_dependent_routine,382156581407000,382156581407500,500,before
secret_dependent_routine,382156581408600,382156581418600,10000,before
secret_dependent_routine,382156581419600,382156581420200,600,before
secret_dependent_routine,382156581421300,382156581431100,9800,before
secret_dependent_routine,382156581432100,382156581432700,600,before
secret_dependent_routine,382156581433800,382156581446100,12300,before
secret_dependent_routine,382156581447500,382156581448100,600,before
secret_dependent_routine,382156581449300,382156581459200,9900,before
secret_dependent_routine,382156581460400,382156581461000,600,before
secret_dependent_routine,382156581463400,382156581473000,9600,before
secret_dependent_routine,382156581474200,382156581474800,600,before
secret_dependent_routine,382156581475900,382156581485700,9800,before
secret_dependent_routine,382156581486800,382156581487400,600,before
secret_dependent_routine,382156581488400,382156581498100,9700,before
secret_dependent_routine,382156581499100,382156581499700,600,before
secret_dependent_routine,382156581500900,382156581510500,9600,before
secret_dependent_routine,382156581512800,382156581513500,700,before
secret_dependent_routine,382156581514600,382156581524500,9900,before
secret_dependent_routine,382156581525600,382156581526300,700,before
secret_dependent_routine,382156581527400,382156581537300,9900,before
secret_dependent_routine,382156581538300,382156581539000,700,before
secret_dependent_routine,382156581540100,382156581550300,10200,before
secret_dependent_routine,382156581551300,382156581551900,600,before
secret_dependent_routine,382156581553000,382156581562700,9700,before
secret_dependent_routine,382156581563800,382156581564400,600,before
secret_dependent_routine,382156581565500,382156581575100,9600,before
secret_dependent_routine,382156581576300,382156581576800,500,before
secret_dependent_routine,382156581577900,382156581587700,9800,before
secret_dependent_routine,382156581588800,382156581589400,600,before
secret_dependent_routine,382156581590500,382156581600300,9800,before
secret_dependent_routine,382156581601400,382156581602000,600,before
secret_dependent_routine,382156581603100,382156581612700,9600,before
secret_dependent_routine,382156581613800,382156581614400,600,before
secret_dependent_routine,382156581615500,382156581625200,9700,before
secret_dependent_routine,382156581626200,382156581626800,600,before
secret_dependent_routine,382156581627800,382156581637800,10000,before
secret_dependent_routine,382156581638800,382156581639400,600,before
secret_dependent_routine,382156581640500,382156581650200,9700,before
secret_dependent_routine,382156581651200,382156581651800,600,before
secret_dependent_routine,382156581652900,382156581662500,9600,before
secret_dependent_routine,382156581663600,382156581664300,700,before
secret_dependent_routine,382156581665300,382156581675500,10200,before
secret_dependent_routine,382156581676600,382156581677200,600,before
secret_dependent_routine,382156581678300,382156581687900,9600,before
secret_dependent_routine,382156581688900,382156581689600,700,before
secret_dependent_routine,382156581691800,382156581701900,10100,before
secret_dependent_routine,382156581702900,382156581703500,600,before
secret_dependent_routine,382156581704600,382156581715600,11000,before
secret_dependent_routine,382156581716600,382156581717300,700,before
secret_dependent_routine,382156581718400,382156581728300,9900,before
secret_dependent_routine,382156581729400,382156581730000,600,before
secret_dependent_routine,382156581731100,382156581740900,9800,before
secret_dependent_routine,382156581742000,382156581742600,600,before
secret_dependent_routine,382156581743600,382156581753500,9900,before
secret_dependent_routine,382156581754600,382156581755200,600,before
secret_dependent_routine,382156581756300,382156581766100,9800,before
secret_dependent_routine,382156581767100,382156581767700,600,before
secret_dependent_routine,382156581768800,382156581778800,10000,before
secret_dependent_routine,382156581781000,382156581781600,600,before
secret_dependent_routine,382156581782800,382156581792500,9700,before
secret_dependent_routine,382156581793600,382156581794200,600,before
secret_dependent_routine,382156581795300,382156581805000,9700,before
secret_dependent_routine,382156581806100,382156581806700,600,before
secret_dependent_routine,382156581807800,382156581817700,9900,before
secret_dependent_routine,382156581818700,382156581819400,700,before
secret_dependent_routine,382156581820400,382156581830400,10000,before
secret_dependent_routine,382156581831500,382156581832100,600,before
secret_dependent_routine,382156581833200,382156581843500,10300,before
secret_dependent_routine,382156581844600,382156581845200,600,before
secret_dependent_routine,382156581846300,382156581856100,9800,before
secret_dependent_routine,382156581857200,382156581857800,600,before
secret_dependent_routine,382156581859000,382156581868500,9500,before
secret_dependent_routine,382156581869700,382156581870300,600,before
secret_dependent_routine,382156581871400,382156581881100,9700,before
secret_dependent_routine,382156581882200,382156581882800,600,before
secret_dependent_routine,382156581883900,382156581893800,9900,before
secret_dependent_routine,382156581894900,382156581895500,600,before
secret_dependent_routine,382156581896600,382156581906500,9900,before
secret_dependent_routine,382156581907600,382156581908200,600,before
secret_dependent_routine,382156581909400,382156581919200,9800,before
secret_dependent_routine,382156581920200,382156581920800,600,before
secret_dependent_routine,382156581923100,382156581933000,9900,before
secret_dependent_routine,382156581934100,382156581934700,600,before
secret_dependent_routine,382156581935900,382156581945600,9700,before
secret_dependent_routine,382156581946600,382156581947200,600,before
secret_dependent_routine,382156581948300,382156581958000,9700,before
secret_dependent_routine,382156581959100,382156581959700,600,before
secret_dependent_routine,382156581960700,382156581970400,9700,before
secret_dependent_routine,382156581971400,382156581972000,600,before
secret_dependent_routine,382156581973100,382156581982700,9600,before
secret_dependent_routine,382156581983800,382156581985500,1700,before
secret_dependent_routine,382156581986800,382156581996800,10000,before
secret_dependent_routine,382156581997900,382156581998500,600,before
secret_dependent_routine,382156581999600,382156582009600,10000,before
secret_dependent_routine,382156582010600,382156582011200,600,before
secret_dependent_routine,382156582012300,382156582022400,10100,before
secret_dependent_routine,382156582023400,382156582024100,700,before
secret_dependent_routine,382156582025200,382156582043900,18700,before
secret_dependent_routine,382156582045800,382156582046600,800,before
secret_dependent_routine,382156582047700,382156582059300,11600,before
secret_dependent_routine,382156582061500,382156582062200,700,before
secret_dependent_routine,382156582063300,382156582073400,10100,before
secret_dependent_routine,382156582074400,382156582075100,700,before
secret_dependent_routine,382156582076200,382156582086500,10300,before
secret_dependent_routine,382156582087700,382156582088300,600,before
secret_dependent_routine,382156582089400,382156582101400,12000,before
secret_dependent_routine,382156582102700,382156582103400,700,before
secret_dependent_routine,382156582104700,382156582116900,12200,before
secret_dependent_routine,382156582118200,382156582118900,700,before
secret_dependent_routine,382156582120300,382156582132600,12300,before
secret_dependent_routine,382156582133800,382156582134500,700,before
secret_dependent_routine,382156582135800,382156582148300,12500,before
secret_dependent_routine,382156582149600,382156582150300,700,before
secret_dependent_routine,382156582151500,382156582164000,12500,before
secret_dependent_routine,382156582165200,382156582166000,800,before
secret_dependent_routine,382156582167200,382156582179400,12200,before
secret_dependent_routine,382156582180700,382156582181500,800,before
secret_dependent_routine,382156582182800,382156582195000,12200,before
secret_dependent_routine,382156582197700,382156582198500,800,before
secret_dependent_routine,382156582199700,382156582210900,11200,before
secret_dependent_routine,382156582212300,382156582213000,700,before
secret_dependent_routine,382156582214300,382156582225400,11100,before
secret_dependent_routine,382156582226700,382156582227400,700,before
secret_dependent_routine,382156582228600,382156582239700,11100,before
secret_dependent_routine,382156582240800,382156582241500,700,before
secret_dependent_routine,382156582242700,382156582253700,11000,before
secret_dependent_routine,382156582254900,382156582255600,700,before
secret_dependent_routine,382156582256800,382156582267800,11000,before
secret_dependent_routine,382156582269000,382156582269700,700,before
secret_dependent_routine,382156582272700,382156582284400,11700,before
secret_dependent_routine,382156582285700,382156582286400,700,before
secret_dependent_routine,382156582291500,382156582303300,11800,before
secret_dependent_routine,382156582304600,382156582309100,4500,before
secret_dependent_routine,382156582310300,382156582321500,11200,before
secret_dependent_routine,382156582322800,382156582323500,700,before
secret_dependent_routine,382156582324800,382156582336000,11200,before
secret_dependent_routine,382156582337300,382156582338000,700,before
secret_dependent_routine,382156582339200,382156582350600,11400,before
secret_dependent_routine,382156582351800,382156582352500,700,before
secret_dependent_routine,382156582353800,382156582365300,11500,before
secret_dependent_routine,382156582366500,382156582367200,700,before
secret_dependent_routine,382156582368400,382156582379800,11400,before
secret_dependent_routine,382156582381000,382156582381800,800,before
secret_dependent_routine,382156582384200,382156582396400,12200,before
secret_dependent_routine,382156582397700,382156582398500,800,before
secret_dependent_routine,382156582399700,382156582411900,12200,before
secret_dependent_routine,382156582413100,382156582413800,700,before
secret_dependent_routine,382156582415000,382156582427100,12100,before
secret_dependent_routine,382156582428300,382156582429100,800,before
secret_dependent_routine,382156582430300,382156582442800,12500,before
secret_dependent_routine,382156582444100,382156582444900,800,before
secret_dependent_routine,382156582446200,382156582458700,12500,before
secret_dependent_routine,382156582460200,382156582460900,700,before
secret_dependent_routine,382156582462200,382156582474600,12400,before
secret_dependent_routine,382156582486600,382156582487400,800,before
secret_dependent_routine,382156582488700,382156582500200,11500,before
secret_dependent_routine,382156582501500,382156582502200,700,before
secret_dependent_routine,382156582503500,382156582515200,11700,before
secret_dependent_routine,382156582516400,382156582517200,800,before
secret_dependent_routine,382156582518400,382156582530600,12200,before
secret_dependent_routine,382156582531800,382156582532500,700,before
secret_dependent_routine,382156582533800,382156582545400,11600,before
secret_dependent_routine,382156582546800,382156582547500,700,before
secret_dependent_routine,382156582548900,382156582560800,11900,before
secret_dependent_routine,382156582562100,382156582562900,800,before
secret_dependent_routine,382156582564300,382156582576200,11900,before
secret_dependent_routine,382156582577500,382156582578200,700,before
secret_dependent_routine,382156582579500,382156582591600,12100,before
secret_dependent_routine,382156582592900,382156582593700,800,before
secret_dependent_routine,382156582595000,382156582607100,12100,before
secret_dependent_routine,382156582608500,382156582609200,700,before
secret_dependent_routine,382156582610400,382156582622600,12200,before
secret_dependent_routine,382156582623900,382156582624600,700,before
secret_dependent_routine,382156582625900,382156582637900,12000,before
secret_dependent_routine,382156582639100,382156582639900,800,before
secret_dependent_routine,382156582641100,382156582655300,14200,before
secret_dependent_routine,382156582656700,382156582657400,700,before
secret_dependent_routine,382156582658800,382156582670500,11700,before
secret_dependent_routine,382156582671900,382156582672600,700,before
secret_dependent_routine,382156582673900,382156582685700,11800,before
secret_dependent_routine,382156582687000,382156582687800,800,before
secret_dependent_routine,382156582689000,382156582700900,11900,before
secret_dependent_routine,382156582702100,382156582702800,700,before
secret_dependent_routine,382156582704100,382156582717900,13800,before
secret_dependent_routine,382156582719200,382156582719900,700,before
secret_dependent_routine,382156582721100,382156582732600,11500,before
secret_dependent_routine,382156582734300,382156582735000,700,before
secret_dependent_routine,382156582736200,382156582747900,11700,before
secret_dependent_routine,382156582749100,382156582749900,800,before
secret_dependent_routine,382156582751200,382156582763200,12000,before
secret_dependent_routine,382156582764900,382156582765600,700,before
secret_dependent_routine,382156582766800,382156582778300,11500,before
secret_dependent_routine,382156582779600,382156582780300,700,before
secret_dependent_routine,382156582781600,382156582793000,11400,before
secret_dependent_routine,382156582794200,382156582795000,800,before
secret_dependent_routine,382156582796300,382156582807700,11400,before
secret_dependent_routine,382156582808900,382156582809600,700,before
secret_dependent_routine,382156582810900,382156582822400,11500,before
secret_dependent_routine,382156582823600,382156582824500,900,before
secret_dependent_routine,382156582825700,382156582837200,11500,before
secret_dependent_routine,382156582838400,382156582839100,700,before
secret_dependent_routine,382156582840500,382156582852000,11500,before
secret_dependent_routine,382156582853300,382156582854000,700,before
secret_dependent_routine,382156582855300,382156582866800,11500,before
secret_dependent_routine,382156582868200,382156582869000,800,before
secret_dependent_routine,382156582870300,382156582882100,11800,before
secret_dependent_routine,382156582883300,382156582884000,700,before
secret_dependent_routine,382156582885300,382156582896800,11500,before
secret_dependent_routine,382156582898000,382156582898700,700,before
secret_dependent_routine,382156582900000,382156582911800,11800,before
secret_dependent_routine,382156582913100,382156582913700,600,before
secret_dependent_routine,382156582915000,382156582926700,11700,before
secret_dependent_routine,382156582927900,382156582928600,700,before
secret_dependent_routine,382156582929800,382156582942100,12300,before
secret_dependent_routine,382156582943300,382156582944000,700,before
secret_dependent_routine,382156582945300,382156582956800,11500,before
secret_dependent_routine,382156582958100,382156582958900,800,before
secret_dependent_routine,382156582960100,382156582972100,12000,before
secret_dependent_routine,382156582973400,382156582974100,700,before
secret_dependent_routine,382156582975300,382156582987100,11800,before
secret_dependent_routine,382156582988300,382156582989100,800,before
secret_dependent_routine,382156582990300,382156583001900,11600,before
secret_dependent_routine,382156583003200,382156583003900,700,before
secret_dependent_routine,382156583005200,382156583016900,11700,before
secret_dependent_routine,382156583018100,382156583018800,700,before
secret_dependent_routine,382156583020100,382156583031700,11600,before
secret_dependent_routine,382156583033100,382156583033800,700,before
secret_dependent_routine,382156583035100,382156583046600,11500,before
secret_dependent_routine,382156583048200,382156583048900,700,before
secret_dependent_routine,382156583050200,382156583061700,11500,before
secret_dependent_routine,382156583063000,382156583063700,700,before
secret_dependent_routine,382156583065000,382156583076600,11600,before
secret_dependent_routine,382156583077900,382156583078700,800,before
secret_dependent_routine,382156583079900,382156583091500,11600,before
secret_dependent_routine,382156583092800,382156583093500,700,before
secret_dependent_routine,382156583094800,382156583106500,11700,before
secret_dependent_routine,382156583107800,382156583108500,700,before
secret_dependent_routine,382156583109800,382156583121400,11600,before
secret_dependent_routine,382156583122700,382156583123500,800,before
secret_dependent_routine,382156583124700,382156583136300,11600,before
secret_dependent_routine,382156583137600,382156583138300,700,before
secret_dependent_routine,382156583139500,382156583151300,11800,before
secret_dependent_routine,382156583152600,382156583153300,700,before
secret_dependent_routine,382156583154600,382156583166100,11500,before
secret_dependent_routine,382156583167400,382156583168100,700,before
secret_dependent_routine,382156583169300,382156583180800,11500,before
secret_dependent_routine,382156583182000,382156583182700,700,before
secret_dependent_routine,382156583184000,382156583195500,11500,before
secret_dependent_routine,382156583196800,382156583197500,700,before
secret_dependent_routine,382156583198800,382156583210300,11500,before
secret_dependent_routine,382156583211600,382156583212300,700,before
secret_dependent_routine,382156583213600,382156583225300,11700,before
secret_dependent_routine,382156583226400,382156583227000,600,before
secret_dependent_routine,382156583228100,382156583237800,9700,before
secret_dependent_routine,382156583238900,382156583239600,700,before
secret_dependent_routine,382156583240600,382156583250700,10100,before
secret_dependent_routine,382156583251800,382156583252300,500,before
secret_dependent_routine,382156583253400,382156583263300,9900,before
secret_dependent_routine,382156583264300,382156583264900,600,before
secret_dependent_routine,382156583266000,382156583275900,9900,before
secret_dependent_routine,382156583277000,382156583277900,900,before
secret_dependent_routine,382156583279000,382156583288900,9900,before
secret_dependent_routine,382156583289900,382156583290500,600,before
secret_dependent_routine,382156583291800,382156583301600,9800,before
secret_dependent_routine,382156583302700,382156583303300,600,before
secret_dependent_routine,382156583304400,382156583314200,9800,before
secret_dependent_routine,382156583315300,382156583315900,600,before
secret_dependent_routine,382156583317000,382156583326800,9800,before
secret_dependent_routine,382156583327900,382156583328500,600,before
secret_dependent_routine,382156583329600,382156583340000,10400,before
secret_dependent_routine,382156583341300,382156583341900,600,before
secret_dependent_routine,382156583343000,382156583353000,10000,before
secret_dependent_routine,382156583354100,382156583354700,600,before
secret_dependent_routine,382156583355700,382156583365500,9800,before
secret_dependent_routine,382156583366600,382156583367200,600,before
secret_dependent_routine,382156583368300,382156583378100,9800,before
secret_dependent_routine,382156583379200,382156583379800,600,before
secret_dependent_routine,382156583380800,382156583390700,9900,before
secret_dependent_routine,382156583391800,382156583392400,600,before
secret_dependent_routine,382156583393500,382156583403300,9800,before
secret_dependent_routine,382156583404400,382156583405000,600,before
secret_dependent_routine,382156583406100,382156583416500,10400,before
secret_dependent_routine,382156583417600,382156583418200,600,before
secret_dependent_routine,382156583419300,382156583429200,9900,before
secret_dependent_routine,382156583430200,382156583430800,600,before
secret_dependent_routine,382156583431900,382156583441800,9900,before
secret_dependent_routine,382156583442800,382156583443400,600,before
secret_dependent_routine,382156583444600,382156583454400,9800,before
secret_dependent_routine,382156583455500,382156583456100,600,before
secret_dependent_routine,382156583457100,382156583467500,10400,before
secret_dependent_routine,382156583468500,382156583469100,600,before
secret_dependent_routine,382156583470200,382156583479900,9700,before
secret_dependent_routine,382156583481000,382156583481600,600,before
secret_dependent_routine,382156583482800,382156583492600,9800,before
secret_dependent_routine,382156583493700,382156583494300,600,before
secret_dependent_routine,382156583495400,382156583505200,9800,before
secret_dependent_routine,382156583506200,382156583506800,600,before
secret_dependent_routine,382156583507900,382156583517700,9800,before
secret_dependent_routine,382156583518800,382156583519400,600,before
secret_dependent_routine,382156583520800,382156583530600,9800,before
secret_dependent_routine,382156583531800,382156583532400,600,before
secret_dependent_routine,382156583533500,382156583562300,28800,before
secret_dependent_routine,382156583563900,382156583564900,1000,before
secret_dependent_routine,382156583566000,382156583575900,9900,before
secret_dependent_routine,382156583577000,382156583577600,600,before
secret_dependent_routine,382156583578800,382156583588600,9800,before
secret_dependent_routine,382156583589700,382156583590400,700,before
secret_dependent_routine,382156583591500,382156583602000,10500,before
secret_dependent_routine,382156583603200,382156583603800,600,before
secret_dependent_routine,382156583605000,382156583615800,10800,before
secret_dependent_routine,382156583617100,382156583617700,600,before
secret_dependent_routine,382156583619000,382156583630300,11300,before
secret_dependent_routine,382156583631600,382156583632300,700,before
secret_dependent_routine,382156583633800,382156583645500,11700,before
secret_dependent_routine,382156583646700,382156583647500,800,before
secret_dependent_routine,382156583648700,382156583660500,11800,before
secret_dependent_routine,382156583661700,382156583662500,800,before
secret_dependent_routine,382156583663800,382156583675500,11700,before
secret_dependent_routine,382156583676700,382156583677500,800,before
secret_dependent_routine,382156583678800,382156583691000,12200,before
secret_dependent_routine,382156583692400,382156583693300,900,before
secret_dependent_routine,382156583694600,382156583706100,11500,before
secret_dependent_routine,382156583707300,382156583708100,800,before
secret_dependent_routine,382156583709300,382156583720900,11600,before
secret_dependent_routine,382156583722300,382156583723000,700,before
secret_dependent_routine,382156583724300,382156583736000,11700,before
secret_dependent_routine,382156583737300,382156583738100,800,before
secret_dependent_routine,382156583739300,382156583751000,11700,before
secret_dependent_routine,382156583752300,382156583753000,700,before
secret_dependent_routine,382156583754200,382156583765900,11700,before
secret_dependent_routine,382156583767100,382156583767800,700,before
secret_dependent_routine,382156583769200,382156583780900,11700,before
secret_dependent_routine,382156583782200,382156583782900,700,before
secret_dependent_routine,382156583784200,382156583795700,11500,before
secret_dependent_routine,382156583796900,382156583797700,800,before
secret_dependent_routine,382156583799200,382156583810700,11500,before
secret_dependent_routine,382156583812000,382156583812800,800,before
secret_dependent_routine,382156583814100,382156583825700,11600,before
secret_dependent_routine,382156583826900,382156583827600,700,before
secret_dependent_routine,382156583828900,382156583840400,11500,before
secret_dependent_routine,382156583841600,382156583842300,700,before
secret_dependent_routine,382156583843500,382156583855100,11600,before
secret_dependent_routine,382156583856300,382156583857000,700,before
secret_dependent_routine,382156583858300,382156583869800,11500,before
secret_dependent_routine,382156583871100,382156583871800,700,before
secret_dependent_routine,382156583873100,382156583887700,14600,before
secret_dependent_routine,382156583889200,382156583890000,800,before
secret_dependent_routine,382156583891300,382156583903100,11800,before
secret_dependent_routine,382156583904500,382156583905200,700,before
secret_dependent_routine,382156583906500,382156583918300,11800,before
secret_dependent_routine,382156583919600,382156583920300,700,before
secret_dependent_routine,382156583921600,382156583933300,11700,before
secret_dependent_routine,382156583934700,382156583935500,800,before
secret_dependent_routine,382156583936800,382156583948500,11700,before
secret_dependent_routine,382156583949900,382156583950500,600,before
secret_dependent_routine,382156583951800,382156583964600,12800,before
secret_dependent_routine,382156583967100,382156583967800,700,before
secret_dependent_routine,382156583969100,382156583980500,11400,before
secret_dependent_routine,382156583981700,382156583982400,700,before
secret_dependent_routine,382156583983600,382156583994600,11000,before
secret_dependent_routine,382156583995800,382156583996500,700,before
secret_dependent_routine,382156583997700,382156584008900,11200,before
secret_dependent_routine,382156584010100,382156584010800,700,before
secret_dependent_routine,382156584012000,382156584023200,11200,before
secret_dependent_routine,382156584024300,382156584025000,700,before
secret_dependent_routine,382156584027400,382156584038800,11400,before
secret_dependent_routine,382156584039900,382156584040500,600,before
secret_dependent_routine,382156584041600,382156584051600,10000,before
secret_dependent_routine,382156584052700,382156584053400,700,before
secret_dependent_routine,382156584061900,382156584072500,10600,before
secret_dependent_routine,382156584073600,382156584074400,800,before
secret_dependent_routine,382156584075700,382156584086200,10500,before
secret_dependent_routine,382156584087500,382156584088100,600,before
secret_dependent_routine,382156584089400,382156584099600,10200,before
secret_dependent_routine,382156584100800,382156584101400,600,before
secret_dependent_routine,382156584102600,382156584112600,10000,before
secret_dependent_routine,382156584114100,382156584116800,2700,before
secret_dependent_routine,382156584118100,382156584129200,11100,before
secret_dependent_routine,382156584130500,382156584131100,600,before
secret_dependent_routine,382156584132300,382156584143300,11000,before
secret_dependent_routine,382156584144500,382156584145200,700,before
secret_dependent_routine,382156584146400,382156584157800,11400,before
secret_dependent_routine,382156584158900,382156584159600,700,before
secret_dependent_routine,382156584160900,382156584171900,11000,before
secret_dependent_routine,382156584173100,382156584173800,700,before
secret_dependent_routine,382156584174900,382156584186000,11100,before
secret_dependent_routine,382156584187200,382156584187900,700,before
secret_dependent_routine,382156584189100,382156584200800,11700,before
secret_dependent_routine,382156584202000,382156584202700,700,before
secret_dependent_routine,382156584204000,382156584214700,10700,before
secret_dependent_routine,382156584215900,382156584216600,700,before
secret_dependent_routine,382156584217700,382156584229300,11600,before
secret_dependent_routine,382156584230500,382156584231200,700,before
secret_dependent_routine,382156584232300,382156584244100,11800,before
secret_dependent_routine,382156584245200,382156584246000,800,before
secret_dependent_routine,382156584247100,382156584258700,11600,before
secret_dependent_routine,382156584259800,382156584260500,700,before
secret_dependent_routine,382156584261600,382156584273200,11600,before
secret_dependent_routine,382156584275700,382156584276400,700,before
secret_dependent_routine,382156584277700,382156584288000,10300,before
secret_dependent_routine,382156584289200,382156584289900,700,before
secret_dependent_routine,382156584291100,382156584301800,10700,before
secret_dependent_routine,382156584303000,382156584303700,700,before
secret_dependent_routine,382156584304800,382156584315500,10700,before
secret_dependent_routine,382156584316700,382156584317300,600,before
secret_dependent_routine,382156584318500,382156584329100,10600,before
secret_dependent_routine,382156584330200,382156584330900,700,before
secret_dependent_routine,382156584332000,382156584342800,10800,before
secret_dependent_routine,382156584344300,382156584344900,600,before
secret_dependent_routine,382156584346100,382156584356700,10600,before
secret_dependent_routine,382156584357800,382156584358500,700,before
secret_dependent_routine,382156584359500,382156584370100,10600,before
secret_dependent_routine,382156584371200,382156584371900,700,before
secret_dependent_routine,382156584373000,382156584383900,10900,before
secret_dependent_routine,382156584385000,382156584385700,700,before
secret_dependent_routine,382156584386900,382156584397400,10500,before
secret_dependent_routine,382156584398500,382156584399200,700,before
secret_dependent_routine,382156584400400,382156584410800,10400,before
secret_dependent_routine,382156584411900,382156584412600,700,before
secret_dependent_routine,382156584415800,382156584425600,9800,before
secret_dependent_routine,382156584426700,382156584427300,600,before
secret_dependent_routine,382156584428300,382156584438100,9800,before
secret_dependent_routine,382156584439200,382156584439800,600,before
secret_dependent_routine,382156584440900,382156584450500,9600,before
secret_dependent_routine,382156584451600,382156584452200,600,before
secret_dependent_routine,382156584453300,382156584463100,9800,before
secret_dependent_routine,382156584464200,382156584464800,600,before
secret_dependent_routine,382156584465900,382156584475600,9700,before
secret_dependent_routine,382156584476600,382156584477200,600,before
secret_dependent_routine,382156584478300,382156584488300,10000,before
secret_dependent_routine,382156584489400,382156584491200,1800,before
secret_dependent_routine,382156584492400,382156584502900,10500,before
secret_dependent_routine,382156584504000,382156584504700,700,before
secret_dependent_routine,382156584505800,382156584515500,9700,before
secret_dependent_routine,382156584516600,382156584517200,600,before
secret_dependent_routine,382156584518300,382156584528400,10100,before
secret_dependent_routine,382156584585100,382156584585700,600,before
secret_dependent_routine,382156584587000,382156584596700,9700,before
secret_dependent_routine,382156584597800,382156584598400,600,before
secret_dependent_routine,382156584599500,382156584609400,9900,before
secret_dependent_routine,382156584611600,382156584612300,700,before
secret_dependent_routine,382156584613400,382156584623400,10000,before
secret_dependent_routine,382156584624500,382156584625100,600,before
secret_dependent_routine,382156584626200,382156584637400,11200,before
secret_dependent_routine,382156584639600,382156584640300,700,before
secret_dependent_routine,382156584641300,382156584651200,9900,before
secret_dependent_routine,382156584652300,382156584653000,700,before
secret_dependent_routine,382156584654000,382156584664000,10000,before
secret_dependent_routine,382156584665000,382156584665600,600,before
secret_dependent_routine,382156584666700,382156584676700,10000,before
secret_dependent_routine,382156584677700,382156584678400,700,before
secret_dependent_routine,382156584679400,382156584689100,9700,before
secret_dependent_routine,382156584690200,382156584690800,600,before
secret_dependent_routine,382156584691800,382156584701500,9700,before
secret_dependent_routine,382156584702500,382156584703100,600,before
secret_dependent_routine,382156584704100,382156584713700,9600,before
secret_dependent_routine,382156584714900,382156584715500,600,before
secret_dependent_routine,382156584716600,382156584726200,9600,before
secret_dependent_routine,382156584727200,382156584727800,600,before
secret_dependent_routine,382156584728900,382156584739000,10100,before
secret_dependent_routine,382156584740000,382156584740600,600,before
secret_dependent_routine,382156584741600,382156584751900,10300,before
secret_dependent_routine,382156584753000,382156584753600,600,before
secret_dependent_routine,382156584754700,382156584764700,10000,before
secret_dependent_routine,382156584765800,382156584766400,600,before
secret_dependent_routine,382156584767500,382156584777200,9700,before
secret_dependent_routine,382156584778300,382156584778900,600,before
secret_dependent_routine,382156584780000,382156584790000,10000,before
secret_dependent_routine,382156584791000,382156584791600,600,before
secret_dependent_routine,382156584792700,382156584802700,10000,before
secret_dependent_routine,382156584803800,382156584804400,600,before
secret_dependent_routine,382156584805400,382156584815000,9600,before
secret_dependent_routine,382156584816000,382156584817800,1800,before
secret_dependent_routine,382156584819000,382156584829000,10000,before
secret_dependent_routine,382156584830100,382156584830800,700,before
secret_dependent_routine,382156584831900,382156584842100,10200,before
secret_dependent_routine,382156584843200,382156584843900,700,before
secret_dependent_routine,382156584844900,382156584855500,10600,before
secret_dependent_routine,382156584856600,382156584857300,700,before
secret_dependent_routine,382156584858400,382156584935600,77200,before
secret_dependent_routine,382156584938500,382156584939300,800,before
secret_dependent_routine,382156584940500,382156584950400,9900,before
secret_dependent_routine,382156584951600,382156584952200,600,before
secret_dependent_routine,382156584954400,382156584964500,10100,before
secret_dependent_routine,382156584965600,382156584966300,700,before
secret_dependent_routine,382156584967500,382156584978000,10500,before
secret_dependent_routine,382156584979300,382156584980000,700,before
secret_dependent_routine,382156584981300,382156584992600,11300,before
secret_dependent_routine,382156584993900,382156584994800,900,before
secret_dependent_routine,382156584996100,382156585007900,11800,before
secret_dependent_routine,382156585009200,382156585009900,700,before
secret_dependent_routine,382156585011200,382156585022700,11500,before
secret_dependent_routine,382156585024100,382156585025000,900,before
secret_dependent_routine,382156585026300,382156585037700,11400,before
secret_dependent_routine,382156585038900,382156585039600,700,before
secret_dependent_routine,382156585040900,382156585052500,11600,before
secret_dependent_routine,382156585053800,382156585054500,700,before
secret_dependent_routine,382156585055800,382156585070700,14900,before
secret_dependent_routine,382156585072500,382156585073400,900,before
secret_dependent_routine,382156585074800,382156585086400,11600,before
secret_dependent_routine,382156585088100,382156585088900,800,before
secret_dependent_routine,382156585090400,382156585102500,12100,before
secret_dependent_routine,382156585104400,382156585105200,800,before
secret_dependent_routine,382156585106500,382156585118300,11800,before
secret_dependent_routine,382156585119800,382156585120400,600,before
secret_dependent_routine,382156585121800,382156585134000,12200,before
secret_dependent_routine,382156585135200,382156585135900,700,before
secret_dependent_routine,382156585137200,382156585148900,11700,before
secret_dependent_routine,382156585150100,382156585150800,700,before
secret_dependent_routine,382156585152100,382156585163700,11600,before
secret_dependent_routine,382156585165100,382156585165900,800,before
secret_dependent_routine,382156585167200,382156585179300,12100,before
secret_dependent_routine,382156585180600,382156585181400,800,before
secret_dependent_routine,382156585182600,382156585194400,11800,before
secret_dependent_routine,382156585195700,382156585196400,700,before
secret_dependent_routine,382156585197600,382156585212500,14900,before
secret_dependent_routine,382156585215100,382156585215900,800,before
secret_dependent_routine,382156585217300,382156585228800,11500,before
secret_dependent_routine,382156585230100,382156585230800,700,before
secret_dependent_routine,382156585232100,382156585243800,11700,before
secret_dependent_routine,382156585245000,382156585245700,700,before
secret_dependent_routine,382156585247000,382156585258500,11500,before
secret_dependent_routine,382156585259700,382156585260400,700,before
secret_dependent_routine,382156585261600,382156585273200,11600,before
secret_dependent_routine,382156585274400,382156585275100,700,before
secret_dependent_routine,382156585276400,382156585288000,11600,before
secret_dependent_routine,382156585290700,382156585291500,800,before
secret_dependent_routine,382156585292900,382156585304200,11300,before
secret_dependent_routine,382156585305500,382156585306300,800,before
secret_dependent_routine,382156585307600,382156585319300,11700,before
secret_dependent_routine,382156585320700,382156585321400,700,before
secret_dependent_routine,382156585322700,382156585334500,11800,before
secret_dependent_routine,382156585335800,382156585336600,800,before
secret_dependent_routine,382156585337900,382156585350500,12600,before
secret_dependent_routine,382156585351800,382156585352500,700,before
secret_dependent_routine,382156585353800,382156585365400,11600,before
secret_dependent_routine,382156585366700,382156585367500,800,before
secret_dependent_routine,382156585368800,382156585381000,12200,before
secret_dependent_routine,382156585382300,382156585383100,800,before
secret_dependent_routine,382156585384400,382156585395900,11500,before
secret_dependent_routine,382156585397200,382156585397900,700,before
secret_dependent_routine,382156585399200,382156585410800,11600,before
secret_dependent_routine,382156585412100,382156585412800,700,before
secret_dependent_routine,382156585414000,382156585425600,11600,before
secret_dependent_routine,382156585426900,382156585427600,700,before
secret_dependent_routine,382156585428900,382156585440500,11600,before
secret_dependent_routine,382156585441800,382156585442600,800,before
secret_dependent_routine,382156585443800,382156585455400,11600,before
secret_dependent_routine,382156585456700,382156585457500,800,before
secret_dependent_routine,382156585458700,382156585470200,11500,before
secret_dependent_routine,382156585471500,382156585472200,700,before
secret_dependent_routine,382156585473500,382156585484900,11400,before
secret_dependent_routine,382156585486200,382156585486900,700,before
secret_dependent_routine,382156585489600,382156585501500,11900,before
secret_dependent_routine,382156585502800,382156585503600,800,before
secret_dependent_routine,382156585504900,382156585516900,12000,before
secret_dependent_routine,382156585518300,382156585519000,700,before
secret_dependent_routine,382156585521500,382156585532800,11300,before
secret_dependent_routine,382156585534000,382156585534600,600,before
secret_dependent_routine,382156585537500,382156585547500,10000,before
secret_dependent_routine,382156585548600,382156585549100,500,before
secret_dependent_routine,382156585550200,382156585560200,10000,before
secret_dependent_routine,382156585561300,382156585561900,600,before
secret_dependent_routine,382156585563100,382156585573000,9900,before
secret_dependent_routine,382156585574100,382156585574700,600,before
secret_dependent_routine,382156585575800,382156585585800,10000,before
secret_dependent_routine,382156585586900,382156585587500,600,before
secret_dependent_routine,382156585588500,382156585598500,10000,before
secret_dependent_routine,382156585600800,382156585601500,700,before
secret_dependent_routine,382156585602600,382156585612500,9900,before
secret_dependent_routine,382156585613500,382156585614100,600,before
secret_dependent_routine,382156585615200,382156585625000,9800,before
secret_dependent_routine,382156585626100,382156585626700,600,before
secret_dependent_routine,382156585627800,382156585638400,10600,before
secret_dependent_routine,382156585639500,382156585640200,700,before
secret_dependent_routine,382156585641200,382156585651500,10300,before
secret_dependent_routine,382156585652600,382156585653200,600,before
secret_dependent_routine,382156585654200,382156585664600,10400,before
secret_dependent_routine,382156585665600,382156585666300,700,before
secret_dependent_routine,382156585667300,382156585677500,10200,before
secret_dependent_routine,382156585678600,382156585679200,600,before
secret_dependent_routine,382156585680200,382156585690400,10200,before
secret_dependent_routine,382156585691500,382156585692100,600,before
secret_dependent_routine,382156585693200,382156585703400,10200,before
secret_dependent_routine,382156585704500,382156585705200,700,before
secret_dependent_routine,382156585706300,382156585716400,10100,before
secret_dependent_routine,382156585717600,382156585718300,700,before
secret_dependent_routine,382156585719300,382156585729400,10100,before
secret_dependent_routine,382156585730500,382156585731100,600,before
secret_dependent_routine,382156585734300,382156585744200,9900,before
secret_dependent_routine,382156585745300,382156585745900,600,before
secret_dependent_routine,382156585747000,382156585756900,9900,before
secret_dependent_routine,382156585758100,382156585758700,600,before
secret_dependent_routine,382156585759800,382156585770000,10200,before
secret_dependent_routine,382156585771100,382156585771700,600,before
secret_dependent_routine,382156585772800,382156585783000,10200,before
secret_dependent_routine,382156585784100,382156585784700,600,before
secret_dependent_routine,382156585785800,382156585796100,10300,before
secret_dependent_routine,382156585797100,382156585797700,600,before
secret_dependent_routine,382156585798700,382156585809200,10500,before
secret_dependent_routine,382156585810200,382156585812000,1800,before
secret_dependent_routine,382156585813100,382156585823000,9900,before
secret_dependent_routine,382156585824100,382156585824700,600,before
secret_dependent_routine,382156585825900,382156585836600,10700,before
secret_dependent_routine,382156585837800,382156585838400,600,before
secret_dependent_routine,382156585839600,382156585850100,10500,before
secret_dependent_routine,382156585851200,382156585851800,600,before
secret_dependent_routine,382156585852900,382156585863400,10500,before
secret_dependent_routine,382156585864500,382156585865100,600,before
secret_dependent_routine,382156585866200,382156585876900,10700,before
secret_dependent_routine,382156585879000,382156585879700,700,before
secret_dependent_routine,382156585880900,382156585891200,10300,before
secret_dependent_routine,382156585892300,382156585892900,600,before
secret_dependent_routine,382156585893900,382156585904400,10500,before
secret_dependent_routine,382156585905600,382156585906200,600,before
secret_dependent_routine,382156585907200,382156585917800,10600,before
secret_dependent_routine,382156585918900,382156585919500,600,before
secret_dependent_routine,382156585920600,382156585931100,10500,before
secret_dependent_routine,382156585932200,382156585932800,600,before
secret_dependent_routine,382156585933900,382156585944300,10400,before
secret_dependent_routine,382156585945400,382156585946000,600,before
secret_dependent_routine,382156585947100,382156585957600,10500,before
secret_dependent_routine,382156585958700,382156585959200,500,before
secret_dependent_routine,382156585960300,382156585970800,10500,before
secret_dependent_routine,382156585971900,382156585972500,600,before
secret_dependent_routine,382156585974700,382156585984300,9600,before
secret_dependent_routine,382156585985400,382156585986000,600,before
secret_dependent_routine,382156585987200,382156585997100,9900,before
secret_dependent_routine,382156585998300,382156585998900,600,before
secret_dependent_routine,382156585999900,382156586009600,9700,before
secret_dependent_routine,382156586010700,382156586011400,700,before
secret_dependent_routine,382156586012400,382156586022100,9700,before
secret_dependent_routine,382156586023200,382156586023800,600,before
secret_dependent_routine,382156586024900,382156586034900,10000,before
secret_dependent_routine,382156586035900,382156586036600,700,before
secret_dependent_routine,382156586037600,382156586047200,9600,before
secret_dependent_routine,382156586048300,382156586048900,600,before
secret_dependent_routine,382156586050000,382156586067200,17200,before
secret_dependent_routine,382156586068800,382156586069500,700,before
secret_dependent_routine,382156586070700,382156586080500,9800,before
secret_dependent_routine,382156586081600,382156586082200,600,before
secret_dependent_routine,382156586083300,382156586093200,9900,before
secret_dependent_routine,382156586094300,382156586096000,1700,before
secret_dependent_routine,382156586097100,382156586107300,10200,before
secret_dependent_routine,382156586108500,382156586109100,600,before
secret_dependent_routine,382156586110200,382156586120600,10400,before
secret_dependent_routine,382156586121900,382156586122600,700,before
secret_dependent_routine,382156586123700,382156586135100,11400,before
secret_dependent_routine,382156586136500,382156586137300,800,before
secret_dependent_routine,382156586138600,382156586150200,11600,before
secret_dependent_routine,382156586151700,382156586152500,800,before
secret_dependent_routine,382156586153700,382156586165200,11500,before
secret_dependent_routine,382156586166500,382156586167200,700,before
secret_dependent_routine,382156586169600,382156586181500,11900,before
secret_dependent_routine,382156586182700,382156586183300,600,before
secret_dependent_routine,382156586184400,382156586195200,10800,before
secret_dependent_routine,382156586196500,382156586197200,700,before
secret_dependent_routine,382156586198400,382156586210000,11600,before
secret_dependent_routine,382156586211200,382156586211800,600,before
secret_dependent_routine,382156586212900,382156586222600,9700,before
secret_dependent_routine,382156586223700,382156586224300,600,before
secret_dependent_routine,382156586226600,382156586236700,10100,before
secret_dependent_routine,382156586237700,382156586238300,600,before
secret_dependent_routine,382156586239400,382156586249800,10400,before
secret_dependent_routine,382156586250800,382156586251500,700,before
secret_dependent_routine,382156586252600,382156586262300,9700,before
secret_dependent_routine,382156586263400,382156586263900,500,before
secret_dependent_routine,382156586265000,382156586274700,9700,before
secret_dependent_routine,382156586275800,382156586276400,600,before
secret_dependent_routine,382156586277500,382156586287200,9700,before
secret_dependent_routine,382156586288300,382156586289000,700,before
secret_dependent_routine,382156586290000,382156586300000,10000,before
secret_dependent_routine,382156586301000,382156586301700,700,before
secret_dependent_routine,382156586302700,382156586312400,9700,before
secret_dependent_routine,382156586313400,382156586314100,700,before
secret_dependent_routine,382156586315100,382156586324700,9600,before
secret_dependent_routine,382156586325800,382156586326300,500,before
secret_dependent_routine,382156586327400,382156586337300,9900,before
secret_dependent_routine,382156586338300,382156586338900,600,before
secret_dependent_routine,382156586340000,382156586349800,9800,before
secret_dependent_routine,382156586350900,382156586351500,600,before
secret_dependent_routine,382156586352600,382156586362300,9700,before
secret_dependent_routine,382156586363400,382156586364000,600,before
secret_dependent_routine,382156586365100,382156586374900,9800,before
secret_dependent_routine,382156586376000,382156586376600,600,before
secret_dependent_routine,382156586377700,382156586390300,12600,before
secret_dependent_routine,382156586391500,382156586392300,800,before
secret_dependent_routine,382156586393400,382156586403500,10100,before
secret_dependent_routine,382156586404600,382156586405200,600,before
secret_dependent_routine,382156586406300,382156586416300,10000,before
secret_dependent_routine,382156586417500,382156586418100,600,before
secret_dependent_routine,382156586419200,382156586429300,10100,before
secret_dependent_routine,382156586430400,382156586431000,600,before
secret_dependent_routine,382156586432100,382156586442100,10000,before
secret_dependent_routine,382156586443100,382156586443800,700,before
secret_dependent_routine,382156586444800,382156586454800,10000,before
secret_dependent_routine,382156586457100,382156586457800,700,before
secret_dependent_routine,382156586458900,382156586468900,10000,before
secret_dependent_routine,382156586471100,382156586471700,600,before
secret_dependent_routine,382156586472800,382156586482500,9700,before
secret_dependent_routine,382156586483600,382156586484200,600,before
secret_dependent_routine,382156586485300,382156586495100,9800,before
secret_dependent_routine,382156586496200,382156586496800,600,before
secret_dependent_routine,382156586497900,382156586507800,9900,before
secret_dependent_routine,382156586508900,382156586509500,600,before
secret_dependent_routine,382156586510700,382156586520400,9700,before
secret_dependent_routine,382156586521500,382156586522100,600,before
secret_dependent_routine,382156586523200,382156586532800,9600,before
secret_dependent_routine,382156586533900,382156586534500,600,before
secret_dependent_routine,382156586535500,382156586545400,9900,before
secret_dependent_routine,382156586546400,382156586547000,600,before
secret_dependent_routine,382156586548100,382156586557700,9600,before
secret_dependent_routine,382156586558800,382156586559400,600,before
secret_dependent_routine,382156586560500,382156586570000,9500,before
secret_dependent_routine,382156586571100,382156586571700,600,before
secret_dependent_routine,382156586573500,382156586583400,9900,before
secret_dependent_routine,382156586584500,382156586585100,600,before
secret_dependent_routine,382156586586200,382156586596300,10100,before
secret_dependent_routine,382156586597400,382156586598000,600,before
secret_dependent_routine,382156586599100,382156586608700,9600,before
secret_dependent_routine,382156586609800,382156586610400,600,before
secret_dependent_routine,382156586611500,382156586621200,9700,before
secret_dependent_routine,382156586622300,382156586622900,600,before
secret_dependent_routine,382156586624000,382156586633900,9900,before
secret_dependent_routine,382156586634900,382156586635600,700,before
secret_dependent_routine,382156586636700,382156586646800,10100,before
secret_dependent_routine,382156586647900,382156586648500,600,before
secret_dependent_routine,382156586649500,382156586660700,11200,before
secret_dependent_routine,382156586661800,382156586662400,600,before
secret_dependent_routine,382156586663600,382156586673500,9900,before
secret_dependent_routine,382156586674600,382156586675100,500,before
secret_dependent_routine,382156586676200,382156586686400,10200,before
secret_dependent_routine,382156586687600,382156586688200,600,before
secret_dependent_routine,382156586689300,382156586699100,9800,before
secret_dependent_routine,382156586701400,382156586702100,700,before
secret_dependent_routine,382156586703200,382156586714800,11600,before
secret_dependent_routine,382156586715900,382156586716600,700,before
secret_dependent_routine,382156586717700,382156586729100,11400,before
secret_dependent_routine,382156586731200,382156586731800,600,before
secret_dependent_routine,382156586733000,382156586743700,10700,before
secret_dependent_routine,382156586744800,382156586745500,700,before
secret_dependent_routine,382156586746600,382156586757300,10700,before
secret_dependent_routine,382156586758400,382156586759000,600,before
secret_dependent_routine,382156586760100,382156586770700,10600,before
secret_dependent_routine,382156586771800,382156586772500,700,before
secret_dependent_routine,382156586773500,382156586784000,10500,before
secret_dependent_routine,382156586785000,382156586785700,700,before
secret_dependent_routine,382156586786700,382156586797200,10500,before
secret_dependent_routine,382156586798300,382156586799000,700,before
secret_dependent_routine,382156586800000,382156586810500,10500,before
secret_dependent_routine,382156586811600,382156586812200,600,before
secret_dependent_routine,382156586813200,382156586823800,10600,before
secret_dependent_routine,382156586824900,382156586825600,700,before
secret_dependent_routine,382156586826700,382156586837400,10700,before
secret_dependent_routine,382156586838500,382156586839100,600,before
secret_dependent_routine,382156586840200,382156586850800,10600,before
secret_dependent_routine,382156586851900,382156586852600,700,before
secret_dependent_routine,382156586853600,382156586864200,10600,before
secret_dependent_routine,382156586865300,382156586866000,700,before
secret_dependent_routine,382156586867000,382156586877700,10700,before
secret_dependent_routine,382156586878700,382156586879300,600,before
secret_dependent_routine,382156586880400,382156586891000,10600,before
secret_dependent_routine,382156586892000,382156586892600,600,before
secret_dependent_routine,382156586893700,382156586904200,10500,before
secret_dependent_routine,382156586905300,382156586905900,600,before
secret_dependent_routine,382156586907000,382156586917600,10600,before
secret_dependent_routine,382156586918700,382156586919400,700,before
secret_dependent_routine,382156586920400,382156586931000,10600,before
secret_dependent_routine,382156586932100,382156586932700,600,before
secret_dependent_routine,382156586933800,382156586944300,10500,before
secret_dependent_routine,382156586946600,382156586948600,2000,before
secret_dependent_routine,382156586949700,382156586959400,9700,before
secret_dependent_routine,382156586960700,382156586961300,600,before
secret_dependent_routine,382156586962400,382156586972000,9600,before
secret_dependent_routine,382156586973100,382156586973700,600,before
secret_dependent_routine,382156586974800,382156586984500,9700,before
secret_dependent_routine,382156586985600,382156586986200,600,before
secret_dependent_routine,382156586987300,382156586997000,9700,before
secret_dependent_routine,382156586998100,382156586998800,700,before
secret_dependent_routine,382156586999900,382156587009400,9500,before
secret_dependent_routine,382156587011600,382156587012200,600,before
secret_dependent_routine,382156587013400,382156587023200,9800,before
secret_dependent_routine,382156587024300,382156587024900,600,before
secret_dependent_routine,382156587026000,382156587035800,9800,before
secret_dependent_routine,382156587036900,382156587037500,600,before
secret_dependent_routine,382156587038500,382156587048300,9800,before
secret_dependent_routine,382156587049400,382156587050000,600,before
secret_dependent_routine,382156587051000,382156587067500,16500,before
secret_dependent_routine,382156587069200,382156587070000,800,before
secret_dependent_routine,382156587071000,382156587081000,10000,before
secret_dependent_routine,382156587082200,382156587082800,600,before
secret_dependent_routine,382156587083900,382156587094300,10400,before
secret_dependent_routine,382156587095300,382156587095900,600,before
secret_dependent_routine,382156587097000,382156587107000,10000,before
secret_dependent_routine,382156587108200,382156587108800,600,before
secret_dependent_routine,382156587109900,382156587119900,10000,before
secret_dependent_routine,382156587120900,382156587122100,1200,before
secret_dependent_routine,382156587123100,382156587133100,10000,before
secret_dependent_routine,382156587134200,382156587134800,600,before
secret_dependent_routine,382156587135900,382156587147100,11200,before
secret_dependent_routine,382156587148400,382156587149100,700,before
secret_dependent_routine,382156587150400,382156587161500,11100,before
secret_dependent_routine,382156587162900,382156587163600,700,before
secret_dependent_routine,382156587164800,382156587176200,11400,before
secret_dependent_routine,382156587177500,382156587178200,700,before
secret_dependent_routine,382156587179500,382156587191400,11900,before
secret_dependent_routine,382156587194300,382156587195200,900,before
secret_dependent_routine,382156587196600,382156587209200,12600,before
secret_dependent_routine,382156587210900,382156587211600,700,before
secret_dependent_routine,382156587213000,382156587225400,12400,before
secret_dependent_routine,382156587227000,382156587228000,1000,before
secret_dependent_routine,382156587229300,382156587241900,12600,before
secret_dependent_routine,382156587243300,382156587245400,2100,before
secret_dependent_routine,382156587246700,382156587259000,12300,before
secret_dependent_routine,382156587260400,382156587261100,700,before
secret_dependent_routine,382156587262400,382156587274700,12300,before
secret_dependent_routine,382156587276000,382156587276800,800,before
secret_dependent_routine,382156587278100,382156587290500,12400,before
secret_dependent_routine,382156587291800,382156587292600,800,before
secret_dependent_routine,382156587293900,382156587307000,13100,before
secret_dependent_routine,382156587308400,382156587309100,700,before
secret_dependent_routine,382156587310300,382156587321800,11500,before
secret_dependent_routine,382156587323300,382156587324000,700,before
secret_dependent_routine,382156587326400,382156587337600,11200,before
secret_dependent_routine,382156587338800,382156587339500,700,before
secret_dependent_routine,382156587340700,382156587351700,11000,before
secret_dependent_routine,382156587352900,382156587353600,700,before
secret_dependent_routine,382156587354700,382156587365700,11000,before
secret_dependent_routine,382156587366800,382156587367500,700,before
secret_dependent_routine,382156587368700,382156587379700,11000,before
secret_dependent_routine,382156587380800,382156587381500,700,before
secret_dependent_routine,382156587382700,382156587393700,11000,before
secret_dependent_routine,382156587394900,382156587395600,700,before
secret_dependent_routine,382156587396700,382156587407600,10900,before
secret_dependent_routine,382156587408800,382156587409500,700,before
secret_dependent_routine,382156587410700,382156587421600,10900,before
secret_dependent_routine,382156587422800,382156587423500,700,before
secret_dependent_routine,382156587424600,382156587435600,11000,before
secret_dependent_routine,382156587436700,382156587437400,700,before
secret_dependent_routine,382156587438700,382156587449700,11000,before
secret_dependent_routine,382156587450900,382156587451500,600,before
secret_dependent_routine,382156587452700,382156587463700,11000,before
secret_dependent_routine,382156587464800,382156587465500,700,before
secret_dependent_routine,382156587467900,382156587479400,11500,before
secret_dependent_routine,382156587480600,382156587481400,800,before
secret_dependent_routine,382156587482600,382156587494200,11600,before
secret_dependent_routine,382156587495400,382156587496100,700,before
secret_dependent_routine,382156587497300,382156587509100,11800,before
secret_dependent_routine,382156587510300,382156587511000,700,before
secret_dependent_routine,382156587512200,382156587523800,11600,before
secret_dependent_routine,382156587525000,382156587525600,600,before
secret_dependent_routine,382156587526800,382156587538800,12000,before
secret_dependent_routine,382156587539900,382156587540500,600,before
secret_dependent_routine,382156587541500,382156587552100,10600,before
secret_dependent_routine,382156587553200,382156587553800,600,before
secret_dependent_routine,382156587554900,382156587567100,12200,before
secret_dependent_routine,382156587568400,382156587569100,700,before
secret_dependent_routine,382156587570200,382156587580100,9900,before
secret_dependent_routine,382156587581200,382156587581800,600,before
secret_dependent_routine,382156587582900,382156587592900,10000,before
secret_dependent_routine,382156587594100,382156587594700,600,before
secret_dependent_routine,382156587595800,382156587605800,10000,before
secret_dependent_routine,382156587606800,382156587607500,700,before
secret_dependent_routine,382156587608500,382156587618400,9900,before
secret_dependent_routine,382156587619500,382156587620200,700,before
secret_dependent_routine,382156587621200,382156587631200,10000,before
secret_dependent_routine,382156587633500,382156587634200,700,before
secret_dependent_routine,382156587635300,382156587645400,10100,before
secret_dependent_routine,382156587646500,382156587647100,600,before
secret_dependent_routine,382156587648200,382156587658100,9900,before
secret_dependent_routine,382156587659200,382156587659800,600,before
secret_dependent_routine,382156587660900,382156587671100,10200,before
secret_dependent_routine,382156587672200,382156587672800,600,before
secret_dependent_routine,382156587673900,382156587683900,10000,before
secret_dependent_routine,382156587685000,382156587685600,600,before
secret_dependent_routine,382156587686700,382156587696700,10000,before
secret_dependent_routine,382156587697800,382156587698300,500,before
secret_dependent_routine,382156587699500,382156587709800,10300,before
secret_dependent_routine,382156587710900,382156587711500,600,before
secret_dependent_routine,382156587713800,382156587723600,9800,before
secret_dependent_routine,382156587724600,382156587725300,700,before
secret_dependent_routine,382156587726400,382156587736100,9700,before
secret_dependent_routine,382156587737200,382156587737900,700,before
secret_dependent_routine,382156587738900,382156587748600,9700,before
secret_dependent_routine,382156587749700,382156587750400,700,before
secret_dependent_routine,382156587751400,382156587761000,9600,before
secret_dependent_routine,382156587762100,382156587762700,600,before
secret_dependent_routine,382156587763800,382156587773400,9600,before
secret_dependent_routine,382156587774400,382156587775100,700,before
secret_dependent_routine,382156587776100,382156587786400,10300,before
secret_dependent_routine,382156587787500,382156587788100,600,before
secret_dependent_routine,382156587789200,382156587799500,10300,before
secret_dependent_routine,382156587800500,382156587801200,700,before
secret_dependent_routine,382156587802300,382156587812900,10600,before
secret_dependent_routine,382156587814000,382156587814700,700,before
secret_dependent_routine,382156587815700,382156587825800,10100,before
secret_dependent_routine,382156587826900,382156587827500,600,before
secret_dependent_routine,382156587828600,382156587839300,10700,before
secret_dependent_routine,382156587840500,382156587841100,600,before
secret_dependent_routine,382156587842200,382156587851900,9700,before
secret_dependent_routine,382156587853000,382156587853600,600,before
secret_dependent_routine,382156587854700,382156587864200,9500,before
secret_dependent_routine,382156587865300,382156587865900,600,before
secret_dependent_routine,382156587867000,382156587876700,9700,before
secret_dependent_routine,382156587877800,382156587878400,600,before
secret_dependent_routine,382156587879500,382156587889900,10400,before
secret_dependent_routine,382156587891000,382156587891600,600,before
secret_dependent_routine,382156587892700,382156587903300,10600,before
secret_dependent_routine,382156587905500,382156587906200,700,before
secret_dependent_routine,382156587907300,382156587917200,9900,before
secret_dependent_routine,382156587918300,382156587918900,600,before
secret_dependent_routine,382156587920000,382156587930000,10000,before
secret_dependent_routine,382156587931100,382156587931700,600,before
secret_dependent_routine,382156587932700,382156587942500,9800,before
secret_dependent_routine,382156587943600,382156587944200,600,before
secret_dependent_routine,382156587946400,382156587956000,9600,before
secret_dependent_routine,382156587957200,382156587957800,600,before
secret_dependent_routine,382156587958900,382156587968500,9600,before
secret_dependent_routine,382156587969600,382156587970200,600,before
secret_dependent_routine,382156587971300,382156587980900,9600,before
secret_dependent_routine,382156587981900,382156587982600,700,before
secret_dependent_routine,382156587983600,382156587993300,9700,before
secret_dependent_routine,382156587994400,382156587995000,600,before
secret_dependent_routine,382156587996000,382156588005600,9600,before
secret_dependent_routine,382156588006700,382156588007300,600,before
secret_dependent_routine,382156588008400,382156588017900,9500,before
secret_dependent_routine,382156588019000,382156588019600,600,before
secret_dependent_routine,382156588020700,382156588031200,10500,before
secret_dependent_routine,382156588032300,382156588032900,600,before
secret_dependent_routine,382156588034000,382156588044600,10600,before
secret_dependent_routine,382156588045600,382156588046200,600,before
secret_dependent_routine,382156588047300,382156588057900,10600,before
secret_dependent_routine,382156588059000,382156588062200,3200,before
secret_dependent_routine,382156588063700,382156588073800,10100,before
secret_dependent_routine,382156588074900,382156588075500,600,before
secret_dependent_routine,382156588076600,382156588086400,9800,before
secret_dependent_routine,382156588087600,382156588088200,600,before
secret_dependent_routine,382156588089300,382156588099100,9800,before
secret_dependent_routine,382156588100300,382156588100900,600,before
secret_dependent_routine,382156588102000,382156588111800,9800,before
secret_dependent_routine,382156588112900,382156588114800,1900,before
secret_dependent_routine,382156588115900,382156588126500,10600,before
secret_dependent_routine,382156588127600,382156588128300,700,before
secret_dependent_routine,382156588129400,382156588140200,10800,before
secret_dependent_routine,382156588141300,382156588142100,800,before
secret_dependent_routine,382156588143200,382156588154000,10800,before
secret_dependent_routine,382156588155100,382156588155800,700,before
secret_dependent_routine,382156588156800,382156588167900,11100,before
secret_dependent_routine,382156588169000,382156588169600,600,before
secret_dependent_routine,382156588170800,382156588181700,10900,before
secret_dependent_routine,382156588183800,382156588184500,700,before
secret_dependent_routine,382156588186600,382156588196600,10000,before
secret_dependent_routine,382156588197700,382156588198300,600,before
secret_dependent_routine,382156588199400,382156588209300,9900,before
secret_dependent_routine,382156588210400,382156588211100,700,before
secret_dependent_routine,382156588212200,382156588222100,9900,before
secret_dependent_routine,382156588223200,382156588223800,600,before
secret_dependent_routine,382156588224900,382156588234800,9900,before
secret_dependent_routine,382156588235900,382156588236600,700,before
secret_dependent_routine,382156588237700,382156588247800,10100,before
secret_dependent_routine,382156588249000,382156588249700,700,before
secret_dependent_routine,382156588250700,382156588260600,9900,before
secret_dependent_routine,382156588261700,382156588262300,600,before
secret_dependent_routine,382156588263400,382156588273100,9700,before
secret_dependent_routine,382156588274200,382156588274900,700,before
secret_dependent_routine,382156588275900,382156588285800,9900,before
secret_dependent_routine,382156588286900,382156588287500,600,before
secret_dependent_routine,382156588288600,382156588298800,10200,before
secret_dependent_routine,382156588299900,382156588300500,600,before
secret_dependent_routine,382156588301600,382156588311800,10200,before
secret_dependent_routine,382156588312900,382156588313500,600,before
secret_dependent_routine,382156588314500,382156588324600,10100,before
secret_dependent_routine,382156588325700,382156588326400,700,before
secret_dependent_routine,382156588327400,382156588338200,10800,before
secret_dependent_routine,382156588339300,382156588339900,600,before
secret_dependent_routine,382156588341000,382156588351100,10100,before
secret_dependent_routine,382156588352200,382156588352800,600,before
secret_dependent_routine,382156588353900,382156588364600,10700,before
secret_dependent_routine,382156588365700,382156588366300,600,before
secret_dependent_routine,382156588367400,382156588377700,10300,before
secret_dependent_routine,382156588378900,382156588379500,600,before
secret_dependent_routine,382156588380600,382156588390700,10100,before
secret_dependent_routine,382156588391800,382156588393600,1800,before
secret_dependent_routine,382156588394700,382156588405300,10600,before
secret_dependent_routine,382156588406400,382156588407000,600,before
secret_dependent_routine,382156588408100,382156588418500,10400,before
secret_dependent_routine,382156588419500,382156588420100,600,before
secret_dependent_routine,382156588421200,382156588431800,10600,before
secret_dependent_routine,382156588433900,382156588434600,700,before
secret_dependent_routine,382156588435600,382156588445300,9700,before
secret_dependent_routine,382156588446500,382156588447100,600,before
secret_dependent_routine,382156588448200,382156588457900,9700,before
secret_dependent_routine,382156588459000,382156588459600,600,before
secret_dependent_routine,382156588461800,382156588471500,9700,before
secret_dependent_routine,382156588472500,382156588473200,700,before
secret_dependent_routine,382156588474300,382156588484000,9700,before
secret_dependent_routine,382156588485000,382156588485700,700,before
secret_dependent_routine,382156588486800,382156588496500,9700,before
secret_dependent_routine,382156588497600,382156588498200,600,before
secret_dependent_routine,382156588499300,382156588509200,9900,before
secret_dependent_routine,382156588510300,382156588510900,600,before
secret_dependent_routine,382156588512000,382156588521900,9900,before
secret_dependent_routine,382156588523000,382156588523600,600,before
secret_dependent_routine,382156588524700,382156588534600,9900,before
secret_dependent_routine,382156588535700,382156588536300,600,before
secret_dependent_routine,382156588537300,382156588547000,9700,before
secret_dependent_routine,382156588548100,382156588548700,600,before
secret_dependent_routine,382156588549800,382156588559500,9700,before
secret_dependent_routine,382156588560500,382156588561200,700,before
secret_dependent_routine,382156588562300,382156588571800,9500,before
secret_dependent_routine,382156588572900,382156588573500,600,before
secret_dependent_routine,382156588574500,382156588584200,9700,before
secret_dependent_routine,382156588585400,382156588586000,600,before
secret_dependent_routine,382156588587000,382156588597200,10200,before
secret_dependent_routine,382156588598200,382156588598900,700,before
secret_dependent_routine,382156588599900,382156588609700,9800,before
secret_dependent_routine,382156588610700,382156588611300,600,before
secret_dependent_routine,382156588612400,382156588622100,9700,before
secret_dependent_routine,382156588623200,382156588623800,600,before
secret_dependent_routine,382156588624800,382156588634600,9800,before
secret_dependent_routine,382156588635600,382156588636200,600,before
secret_dependent_routine,382156588637200,382156588647100,9900,before
secret_dependent_routine,382156588648000,382156588648700,700,before
secret_dependent_routine,382156588649700,382156588659500,9800,before
secret_dependent_routine,382156588669300,382156588670000,700,before
secret_dependent_routine,382156588671100,382156588682400,11300,before
secret_dependent_routine,382156588683500,382156588684100,600,before
secret_dependent_routine,382156588685200,382156588695400,10200,before
secret_dependent_routine,382156588696400,382156588697100,700,before
secret_dependent_routine,382156588698200,382156588707700,9500,before
secret_dependent_routine,382156588708700,382156588709400,700,before
secret_dependent_routine,382156588710500,382156588720300,9800,before
secret_dependent_routine,382156588721300,382156588721900,600,before
secret_dependent_routine,382156588723000,382156588734800,11800,before
secret_dependent_routine,382156588735900,382156588736500,600,before
secret_dependent_routine,382156588737600,382156588747200,9600,before
secret_dependent_routine,382156588748600,382156588749300,700,before
secret_dependent_routine,382156588750300,382156588760500,10200,before
secret_dependent_routine,382156588761500,382156588762100,600,before
secret_dependent_routine,382156588763200,382156588772800,9600,before
secret_dependent_routine,382156588773900,382156588774500,600,before
secret_dependent_routine,382156588775600,382156588785500,9900,before
secret_dependent_routine,382156588786500,382156588787100,600,before
secret_dependent_routine,382156588788100,382156588797800,9700,before
secret_dependent_routine,382156588798900,382156588799500,600,before
secret_dependent_routine,382156588800500,382156588810600,10100,before
secret_dependent_routine,382156588811600,382156588812300,700,before
secret_dependent_routine,382156588813400,382156588823600,10200,before
secret_dependent_routine,382156588824700,382156588825300,600,before
secret_dependent_routine,382156588826400,382156588836800,10400,before
secret_dependent_routine,382156588837800,382156588838500,700,before
secret_dependent_routine,382156588839500,382156588849800,10300,before
secret_dependent_routine,382156588850900,382156588851500,600,before
secret_dependent_routine,382156588852500,382156588862300,9800,before
secret_dependent_routine,382156588863400,382156588864000,600,before
secret_dependent_routine,382156588865100,382156588874900,9800,before
secret_dependent_routine,382156588875900,382156588876600,700,before
secret_dependent_routine,382156588877600,382156588887200,9600,before
secret_dependent_routine,382156588888200,382156588888900,700,before
secret_dependent_routine,382156588889900,382156588899600,9700,before
secret_dependent_routine,382156588900900,382156588901500,600,before
secret_dependent_routine,382156588902600,382156588912700,10100,before
secret_dependent_routine,382156588913700,382156588914300,600,before
secret_dependent_routine,382156588915300,382156588925200,9900,before
secret_dependent_routine,382156588926200,382156588926800,600,before
secret_dependent_routine,382156588927900,382156588937600,9700,before
secret_dependent_routine,382156588938600,382156588939300,700,before
secret_dependent_routine,382156588940300,382156588950700,10400,before
secret_dependent_routine,382156588951700,382156588952300,600,before
secret_dependent_routine,382156588953400,382156588963300,9900,before
secret_dependent_routine,382156588964300,382156588964900,600,before
secret_dependent_routine,382156588966000,382156588976000,10000,before
secret_dependent_routine,382156588977000,382156588977600,600,before
secret_dependent_routine,382156588978700,382156588989100,10400,before
secret_dependent_routine,382156588990200,382156588990800,600,before
secret_dependent_routine,382156588991900,382156589001600,9700,before
secret_dependent_routine,382156589002600,382156589003200,600,before
secret_dependent_routine,382156589004200,382156589014300,10100,before
secret_dependent_routine,382156589015600,382156589016300,700,before
secret_dependent_routine,382156589017300,382156589026900,9600,before
secret_dependent_routine,382156589028000,382156589028500,500,before
secret_dependent_routine,382156589029600,382156589039600,10000,before
secret_dependent_routine,382156589040600,382156589041200,600,before
secret_dependent_routine,382156589042300,382156589052000,9700,before
secret_dependent_routine,382156589053100,382156589053700,600,before
secret_dependent_routine,382156589054800,382156589067300,12500,before
secret_dependent_routine,382156589068800,382156589069600,800,before
secret_dependent_routine,382156589070700,382156589081900,11200,before
secret_dependent_routine,382156589083100,382156589083800,700,before
secret_dependent_routine,382156589084900,382156589095600,10700,before
secret_dependent_routine,382156589096700,382156589097300,600,before
secret_dependent_routine,382156589098500,382156589109200,10700,before
secret_dependent_routine,382156589110300,382156589110900,600,before
secret_dependent_routine,382156589112000,382156589122800,10800,before
secret_dependent_routine,382156589123900,382156589124600,700,before
secret_dependent_routine,382156589125600,382156589136500,10900,before
secret_dependent_routine,382156589137800,382156589138500,700,before
secret_dependent_routine,382156589139500,382156589150300,10800,before
secret_dependent_routine,382156589151300,382156589152000,700,before
secret_dependent_routine,382156589153100,382156589163900,10800,before
secret_dependent_routine,382156589164900,382156589165600,700,before
secret_dependent_routine,382156589166700,382156589177500,10800,before
secret_dependent_routine,382156589178600,382156589179200,600,before
secret_dependent_routine,382156589180300,382156589191000,10700,before
secret_dependent_routine,382156589192200,382156589192800,600,before
secret_dependent_routine,382156589193800,382156589204800,11000,before
secret_dependent_routine,382156589205900,382156589206600,700,before
secret_dependent_routine,382156589207600,382156589218400,10800,before
secret_dependent_routine,382156589219500,382156589220100,600,before
secret_dependent_routine,382156589221200,382156589232000,10800,before
secret_dependent_routine,382156589233000,382156589234000,1000,before
secret_dependent_routine,382156589235000,382156589245800,10800,before
secret_dependent_routine,382156589246900,382156589247600,700,before
secret_dependent_routine,382156589248700,382156589259500,10800,before
secret_dependent_routine,382156589260600,382156589261300,700,before
secret_dependent_routine,382156589262300,382156589273100,10800,before
secret_dependent_routine,382156589274100,382156589274800,700,before
secret_dependent_routine,382156589275900,382156589286600,10700,before
secret_dependent_routine,382156589287600,382156589288300,700,before
secret_dependent_routine,382156589289400,382156589300100,10700,before
secret_dependent_routine,382156589301300,382156589302000,700,before
secret_dependent_routine,382156589303000,382156589313800,10800,before
secret_dependent_routine,382156589314900,382156589315500,600,before
secret_dependent_routine,382156589316500,382156589327200,10700,before
secret_dependent_routine,382156589328300,382156589328900,600,before
secret_dependent_routine,382156589330000,382156589340800,10800,before
secret_dependent_routine,382156589341800,382156589342500,700,before
secret_dependent_routine,382156589343600,382156589354200,10600,before
secret_dependent_routine,382156589355200,382156589355900,700,before
secret_dependent_routine,382156589357000,382156589367800,10800,before
secret_dependent_routine,382156589368900,382156589369500,600,before
secret_dependent_routine,382156589370600,382156589381400,10800,before
secret_dependent_routine,382156589382500,382156589383100,600,before
secret_dependent_routine,382156589384400,382156589395100,10700,before
secret_dependent_routine,382156589396200,382156589396900,700,before
secret_dependent_routine,382156589397900,382156589408700,10800,before
secret_dependent_routine,382156589409800,382156589410500,700,before
secret_dependent_routine,382156589411500,382156589422200,10700,before
secret_dependent_routine,382156589423300,382156589423900,600,before
secret_dependent_routine,382156589424900,382156589435800,10900,before
secret_dependent_routine,382156589436900,382156589437600,700,before
secret_dependent_routine,382156589438600,382156589449500,10900,before
secret_dependent_routine,382156589450600,382156589451300,700,before
secret_dependent_routine,382156589452400,382156589463200,10800,before
secret_dependent_routine,382156589464300,382156589464900,600,before
secret_dependent_routine,382156589466100,382156589476900,10800,before
secret_dependent_routine,382156589478000,382156589478700,700,before
secret_dependent_routine,382156589479700,382156589490600,10900,before
secret_dependent_routine,382156589491800,382156589492400,600,before
secret_dependent_routine,382156589493500,382156589504300,10800,before
secret_dependent_routine,382156589505400,382156589506100,700,before
secret_dependent_routine,382156589507500,382156589518300,10800,before
secret_dependent_routine,382156589519400,382156589520300,900,before
secret_dependent_routine,382156589521300,382156589532100,10800,before
secret_dependent_routine,382156589533200,382156589533800,600,before
secret_dependent_routine,382156589534900,382156589546300,11400,before
secret_dependent_routine,382156589547300,382156589548000,700,before
secret_dependent_routine,382156589549000,382156589559700,10700,before
secret_dependent_routine,382156589560800,382156589561400,600,before
secret_dependent_routine,382156589562400,382156589573300,10900,before
secret_dependent_routine,382156589574400,382156589575100,700,before
secret_dependent_routine,382156589576100,382156589586900,10800,before
secret_dependent_routine,382156589588000,382156589588700,700,before
secret_dependent_routine,382156589590000,382156589600700,10700,before
secret_dependent_routine,382156589601800,382156589602500,700,before
secret_dependent_routine,382156589603500,382156589614400,10900,before
secret_dependent_routine,382156589615600,382156589616200,600,before
secret_dependent_routine,382156589617200,382156589628000,10800,before
secret_dependent_routine,382156589629100,382156589629700,600,before
secret_dependent_routine,382156589631100,382156589642000,10900,before
secret_dependent_routine,382156589643100,382156589643700,600,before
secret_dependent_routine,382156589644800,382156589655600,10800,before
secret_dependent_routine,382156589656600,382156589657300,700,before
secret_dependent_routine,382156589658400,382156589669100,10700,before
secret_dependent_routine,382156589670200,382156589670800,600,before
secret_dependent_routine,382156589671900,382156589682600,10700,before
secret_dependent_routine,382156589683600,382156589684300,700,before
secret_dependent_routine,382156589685300,382156589696100,10800,before
secret_dependent_routine,382156589697200,382156589697900,700,before
secret_dependent_routine,382156589699000,382156589709800,10800,before
secret_dependent_routine,382156589710800,382156589711500,700,before
secret_dependent_routine,382156589712500,382156589723300,10800,before
secret_dependent_routine,382156589724300,382156589725000,700,before
secret_dependent_routine,382156589726000,382156589736700,10700,before
secret_dependent_routine,382156589737800,382156589738400,600,before
secret_dependent_routine,382156589739500,382156589750400,10900,before
secret_dependent_routine,382156589751400,382156589752100,700,before
secret_dependent_routine,382156589753200,382156589763900,10700,before
secret_dependent_routine,382156589765000,382156589765700,700,before
secret_dependent_routine,382156589766700,382156589777600,10900,before
secret_dependent_routine,382156589778600,382156589779300,700,before
secret_dependent_routine,382156589780300,382156589791200,10900,before
secret_dependent_routine,382156589792200,382156589792900,700,before
secret_dependent_routine,382156589793900,382156589804700,10800,before
secret_dependent_routine,382156589805800,382156589806400,600,before
secret_dependent_routine,382156589807600,382156589820000,12400,before
secret_dependent_routine,382156589821200,382156589821800,600,before
secret_dependent_routine,382156589822900,382156589832600,9700,before
secret_dependent_routine,382156589833700,382156589834300,600,before
secret_dependent_routine,382156589835400,382156589845000,9600,before
secret_dependent_routine,382156589846100,382156589846700,600,before
secret_dependent_routine,382156589847800,382156589857600,9800,before
secret_dependent_routine,382156589858700,382156589859300,600,before
secret_dependent_routine,382156589860400,382156589870100,9700,before
secret_dependent_routine,382156589871200,382156589871800,600,before
secret_dependent_routine,382156589873200,382156589883200,10000,before
secret_dependent_routine,382156589885500,382156589886200,700,before
secret_dependent_routine,382156589887900,382156589897800,9900,before
secret_dependent_routine,382156589898800,382156589899500,700,before
secret_dependent_routine,382156589900600,382156589910500,9900,before
secret_dependent_routine,382156589911600,382156589912200,600,before
secret_dependent_routine,382156589913300,382156589923000,9700,before
secret_dependent_routine,382156589924100,382156589924700,600,before
secret_dependent_routine,382156589925800,382156589935500,9700,before
secret_dependent_routine,382156589936500,382156589937200,700,before
secret_dependent_routine,382156589938200,382156589947900,9700,before
secret_dependent_routine,382156589949000,382156589949600,600,before
secret_dependent_routine,382156589950600,382156589960300,9700,before
secret_dependent_routine,382156589961400,382156589962000,600,before
secret_dependent_routine,382156589963000,382156589973000,10000,before
secret_dependent_routine,382156589974100,382156589974700,600,before
secret_dependent_routine,382156589975800,382156589986000,10200,before
secret_dependent_routine,382156589987100,382156589987800,700,before
secret_dependent_routine,382156589988900,382156589998700,9800,before
secret_dependent_routine,382156589999800,382156590000500,700,before
secret_dependent_routine,382156590001600,382156590011200,9600,before
secret_dependent_routine,382156590012200,382156590012800,600,before
secret_dependent_routine,382156590013900,382156590024000,10100,before
secret_dependent_routine,382156590025000,382156590025600,600,before
secret_dependent_routine,382156590026700,382156590037000,10300,before
secret_dependent_routine,382156590038100,382156590038700,600,before
secret_dependent_routine,382156590039700,382156590049300,9600,before
secret_dependent_routine,382156590050400,382156590051000,600,before
secret_dependent_routine,382156590052100,382156590283400,231300,before
secret_dependent_routine,382156590298400,382156590303000,4600,before
secret_dependent_routine,382156590307500,382156590326700,19200,before
secret_dependent_routine,382156590329100,382156590330500,1400,before
secret_dependent_routine,382156590332300,382156590362900,30600,before
secret_dependent_routine,382156590364700,382156590366000,1300,before
secret_dependent_routine,382156590367800,382156590386600,18800,before
secret_dependent_routine,382156590388200,382156590389500,1300,before
secret_dependent_routine,382156590391400,382156590410000,18600,before
secret_dependent_routine,382156590412100,382156590413800,1700,before
secret_dependent_routine,382156590415700,382156590435000,19300,before
secret_dependent_routine,382156590437000,382156590437900,900,before
secret_dependent_routine,382156590439900,382156590458900,19000,before
secret_dependent_routine,382156590461200,382156590462200,1000,before
secret_dependent_routine,382156590464200,382156590484400,20200,before
secret_dependent_routine,382156590489300,382156590490600,1300,before
secret_dependent_routine,382156590493000,382156590512900,19900,before
secret_dependent_routine,382156590515900,382156590516800,900,before
secret_dependent_routine,382156590518400,382156590537100,18700,before
secret_dependent_routine,382156590539300,382156590540300,1000,before
secret_dependent_routine,382156590542200,382156590562400,20200,before
secret_dependent_routine,382156590564800,382156590566200,1400,before
secret_dependent_routine,382156590567900,382156590584500,16600,before
secret_dependent_routine,382156590586400,382156590587600,1200,before
secret_dependent_routine,382156590589600,382156590609000,19400,before
secret_dependent_routine,382156590610900,382156590612000,1100,before
secret_dependent_routine,382156590614300,382156590632800,18500,before
secret_dependent_routine,382156590635000,382156590636100,1100,before
secret_dependent_routine,382156590638000,382156590656000,18000,before
secret_dependent_routine,382156590658100,382156590659300,1200,before
secret_dependent_routine,382156590661400,382156590673100,11700,before
secret_dependent_routine,382156590674500,382156590675300,800,before
secret_dependent_routine,382156590676600,382156590688200,11600,before
secret_dependent_routine,382156590689600,382156590690400,800,before
secret_dependent_routine,382156590691700,382156590703300,11600,before
secret_dependent_routine,382156590704700,382156590705500,800,before
secret_dependent_routine,382156590706800,382156590718500,11700,before
secret_dependent_routine,382156590719800,382156590720500,700,before
secret_dependent_routine,382156590721900,382156590733500,11600,before
secret_dependent_routine,382156590734800,382156590735600,800,before
secret_dependent_routine,382156590736900,382156590748600,11700,before
secret_dependent_routine,382156590749900,382156590750700,800,before
secret_dependent_routine,382156590752000,382156590763800,11800,before
secret_dependent_routine,382156590765100,382156590765900,800,before
secret_dependent_routine,382156590767300,382156590779100,11800,before
secret_dependent_routine,382156590780700,382156590781500,800,before
secret_dependent_routine,382156590782800,382156590794500,11700,before
secret_dependent_routine,382156590795900,382156590799100,3200,before
secret_dependent_routine,382156590800500,382156590812600,12100,before
secret_dependent_routine,382156590813900,382156590814700,800,before
secret_dependent_routine,382156590816000,382156590828000,12000,before
secret_dependent_routine,382156590829400,382156590830100,700,before
secret_dependent_routine,382156590831500,382156590843800,12300,before
secret_dependent_routine,382156590846300,382156590847000,700,before
secret_dependent_routine,382156590848300,382156590860000,11700,before
secret_dependent_routine,382156590861300,382156590862000,700,before
secret_dependent_routine,382156590863300,382156590875000,11700,before
secret_dependent_routine,382156590877700,382156590878500,800,before
secret_dependent_routine,382156590879900,382156590892300,12400,before
secret_dependent_routine,382156590893600,382156590894300,700,before
secret_dependent_routine,382156590895600,382156590907500,11900,before
secret_dependent_routine,382156590908900,382156590909600,700,before
secret_dependent_routine,382156590910800,382156590922600,11800,before
secret_dependent_routine,382156590923900,382156590924800,900,before
secret_dependent_routine,382156590926100,382156590937900,11800,before
secret_dependent_routine,382156590939200,382156590940000,800,before
secret_dependent_routine,382156590941200,382156590953000,11800,before
secret_dependent_routine,382156590954300,382156590955000,700,before
secret_dependent_routine,382156590956300,382156590968100,11800,before
secret_dependent_routine,382156590969500,382156590970200,700,before
secret_dependent_routine,382156590971500,382156590983400,11900,before
secret_dependent_routine,382156590984800,382156590985500,700,before
secret_dependent_routine,382156590986800,382156590998700,11900,before
secret_dependent_routine,382156591000700,382156591002600,1900,before
secret_dependent_routine,382156591003700,382156591014200,10500,before
secret_dependent_routine,382156591015300,382156591016000,700,before
secret_dependent_routine,382156591017200,382156591028000,10800,before
secret_dependent_routine,382156591029200,382156591029800,600,before
secret_dependent_routine,382156591031000,382156591041600,10600,before
secret_dependent_routine,382156591042800,382156591043500,700,before
secret_dependent_routine,382156591044600,382156591055100,10500,before
secret_dependent_routine,382156591057800,382156591058500,700,before
secret_dependent_routine,382156591059600,382156591070600,11000,before
secret_dependent_routine,382156591071800,382156591072500,700,before
secret_dependent_routine,382156591073600,382156591085800,12200,before
secret_dependent_routine,382156591086900,382156591087600,700,before
secret_dependent_routine,382156591088700,382156591099600,10900,before
secret_dependent_routine,382156591100800,382156591101400,600,before
secret_dependent_routine,382156591102500,382156591113400,10900,before
secret_dependent_routine,382156591114500,382156591116500,2000,before
secret_dependent_routine,382156591117700,382156591127900,10200,before
secret_dependent_routine,382156591129100,382156591129700,600,before
secret_dependent_routine,382156591130900,382156591141100,10200,before
secret_dependent_routine,382156591142300,382156591143000,700,before
secret_dependent_routine,382156591144100,382156591154300,10200,before
secret_dependent_routine,382156591155500,382156591156100,600,before
secret_dependent_routine,382156591157200,382156591167500,10300,before
secret_dependent_routine,382156591168600,382156591169300,700,before
secret_dependent_routine,382156591170400,382156591180500,10100,before
secret_dependent_routine,382156591181600,382156591182300,700,before
secret_dependent_routine,382156591184500,382156591194500,10000,before
secret_dependent_routine,382156591195700,382156591196300,600,before
secret_dependent_routine,382156591197500,382156591207300,9800,before
secret_dependent_routine,382156591208400,382156591209100,700,before
secret_dependent_routine,382156591210100,382156591220000,9900,before
secret_dependent_routine,382156591221100,382156591221700,600,before
secret_dependent_routine,382156591222800,382156591232600,9800,before
secret_dependent_routine,382156591233800,382156591234400,600,before
secret_dependent_routine,382156591235600,382156591245700,10100,before
secret_dependent_routine,382156591246800,382156591247500,700,before
secret_dependent_routine,382156591248500,382156591258400,9900,before
secret_dependent_routine,382156591259400,382156591260100,700,before
secret_dependent_routine,382156591261100,382156591271300,10200,before
secret_dependent_routine,382156591272400,382156591273100,700,before
secret_dependent_routine,382156591274200,382156591284400,10200,before
secret_dependent_routine,382156591285500,382156591286100,600,before
secret_dependent_routine,382156591287200,382156591297400,10200,before
secret_dependent_routine,382156591299700,382156591300400,700,before
secret_dependent_routine,382156591301500,382156591311700,10200,before
secret_dependent_routine,382156591312900,382156591313500,600,before
secret_dependent_routine,382156591314600,382156591324800,10200,before
secret_dependent_routine,382156591325900,382156591326500,600,before
secret_dependent_routine,382156591327500,382156591337700,10200,before
secret_dependent_routine,382156591338800,382156591339500,700,before
secret_dependent_routine,382156591340600,382156591350800,10200,before
secret_dependent_routine,382156591351900,382156591352600,700,before
secret_dependent_routine,382156591353700,382156591363800,10100,before
secret_dependent_routine,382156591364900,382156591365500,600,before
secret_dependent_routine,382156591366700,382156591376900,10200,before
secret_dependent_routine,382156591378000,382156591378600,600,before
secret_dependent_routine,382156591379700,382156591389800,10100,before
secret_dependent_routine,382156591390900,382156591391500,600,before
secret_dependent_routine,382156591392600,382156591406900,14300,before
secret_dependent_routine,382156591408600,382156591409500,900,before
secret_dependent_routine,382156591410700,382156591421000,10300,before
secret_dependent_routine,382156591422100,382156591422800,700,before
secret_dependent_routine,382156591423900,382156591434200,10300,before
secret_dependent_routine,382156591435300,382156591435900,600,before
secret_dependent_routine,382156591437000,382156591447200,10200,before
secret_dependent_routine,382156591448200,382156591448900,700,before
secret_dependent_routine,382156591450000,382156591460200,10200,before
secret_dependent_routine,382156591461300,382156591462100,800,before
secret_dependent_routine,382156591466500,382156591477200,10700,before
secret_dependent_routine,382156591488800,382156591489500,700,before
secret_dependent_routine,382156591490700,382156591501100,10400,before
secret_dependent_routine,382156591502300,382156591502900,600,before
secret_dependent_routine,382156591504100,382156591514300,10200,before
secret_dependent_routine,382156591515500,382156591516100,600,before
secret_dependent_routine,382156591517200,382156591527200,10000,before
secret_dependent_routine,382156591528300,382156591529000,700,before
secret_dependent_routine,382156591530100,382156591540100,10000,before
secret_dependent_routine,382156591541300,382156591542000,700,before
secret_dependent_routine,382156591543100,382156591553200,10100,before
secret_dependent_routine,382156591563800,382156591564400,600,before
secret_dependent_routine,382156591565600,382156591575900,10300,before
secret_dependent_routine,382156591577000,382156591577700,700,before
secret_dependent_routine,382156591578900,382156591589500,10600,before
secret_dependent_routine,382156591590600,382156591591200,600,before
secret_dependent_routine,382156591592400,382156591604900,12500,before
secret_dependent_routine,382156591607000,382156591608000,1000,before
secret_dependent_routine,382156591609800,382156591639500,29700,before
secret_dependent_routine,382156591642700,382156591644500,1800,before
secret_dependent_routine,382156591647500,382156591682300,34800,before
secret_dependent_routine,382156591684300,382156591685600,1300,before
secret_dependent_routine,382156591687800,382156591705700,17900,before
secret_dependent_routine,382156591710500,382156591711500,1000,before
secret_dependent_routine,382156591713100,382156591729700,16600,before
secret_dependent_routine,382156591731500,382156591732500,1000,before
secret_dependent_routine,382156591734600,382156591756200,21600,before
secret_dependent_routine,382156591758100,382156591759300,1200,before
secret_dependent_routine,382156591761500,382156591788700,27200,before
secret_dependent_routine,382156591791600,382156591792900,1300,before
secret_dependent_routine,382156591795000,382156591817200,22200,before
secret_dependent_routine,382156591819400,382156591820600,1200,before
secret_dependent_routine,382156591822500,382156591836200,13700,before
secret_dependent_routine,382156591837600,382156591838300,700,before
secret_dependent_routine,382156591839800,382156591851300,11500,before
secret_dependent_routine,382156591852600,382156591853300,700,before
secret_dependent_routine,382156591854600,382156591875200,20600,before
secret_dependent_routine,382156591877200,382156591878000,800,before
secret_dependent_routine,382156591879400,382156591890800,11400,before
secret_dependent_routine,382156591892300,382156591893000,700,before
secret_dependent_routine,382156591894300,382156591905700,11400,before
secret_dependent_routine,382156591907200,382156591907900,700,before
secret_dependent_routine,382156591909200,382156591920600,11400,before
secret_dependent_routine,382156591946500,382156591947300,800,before
secret_dependent_routine,382156591948700,382156591961500,12800,before
secret_dependent_routine,382156591962800,382156591963500,700,before
secret_dependent_routine,382156591964900,382156591977000,12100,before
secret_dependent_routine,382156591978300,382156591979100,800,before
secret_dependent_routine,382156591982000,382156591994400,12400,before
secret_dependent_routine,382156591995800,382156591996700,900,before
secret_dependent_routine,382156591997900,382156592011200,13300,before
secret_dependent_routine,382156592012500,382156592013200,700,before
secret_dependent_routine,382156592014400,382156592025800,11400,before
secret_dependent_routine,382156592027200,382156592027900,700,before
secret_dependent_routine,382156592029100,382156592040400,11300,before
secret_dependent_routine,382156592041700,382156592042400,700,before
secret_dependent_routine,382156592043600,382156592055000,11400,before
secret_dependent_routine,382156592056200,382156592057000,800,before
secret_dependent_routine,382156592058200,382156592070300,12100,before
secret_dependent_routine,382156592071600,382156592072300,700,before
secret_dependent_routine,382156592073500,382156592085800,12300,before
secret_dependent_routine,382156592164200,382156592164900,700,before
secret_dependent_routine,382156592166400,382156592178400,12000,before
secret_dependent_routine,382156592179700,382156592180400,700,before
secret_dependent_routine,382156592181700,382156592193000,11300,before
secret_dependent_routine,382156592194300,382156592195000,700,before
secret_dependent_routine,382156592196300,382156592207700,11400,before
secret_dependent_routine,382156592210100,382156592211900,1800,before
secret_dependent_routine,382156592213100,382156592224300,11200,before
secret_dependent_routine,382156592225500,382156592226200,700,before
secret_dependent_routine,382156592227400,382156592238400,11000,before
secret_dependent_routine,382156592239700,382156592240400,700,before
secret_dependent_routine,382156592241600,382156592252800,11200,before
secret_dependent_routine,382156592254000,382156592254700,700,before
secret_dependent_routine,382156592255800,382156592266900,11100,before
secret_dependent_routine,382156592268200,382156592270300,2100,before
secret_dependent_routine,382156592271600,382156592282700,11100,before
secret_dependent_routine,382156592284100,382156592284900,800,before
secret_dependent_routine,382156592286100,382156592297200,11100,before
secret_dependent_routine,382156592298400,382156592299200,800,before
secret_dependent_routine,382156592300300,382156592311300,11000,before
secret_dependent_routine,382156592313600,382156592314300,700,before
secret_dependent_routine,382156592315500,382156592326900,11400,before
secret_dependent_routine,382156592328200,382156592328900,700,before
secret_dependent_routine,382156592331600,382156592342700,11100,before
secret_dependent_routine,382156592345000,382156592345800,800,before
secret_dependent_routine,382156592347000,382156592358100,11100,before
secret_dependent_routine,382156592359300,382156592360000,700,before
secret_dependent_routine,382156592361200,382156592372100,10900,before
secret_dependent_routine,382156592373300,382156592374100,800,before
secret_dependent_routine,382156592375300,382156592386400,11100,before
secret_dependent_routine,382156592387700,382156592388400,700,before
secret_dependent_routine,382156592389600,382156592400600,11000,before
secret_dependent_routine,382156592401900,382156592402600,700,before
secret_dependent_routine,382156592403800,382156592414700,10900,before
secret_dependent_routine,382156592415900,382156592416500,600,before
secret_dependent_routine,382156592417700,382156592428600,10900,before
secret_dependent_routine,382156592429800,382156592430500,700,before
secret_dependent_routine,382156592431700,382156592442600,10900,before
secret_dependent_routine,382156592443900,382156592444600,700,before
secret_dependent_routine,382156592445800,382156592457700,11900,before
secret_dependent_routine,382156592458800,382156592459400,600,before
secret_dependent_routine,382156592460500,382156592472200,11700,before
secret_dependent_routine,382156592473400,382156592474000,600,before
secret_dependent_routine,382156592475100,382156592485000,9900,before
secret_dependent_routine,382156592486000,382156592486700,700,before
secret_dependent_routine,382156592487800,382156592497800,10000,before
secret_dependent_routine,382156592498900,382156592499500,600,before
secret_dependent_routine,382156592500600,382156592510400,9800,before
secret_dependent_routine,382156592511600,382156592512200,600,before
secret_dependent_routine,382156592513200,382156592523100,9900,before
secret_dependent_routine,382156592524100,382156592524700,600,before
secret_dependent_routine,382156592525800,382156592535600,9800,before
secret_dependent_routine,382156592536700,382156592537300,600,before
secret_dependent_routine,382156592538400,382156592548300,9900,before
secret_dependent_routine,382156592549400,382156592550000,600,before
secret_dependent_routine,382156592551100,382156592560900,9800,before
secret_dependent_routine,382156592562000,382156592563900,1900,before
secret_dependent_routine,382156592565100,382156592575700,10600,before
secret_dependent_routine,382156592576800,382156592577400,600,before
secret_dependent_routine,382156592579700,382156592589800,10100,before
secret_dependent_routine,382156592590900,382156592591600,700,before
secret_dependent_routine,382156592592600,382156592602500,9900,before
secret_dependent_routine,382156592603700,382156592604300,600,before
secret_dependent_routine,382156592605300,382156592615400,10100,before
secret_dependent_routine,382156592616500,382156592617100,600,before
secret_dependent_routine,382156592618400,382156592629300,10900,before
secret_dependent_routine,382156592630500,382156592631200,700,before
secret_dependent_routine,382156592633600,382156592644400,10800,before
secret_dependent_routine,382156592645800,382156592646500,700,before
secret_dependent_routine,382156592647700,382156592658900,11200,before
secret_dependent_routine,382156592660100,382156592660800,700,before
secret_dependent_routine,382156592662000,382156592672700,10700,before
secret_dependent_routine,382156592673900,382156592674600,700,before
secret_dependent_routine,382156592675800,382156592686800,11000,before
secret_dependent_routine,382156592688000,382156592688700,700,before
secret_dependent_routine,382156592689900,382156592700700,10800,before
secret_dependent_routine,382156592701800,382156592702500,700,before
secret_dependent_routine,382156592703700,382156592714500,10800,before
secret_dependent_routine,382156592715700,382156592716400,700,before
secret_dependent_routine,382156592717600,382156592728700,11100,before
secret_dependent_routine,382156592729800,382156592730500,700,before
secret_dependent_routine,382156592731600,382156592742400,10800,before
secret_dependent_routine,382156592743600,382156592744300,700,before
secret_dependent_routine,382156592745500,382156592756400,10900,before
secret_dependent_routine,382156592757500,382156592758200,700,before
secret_dependent_routine,382156592759400,382156592770300,10900,before
secret_dependent_routine,382156592771500,382156592772200,700,before
secret_dependent_routine,382156592773400,382156592784600,11200,before
secret_dependent_routine,382156592785700,382156592786400,700,before
secret_dependent_routine,382156592787600,382156592798600,11000,before
secret_dependent_routine,382156592799800,382156592800400,600,before
secret_dependent_routine,382156592801600,382156592812700,11100,before
secret_dependent_routine,382156592813900,382156592814600,700,before
secret_dependent_routine,382156592815800,382156592826600,10800,before
secret_dependent_routine,382156592827900,382156592828500,600,before
secret_dependent_routine,382156592831000,382156592842300,11300,before
secret_dependent_routine,382156592843500,382156592844100,600,before
secret_dependent_routine,382156592845400,382156592856200,10800,before
secret_dependent_routine,382156592857400,382156592858100,700,before
secret_dependent_routine,382156592859300,382156592873900,14600,before
secret_dependent_routine,382156592875700,382156592876600,900,before
secret_dependent_routine,382156592877900,382156592890000,12100,before
secret_dependent_routine,382156592891300,382156592892000,700,before
secret_dependent_routine,382156592893300,382156592904900,11600,before
secret_dependent_routine,382156592906200,382156592906900,700,before
secret_dependent_routine,382156592908100,382156592920000,11900,before
secret_dependent_routine,382156592921300,382156592922000,700,before
secret_dependent_routine,382156592923200,382156592935300,12100,before
secret_dependent_routine,382156592936400,382156592937100,700,before
secret_dependent_routine,382156592938200,382156592948900,10700,before
secret_dependent_routine,382156592951300,382156592952000,700,before
secret_dependent_routine,382156592953200,382156592964300,11100,before
secret_dependent_routine,382156592965400,382156592966000,600,before
secret_dependent_routine,382156592967100,382156592978200,11100,before
secret_dependent_routine,382156592979400,382156592980000,600,before
secret_dependent_routine,382156592981100,382156592992200,11100,before
secret_dependent_routine,382156592993300,382156592993900,600,before
secret_dependent_routine,382156592995000,382156593006000,11000,before
secret_dependent_routine,382156593007100,382156593007700,600,before
secret_dependent_routine,382156593008800,382156593019600,10800,before
secret_dependent_routine,382156593020800,382156593021400,600,before
secret_dependent_routine,382156593022400,382156593033500,11100,before
secret_dependent_routine,382156593034700,382156593035400,700,before
secret_dependent_routine,382156593036500,382156593047500,11000,before
secret_dependent_routine,382156593048700,382156593049400,700,before
secret_dependent_routine,382156593050500,382156593061500,11000,before
secret_dependent_routine,382156593062600,382156593063300,700,before
secret_dependent_routine,382156593064400,382156593075100,10700,before
secret_dependent_routine,382156593076200,382156593076900,700,before
secret_dependent_routine,382156593078000,382156593088900,10900,before
secret_dependent_routine,382156593090000,382156593090700,700,before
secret_dependent_routine,382156593091800,382156593102900,11100,before
secret_dependent_routine,382156593105200,382156593105800,600,before
secret_dependent_routine,382156593106900,382156593117000,10100,before
secret_dependent_routine,382156593118200,382156593118800,600,before
secret_dependent_routine,382156593119800,382156593130200,10400,before
secret_dependent_routine,382156593131300,382156593132000,700,before
secret_dependent_routine,382156593133000,382156593143500,10500,before
secret_dependent_routine,382156593144700,382156593145300,600,before
secret_dependent_routine,382156593146400,382156593156700,10300,before
secret_dependent_routine,382156593157700,382156593158400,700,before
secret_dependent_routine,382156593159400,382156593171000,11600,before
secret_dependent_routine,382156593172100,382156593172800,700,before
secret_dependent_routine,382156593173900,382156593184200,10300,before
secret_dependent_routine,382156593185200,382156593185900,700,before
secret_dependent_routine,382156593187000,382156593197200,10200,before
secret_dependent_routine,382156593198300,382156593198900,600,before
secret_dependent_routine,382156593200000,382156593210100,10100,before
secret_dependent_routine,382156593211200,382156593211800,600,before
secret_dependent_routine,382156593212900,382156593223200,10300,before
secret_dependent_routine,382156593224300,382156593224900,600,before
secret_dependent_routine,382156593226000,382156593236100,10100,before
secret_dependent_routine,382156593238300,382156593239000,700,before
secret_dependent_routine,382156593240200,382156593251000,10800,before
secret_dependent_routine,382156593252100,382156593252700,600,before
secret_dependent_routine,382156593253800,382156593264900,11100,before
secret_dependent_routine,382156593266000,382156593266700,700,before
secret_dependent_routine,382156593267800,382156593278900,11100,before
secret_dependent_routine,382156593280000,382156593280700,700,before
secret_dependent_routine,382156593281800,382156593292700,10900,before
secret_dependent_routine,382156593293900,382156593294500,600,before
secret_dependent_routine,382156593295600,382156593306400,10800,before
secret_dependent_routine,382156593307600,382156593308200,600,before
secret_dependent_routine,382156593309300,382156593320000,10700,before
secret_dependent_routine,382156593321200,382156593321800,600,before
secret_dependent_routine,382156593322800,382156593333700,10900,before
secret_dependent_routine,382156593334800,382156593335400,600,before
secret_dependent_routine,382156593336500,382156593347500,11000,before
secret_dependent_routine,382156593350000,382156593350700,700,before
secret_dependent_routine,382156593351700,382156593362000,10300,before
secret_dependent_routine,382156593363200,382156593363800,600,before
secret_dependent_routine,382156593364900,382156593375300,10400,before
secret_dependent_routine,382156593376400,382156593377000,600,before
secret_dependent_routine,382156593378100,382156593388600,10500,before
secret_dependent_routine,382156593389700,382156593390300,600,before
secret_dependent_routine,382156593391300,382156593401600,10300,before
secret_dependent_routine,382156593402700,382156593403300,600,before
secret_dependent_routine,382156593404400,382156593414600,10200,before
secret_dependent_routine,382156593415600,382156593416200,600,before
secret_dependent_routine,382156593417300,382156593427500,10200,before
secret_dependent_routine,382156593428600,382156593429300,700,before
secret_dependent_routine,382156593430400,382156593440900,10500,before
secret_dependent_routine,382156593442000,382156593442600,600,before
secret_dependent_routine,382156593443600,382156593453800,10200,before
secret_dependent_routine,382156593454900,382156593456600,1700,before
secret_dependent_routine,382156593457700,382156593468200,10500,before
secret_dependent_routine,382156593469400,382156593470000,600,before
secret_dependent_routine,382156593471100,382156593481700,10600,before
secret_dependent_routine,382156593482800,382156593483500,700,before
secret_dependent_routine,382156593484500,382156593495100,10600,before
secret_dependent_routine,382156593496100,382156593496700,600,before
secret_dependent_routine,382156593497800,382156593508200,10400,before
secret_dependent_routine,382156593509300,382156593509900,600,before
secret_dependent_routine,382156593511100,382156593521200,10100,before
secret_dependent_routine,382156593523400,382156593524100,700,before
secret_dependent_routine,382156593525300,382156593535900,10600,before
secret_dependent_routine,382156593537000,382156593537700,700,before
secret_dependent_routine,382156593538800,382156593549600,10800,before
secret_dependent_routine,382156593550700,382156593551300,600,before
secret_dependent_routine,382156593552400,382156593563200,10800,before
secret_dependent_routine,382156593564300,382156593564900,600,before
secret_dependent_routine,382156593566000,382156593576200,10200,before
secret_dependent_routine,382156593577300,382156593577900,600,before
secret_dependent_routine,382156593579000,382156593590000,11000,before
secret_dependent_routine,382156593592300,382156593592900,600,before
secret_dependent_routine,382156593594000,382156593604800,10800,before
secret_dependent_routine,382156593605800,382156593606500,700,before
secret_dependent_routine,382156593607500,382156593618600,11100,before
secret_dependent_routine,382156593619700,382156593620500,800,before
secret_dependent_routine,382156593621700,382156593633200,11500,before
secret_dependent_routine,382156593634400,382156593635100,700,before
secret_dependent_routine,382156593636300,382156593648000,11700,before
secret_dependent_routine,382156593649300,382156593650100,800,before
secret_dependent_routine,382156593651300,382156593663100,11800,before
secret_dependent_routine,382156593664300,382156593665000,700,before
secret_dependent_routine,382156593666100,382156593677600,11500,before
secret_dependent_routine,382156593678900,382156593679600,700,before
secret_dependent_routine,382156593680800,382156593692600,11800,before
secret_dependent_routine,382156593693800,382156593694500,700,before
secret_dependent_routine,382156593695700,382156593707300,11600,before
secret_dependent_routine,382156593708500,382156593709200,700,before
secret_dependent_routine,382156593710400,382156593722000,11600,before
secret_dependent_routine,382156593723200,382156593723900,700,before
secret_dependent_routine,382156593725000,382156593737000,12000,before
secret_dependent_routine,382156593738200,382156593739000,800,before
secret_dependent_routine,382156593740100,382156593751800,11700,before
secret_dependent_routine,382156593753000,382156593754900,1900,before
secret_dependent_routine,382156593756100,382156593768600,12500,before
secret_dependent_routine,382156593769800,382156593770500,700,before
secret_dependent_routine,382156593771700,382156593784700,13000,before
secret_dependent_routine,382156593786000,382156593786700,700,before
secret_dependent_routine,382156593787900,382156593800600,12700,before
secret_dependent_routine,382156593801800,382156593802500,700,before
secret_dependent_routine,382156593803700,382156593816200,12500,before
secret_dependent_routine,382156593817500,382156593818200,700,before
secret_dependent_routine,382156593819400,382156593832000,12600,before
secret_dependent_routine,382156593833300,382156593834000,700,before
secret_dependent_routine,382156593836300,382156593848100,11800,before
secret_dependent_routine,382156593849400,382156593850100,700,before
secret_dependent_routine,382156593851200,382156593867400,16200,before
secret_dependent_routine,382156593870300,382156593871200,900,before
secret_dependent_routine,382156593872400,382156593884500,12100,before
secret_dependent_routine,382156593885700,382156593886500,800,before
secret_dependent_routine,382156593888000,382156593900200,12200,before
secret_dependent_routine,382156593901400,382156593902100,700,before
secret_dependent_routine,382156593903400,382156593916900,13500,before
secret_dependent_routine,382156593918000,382156593918600,600,before
secret_dependent_routine,382156593919700,382156593930600,10900,before
secret_dependent_routine,382156593931700,382156593932400,700,before
secret_dependent_routine,382156593933500,382156593944400,10900,before
secret_dependent_routine,382156593945600,382156593946200,600,before
secret_dependent_routine,382156593947300,382156593958200,10900,before
secret_dependent_routine,382156593959300,382156593960000,700,before
secret_dependent_routine,382156593961200,382156593972300,11100,before
secret_dependent_routine,382156593973400,382156593974100,700,before
secret_dependent_routine,382156593975100,382156593985900,10800,before
secret_dependent_routine,382156593987100,382156593987800,700,before
secret_dependent_routine,382156593988800,382156593999600,10800,before
secret_dependent_routine,382156594000800,382156594001400,600,before
secret_dependent_routine,382156594002500,382156594012900,10400,before
secret_dependent_routine,382156594014000,382156594014700,700,before
secret_dependent_routine,382156594015800,382156594026400,10600,before
secret_dependent_routine,382156594027500,382156594028200,700,before
secret_dependent_routine,382156594029200,382156594040000,10800,before
secret_dependent_routine,382156594041000,382156594041600,600,before
secret_dependent_routine,382156594042700,382156594053600,10900,before
secret_dependent_routine,382156594054700,382156594055300,600,before
secret_dependent_routine,382156594056400,382156594067500,11100,before
secret_dependent_routine,382156594068600,382156594069200,600,before
secret_dependent_routine,382156594070400,382156594083900,13500,before
secret_dependent_routine,382156594085300,382156594086100,800,before
secret_dependent_routine,382156594087200,382156594097900,10700,before
secret_dependent_routine,382156594099000,382156594099600,600,before
secret_dependent_routine,382156594100800,382156594111300,10500,before
secret_dependent_routine,382156594112400,382156594113100,700,before
secret_dependent_routine,382156594114100,382156594124700,10600,before
secret_dependent_routine,382156594125700,382156594126400,700,before
secret_dependent_routine,382156594128600,382156594139200,10600,before
secret_dependent_routine,382156594140300,382156594141000,700,before
secret_dependent_routine,382156594142100,382156594152900,10800,before
secret_dependent_routine,382156594155400,382156594156000,600,before
secret_dependent_routine,382156594157100,382156594167600,10500,before
secret_dependent_routine,382156594168700,382156594169400,700,before
secret_dependent_routine,382156594170400,382156594181200,10800,before
secret_dependent_routine,382156594182300,382156594183000,700,before
secret_dependent_routine,382156594184000,382156594194700,10700,before
secret_dependent_routine,382156594195800,382156594196500,700,before
secret_dependent_routine,382156594197500,382156594208000,10500,before
secret_dependent_routine,382156594209100,382156594209700,600,before
secret_dependent_routine,382156594210800,382156594221400,10600,before
secret_dependent_routine,382156594222500,382156594223100,600,before
secret_dependent_routine,382156594224200,382156594234800,10600,before
secret_dependent_routine,382156594235900,382156594236500,600,before
secret_dependent_routine,382156594237600,382156594248400,10800,before
secret_dependent_routine,382156594249600,382156594250200,600,before
secret_dependent_routine,382156594251300,382156594262100,10800,before
secret_dependent_routine,382156594263300,382156594263900,600,before
secret_dependent_routine,382156594264900,382156594276100,11200,before
secret_dependent_routine,382156594277200,382156594277800,600,before
secret_dependent_routine,382156594278900,382156594289800,10900,before
secret_dependent_routine,382156594290900,382156594291400,500,before
secret_dependent_routine,382156594292500,382156594303000,10500,before
secret_dependent_routine,382156594304100,382156594304700,600,before
secret_dependent_routine,382156594305800,382156594316500,10700,before
secret_dependent_routine,382156594317600,382156594318200,600,before
secret_dependent_routine,382156594319200,382156594330200,11000,before
secret_dependent_routine,382156594331300,382156594331900,600,before
secret_dependent_routine,382156594332900,382156594343600,10700,before
secret_dependent_routine,382156594344700,382156594345300,600,before
secret_dependent_routine,382156594346300,382156594357100,10800,before
secret_dependent_routine,382156594358200,382156594358800,600,before
secret_dependent_routine,382156594359900,382156594371800,11900,before
secret_dependent_routine,382156594373100,382156594373800,700,before
secret_dependent_routine,382156594376100,382156594387100,11000,before
secret_dependent_routine,382156594388300,382156594388900,600,before
secret_dependent_routine,382156594390000,382156594400500,10500,before
secret_dependent_routine,382156594401600,382156594402200,600,before
secret_dependent_routine,382156594403200,382156594414200,11000,before
secret_dependent_routine,382156594415300,382156594415900,600,before
secret_dependent_routine,382156594417000,382156594427800,10800,before
secret_dependent_routine,382156594428900,382156594429500,600,before
secret_dependent_routine,382156594430600,382156594441500,10900,before
secret_dependent_routine,382156594443800,382156594444500,700,before
secret_dependent_routine,382156594445600,382156594456200,10600,before
secret_dependent_routine,382156594457400,382156594458000,600,before
secret_dependent_routine,382156594459100,382156594469600,10500,before
secret_dependent_routine,382156594470800,382156594471400,600,before
secret_dependent_routine,382156594472500,382156594483200,10700,before
secret_dependent_routine,382156594484300,382156594484900,600,before
secret_dependent_routine,382156594486000,382156594496700,10700,before
secret_dependent_routine,382156594497900,382156594498500,600,before
secret_dependent_routine,382156594499600,382156594510500,10900,before
secret_dependent_routine,382156594511900,382156594512600,700,before
secret_dependent_routine,382156594513700,382156594525700,12000,before
secret_dependent_routine,382156594526900,382156594527600,700,before
secret_dependent_routine,382156594528800,382156594540500,11700,before
secret_dependent_routine,382156594541700,382156594542400,700,before
secret_dependent_routine,382156594543600,382156594555500,11900,before
secret_dependent_routine,382156594557000,382156594557700,700,before
secret_dependent_routine,382156594558900,382156594570900,12000,before
secret_dependent_routine,382156594572100,382156594572800,700,before
secret_dependent_routine,382156594573900,382156594585900,12000,before
secret_dependent_routine,382156594605700,382156594606400,700,before
secret_dependent_routine,382156594607500,382156594619700,12200,before
secret_dependent_routine,382156594620900,382156594621600,700,before
secret_dependent_routine,382156594622700,382156594634800,12100,before
secret_dependent_routine,382156594636000,382156594636700,700,before
secret_dependent_routine,382156594637800,382156594650000,12200,before
secret_dependent_routine,382156594651200,382156594651900,700,before
secret_dependent_routine,382156594654400,382156594666900,12500,before
secret_dependent_routine,382156594668100,382156594668900,800,before
secret_dependent_routine,382156594670100,382156594682000,11900,before
secret_dependent_routine,382156594683300,382156594684000,700,before
secret_dependent_routine,382156594685100,382156594697300,12200,before
secret_dependent_routine,382156594698500,382156594700500,2000,before
secret_dependent_routine,382156594701800,382156594714100,12300,before
secret_dependent_routine,382156594715400,382156594716100,700,before
secret_dependent_routine,382156594717400,382156594729600,12200,before
secret_dependent_routine,382156594730900,382156594731600,700,before
secret_dependent_routine,382156594732800,382156594744800,12000,before
secret_dependent_routine,382156594746000,382156594746800,800,before
secret_dependent_routine,382156594748100,382156594760400,12300,before
secret_dependent_routine,382156594761700,382156594762400,700,before
secret_dependent_routine,382156594763800,382156594776500,12700,before
secret_dependent_routine,382156594779100,382156594779900,800,before
secret_dependent_routine,382156594781300,382156594793700,12400,before
secret_dependent_routine,382156594795000,382156594795800,800,before
secret_dependent_routine,382156594797000,382156594809600,12600,before
secret_dependent_routine,382156594810900,382156594811800,900,before
secret_dependent_routine,382156594813000,382156594826100,13100,before
secret_dependent_routine,382156594827400,382156594828100,700,before
secret_dependent_routine,382156594829400,382156594842100,12700,before
secret_dependent_routine,382156594843500,382156594844200,700,before
secret_dependent_routine,382156594845500,382156594858400,12900,before
secret_dependent_routine,382156594859600,382156594860400,800,before
secret_dependent_routine,382156594861600,382156594874900,13300,before
secret_dependent_routine,382156594876100,382156594876900,800,before
secret_dependent_routine,382156594878100,382156594891300,13200,before
secret_dependent_routine,382156594892600,382156594893300,700,before
secret_dependent_routine,382156594894600,382156594907300,12700,before
secret_dependent_routine,382156594908700,382156594909500,800,before
secret_dependent_routine,382156594910800,382156594924200,13400,before
secret_dependent_routine,382156594925600,382156594926400,800,before
secret_dependent_routine,382156594927600,382156594941000,13400,before
secret_dependent_routine,382156594942300,382156594943000,700,before
secret_dependent_routine,382156594945600,382156594958500,12900,before
secret_dependent_routine,382156594960400,382156594961100,700,before
secret_dependent_routine,382156594962400,382156594974900,12500,before
secret_dependent_routine,382156594976200,382156594976900,700,before
secret_dependent_routine,382156594978200,382156594990800,12600,before
secret_dependent_routine,382156594992000,382156594992700,700,before
secret_dependent_routine,382156594994000,382156595006500,12500,before
secret_dependent_routine,382156595007900,382156595008700,800,before
secret_dependent_routine,382156595009900,382156595022000,12100,before
secret_dependent_routine,382156595023300,382156595024100,800,before
secret_dependent_routine,382156595025300,382156595037700,12400,before
secret_dependent_routine,382156595039400,382156595041500,2100,before
secret_dependent_routine,382156595042800,382156595056100,13300,before
secret_dependent_routine,382156595058100,382156595058900,800,before
secret_dependent_routine,382156595060100,382156595073400,13300,before
secret_dependent_routine,382156595074900,382156595076100,1200,before
secret_dependent_routine,382156595077300,382156595090600,13300,before
secret_dependent_routine,382156595091900,382156595092700,800,before
secret_dependent_routine,382156595094000,382156595110400,16400,before
secret_dependent_routine,382156595112900,382156595114100,1200,before
secret_dependent_routine,382156595116500,382156595135700,19200,before
secret_dependent_routine,382156595137500,382156595138900,1400,before
secret_dependent_routine,382156595142600,382156595157100,14500,before
secret_dependent_routine,382156595159400,382156595160400,1000,before
secret_dependent_routine,382156595161700,382156595173800,12100,before
secret_dependent_routine,382156595175200,382156595175900,700,before
secret_dependent_routine,382156595177100,382156595189300,12200,before
secret_dependent_routine,382156595190600,382156595191300,700,before
secret_dependent_routine,382156595192500,382156595205000,12500,before
secret_dependent_routine,382156595206300,382156595207100,800,before
secret_dependent_routine,382156595208400,382156595221500,13100,before
secret_dependent_routine,382156595222900,382156595223700,800,before
secret_dependent_routine,382156595224900,382156595237000,12100,before
secret_dependent_routine,382156595238400,382156595239100,700,before
secret_dependent_routine,382156595240300,382156595251800,11500,before
secret_dependent_routine,382156595253000,382156595253900,900,before
secret_dependent_routine,382156595255200,382156595266800,11600,before
secret_dependent_routine,382156595269400,382156595270200,800,before
secret_dependent_routine,382156595271400,382156595282800,11400,before
secret_dependent_routine,382156595284300,382156595285000,700,before
secret_dependent_routine,382156595286200,382156595297700,11500,before
secret_dependent_routine,382156595298900,382156595299600,700,before
secret_dependent_routine,382156595300800,382156595312400,11600,before
secret_dependent_routine,382156595313600,382156595314300,700,before
secret_dependent_routine,382156595315700,382156595327200,11500,before
secret_dependent_routine,382156595328500,382156595329200,700,before
secret_dependent_routine,382156595330300,382156595341800,11500,before
secret_dependent_routine,382156595343000,382156595343700,700,before
secret_dependent_routine,382156595344900,382156595356400,11500,before
secret_dependent_routine,382156595357600,382156595358400,800,before
secret_dependent_routine,382156595359700,382156595371100,11400,before
secret_dependent_routine,382156595372300,382156595373000,700,before
secret_dependent_routine,382156595374200,382156595385800,11600,before
secret_dependent_routine,382156595387100,382156595388000,900,before
secret_dependent_routine,382156595389200,382156595435500,46300,before
secret_dependent_routine,382156595437200,382156595437900,700,before
secret_dependent_routine,382156595439200,382156595451300,12100,before
secret_dependent_routine,382156595452700,382156595453400,700,before
secret_dependent_routine,382156595454700,382156595467900,13200,before
secret_dependent_routine,382156595469800,382156595470600,800,before
secret_dependent_routine,382156595471800,382156595483800,12000,before
secret_dependent_routine,382156595485100,382156595486100,1000,before
secret_dependent_routine,382156595487300,382156595500300,13000,before
secret_dependent_routine,382156595501900,382156595503400,1500,before
secret_dependent_routine,382156595505800,382156595525100,19300,before
secret_dependent_routine,382156595528100,382156595529300,1200,before
secret_dependent_routine,382156595531200,382156595549000,17800,before
secret_dependent_routine,382156595551100,382156595552600,1500,before
secret_dependent_routine,382156595554600,382156595572700,18100,before
secret_dependent_routine,382156595574900,382156595576100,1200,before
secret_dependent_routine,382156595577900,382156595597500,19600,before
secret_dependent_routine,382156595599900,382156595601500,1600,before
secret_dependent_routine,382156595603700,382156595619600,15900,before
secret_dependent_routine,382156595621500,382156595622400,900,before
secret_dependent_routine,382156595623700,382156595635200,11500,before
secret_dependent_routine,382156595636700,382156595637400,700,before
secret_dependent_routine,382156595638600,382156595650500,11900,before
secret_dependent_routine,382156595651900,382156595652600,700,before
secret_dependent_routine,382156595653800,382156595665700,11900,before
secret_dependent_routine,382156595667000,382156595667700,700,before
secret_dependent_routine,382156595668900,382156595680900,12000,before
secret_dependent_routine,382156595682100,382156595682900,800,before
secret_dependent_routine,382156595684100,382156595696000,11900,before
secret_dependent_routine,382156595697300,382156595697900,600,before
secret_dependent_routine,382156595699100,382156595711100,12000,before
secret_dependent_routine,382156595712300,382156595713000,700,before
secret_dependent_routine,382156595714300,382156595726200,11900,before
secret_dependent_routine,382156595727400,382156595728100,700,before
secret_dependent_routine,382156595729300,382156595741500,12200,before
secret_dependent_routine,382156595742700,382156595743400,700,before
secret_dependent_routine,382156595744600,382156595756700,12100,before
secret_dependent_routine,382156595757900,382156595758600,700,before
secret_dependent_routine,382156595759900,382156595771900,12000,before
secret_dependent_routine,382156595773200,382156595773900,700,before
secret_dependent_routine,382156595775000,382156595787200,12200,before
secret_dependent_routine,382156595788400,382156595789100,700,before
secret_dependent_routine,382156595790400,382156595802300,11900,before
secret_dependent_routine,382156595803500,382156595804300,800,before
secret_dependent_routine,382156595805500,382156595817200,11700,before
secret_dependent_routine,382156595818500,382156595819200,700,before
secret_dependent_routine,382156595820400,382156595832200,11800,before
secret_dependent_routine,382156595833400,382156595834200,800,before
secret_dependent_routine,382156595835300,382156595847300,12000,before
secret_dependent_routine,382156595848500,382156595849300,800,before
secret_dependent_routine,382156595850500,382156595862400,11900,before
secret_dependent_routine,382156595863600,382156595864200,600,before
secret_dependent_routine,382156595870300,382156595881500,11200,before
secret_dependent_routine,382156595883200,382156595883900,700,before
secret_dependent_routine,382156595885000,382156595895500,10500,before
secret_dependent_routine,382156595896800,382156595897500,700,before
secret_dependent_routine,382156595898600,382156595909200,10600,before
secret_dependent_routine,382156595910400,382156595911100,700,before
secret_dependent_routine,382156595912100,382156595923700,11600,before
secret_dependent_routine,382156595924900,382156595925600,700,before
secret_dependent_routine,382156595926800,382156595938400,11600,before
secret_dependent_routine,382156595939700,382156595940400,700,before
secret_dependent_routine,382156595941600,382156595953200,11600,before
secret_dependent_routine,382156595954600,382156595955300,700,before
secret_dependent_routine,382156595956500,382156595968100,11600,before
secret_dependent_routine,382156595969400,382156595970100,700,before
secret_dependent_routine,382156595971300,382156595982700,11400,before
secret_dependent_routine,382156595983900,382156595984600,700,before
secret_dependent_routine,382156595985800,382156595997400,11600,before
secret_dependent_routine,382156595998800,382156595999400,600,before
secret_dependent_routine,382156596000700,382156596012300,11600,before
secret_dependent_routine,382156596013700,382156596014400,700,before
secret_dependent_routine,382156596015500,382156596027100,11600,before
secret_dependent_routine,382156596028300,382156596029000,700,before
secret_dependent_routine,382156596030200,382156596042000,11800,before
secret_dependent_routine,382156596043200,382156596044000,800,before
secret_dependent_routine,382156596045100,382156596056900,11800,before
secret_dependent_routine,382156596058100,382156596058800,700,before
secret_dependent_routine,382156596060100,382156596072300,12200,before
secret_dependent_routine,382156596073600,382156596074300,700,before
secret_dependent_routine,382156596075400,382156596087100,11700,before
secret_dependent_routine,382156596088400,382156596089100,700,before
secret_dependent_routine,382156596090300,382156596101900,11600,before
secret_dependent_routine,382156596103200,382156596103900,700,before
secret_dependent_routine,382156596105100,382156596116700,11600,before
secret_dependent_routine,382156596118100,382156596119100,1000,before
secret_dependent_routine,382156596120300,382156596132600,12300,before
secret_dependent_routine,382156596133800,382156596134500,700,before
secret_dependent_routine,382156596135800,382156596147700,11900,before
secret_dependent_routine,382156596149000,382156596149800,800,before
secret_dependent_routine,382156596151100,382156596163900,12800,before
secret_dependent_routine,382156596165500,382156596166200,700,before
secret_dependent_routine,382156596167500,382156596180300,12800,before
secret_dependent_routine,382156596181800,382156596182600,800,before
secret_dependent_routine,382156596183800,382156596196600,12800,before
secret_dependent_routine,382156596198400,382156596199200,800,before
secret_dependent_routine,382156596200400,382156596213200,12800,before
secret_dependent_routine,382156596214600,382156596215500,900,before
secret_dependent_routine,382156596216700,382156596229500,12800,before
secret_dependent_routine,382156596230800,382156596231600,800,before
secret_dependent_routine,382156596232900,382156596245700,12800,before
secret_dependent_routine,382156596247100,382156596247900,800,before
secret_dependent_routine,382156596249100,382156596262200,13100,before
secret_dependent_routine,382156596263500,382156596264400,900,before
secret_dependent_routine,382156596265600,382156596279000,13400,before
secret_dependent_routine,382156596280300,382156596281000,700,before
secret_dependent_routine,382156596282200,382156596293600,11400,before
secret_dependent_routine,382156596294800,382156596296000,1200,before
secret_dependent_routine,382156596297100,382156596308500,11400,before
secret_dependent_routine,382156596309700,382156596310500,800,before
secret_dependent_routine,382156596311800,382156596324000,12200,before
secret_dependent_routine,382156596325800,382156596326600,800,before
secret_dependent_routine,382156596327800,382156596340400,12600,before
secret_dependent_routine,382156596341700,382156596342400,700,before
secret_dependent_routine,382156596343700,382156596356700,13000,before
secret_dependent_routine,382156596358200,382156596358900,700,before
secret_dependent_routine,382156596360200,382156596372600,12400,before
secret_dependent_routine,382156596374000,382156596374700,700,before
secret_dependent_routine,382156596376000,382156596388600,12600,before
secret_dependent_routine,382156596389900,382156596390700,800,before
secret_dependent_routine,382156596391900,382156596404100,12200,before
secret_dependent_routine,382156596405400,382156596406100,700,before
secret_dependent_routine,382156596407400,382156596420100,12700,before
secret_dependent_routine,382156596421400,382156596422100,700,before
secret_dependent_routine,382156596423300,382156596435800,12500,before
secret_dependent_routine,382156596437100,382156596438000,900,before
secret_dependent_routine,382156596439300,382156596451700,12400,before
secret_dependent_routine,382156596453000,382156596454000,1000,before
secret_dependent_routine,382156596455400,382156596470800,15400,before
secret_dependent_routine,382156596472200,382156596473000,800,before
secret_dependent_routine,382156596474300,382156596487300,13000,before
secret_dependent_routine,382156596488500,382156596489200,700,before
secret_dependent_routine,382156596490300,382156596501600,11300,before
secret_dependent_routine,382156596502800,382156596503400,600,before
secret_dependent_routine,382156596504600,382156596516400,11800,before
secret_dependent_routine,382156596517800,382156596518500,700,before
secret_dependent_routine,382156596519800,382156596532300,12500,before
secret_dependent_routine,382156596533600,382156596534300,700,before
secret_dependent_routine,382156596535800,382156596548100,12300,before
secret_dependent_routine,382156596549700,382156596550500,800,before
secret_dependent_routine,382156596551800,382156596564500,12700,before
secret_dependent_routine,382156596565900,382156596566700,800,before
secret_dependent_routine,382156596568000,382156596580600,12600,before
secret_dependent_routine,382156596581900,382156596582700,800,before
secret_dependent_routine,382156596584000,382156596596700,12700,before
secret_dependent_routine,382156596598000,382156596598700,700,before
secret_dependent_routine,382156596600800,382156596613400,12600,before
secret_dependent_routine,382156596614700,382156596615400,700,before
secret_dependent_routine,382156596616500,382156596628400,11900,before
secret_dependent_routine,382156596630100,382156596630800,700,before
secret_dependent_routine,382156596632000,382156596643600,11600,before
secret_dependent_routine,382156596644700,382156596645500,800,before
secret_dependent_routine,382156596646700,382156596658300,11600,before
secret_dependent_routine,382156596659600,382156596660200,600,before
secret_dependent_routine,382156596661400,382156596672800,11400,before
secret_dependent_routine,382156596674000,382156596674700,700,before
secret_dependent_routine,382156596675900,382156596687300,11400,before
secret_dependent_routine,382156596688500,382156596689300,800,before
secret_dependent_routine,382156596690500,382156596701700,11200,before
secret_dependent_routine,382156596703100,382156596703800,700,before
secret_dependent_routine,382156596704900,382156596716200,11300,before
secret_dependent_routine,382156596717400,382156596718100,700,before
secret_dependent_routine,382156596719400,382156596730600,11200,before
secret_dependent_routine,382156596731800,382156596732500,700,before
secret_dependent_routine,382156596734100,382156596745500,11400,before
secret_dependent_routine,382156596746600,382156596747300,700,before
secret_dependent_routine,382156596748500,382156596760000,11500,before
secret_dependent_routine,382156596761300,382156596761900,600,before
secret_dependent_routine,382156596763100,382156596774500,11400,before
secret_dependent_routine,382156596775800,382156596776500,700,before
secret_dependent_routine,382156596777600,382156596792400,14800,before
secret_dependent_routine,382156596793800,382156596794500,700,before
secret_dependent_routine,382156596795700,382156596807800,12100,before
secret_dependent_routine,382156596809000,382156596809700,700,before
secret_dependent_routine,382156596810900,382156596822600,11700,before
secret_dependent_routine,382156596823800,382156596824500,700,before
secret_dependent_routine,382156596825600,382156596837200,11600,before
secret_dependent_routine,382156596838400,382156596839100,700,before
secret_dependent_routine,382156596840300,382156596852000,11700,before
secret_dependent_routine,382156596853300,382156596854000,700,before
secret_dependent_routine,382156596855200,382156596866600,11400,before
secret_dependent_routine,382156596869200,382156596870000,800,before
secret_dependent_routine,382156596871400,382156596883800,12400,before
secret_dependent_routine,382156596885200,382156596885900,700,before
secret_dependent_routine,382156596887100,382156596898800,11700,before
secret_dependent_routine,382156596900000,382156596900800,800,before
secret_dependent_routine,382156596902100,382156596913900,11800,before
secret_dependent_routine,382156596915200,382156596915900,700,before
secret_dependent_routine,382156596917100,382156596929000,11900,before
secret_dependent_routine,382156596930100,382156596930700,600,before
secret_dependent_routine,382156596931800,382156596942500,10700,before
secret_dependent_routine,382156596943800,382156596944500,700,before
secret_dependent_routine,382156596945600,382156596957500,11900,before
secret_dependent_routine,382156596958700,382156596959400,700,before
secret_dependent_routine,382156596960600,382156596972900,12300,before
secret_dependent_routine,382156596974100,382156596974700,600,before
secret_dependent_routine,382156596975800,382156596989200,13400,before
secret_dependent_routine,382156596990300,382156596991100,800,before
secret_dependent_routine,382156596992200,382156597002900,10700,before
secret_dependent_routine,382156597004000,382156597004700,700,before
secret_dependent_routine,382156597005900,382156597016700,10800,before
secret_dependent_routine,382156597017900,382156597018600,700,before
secret_dependent_routine,382156597019600,382156597030200,10600,before
secret_dependent_routine,382156597031300,382156597032000,700,before
secret_dependent_routine,382156597033000,382156597043300,10300,before
secret_dependent_routine,382156597044400,382156597045000,600,before
secret_dependent_routine,382156597046100,382156597056200,10100,before
secret_dependent_routine,382156597057300,382156597058000,700,before
secret_dependent_routine,382156597059100,382156597069300,10200,before
secret_dependent_routine,382156597070400,382156597071100,700,before
secret_dependent_routine,382156597072100,382156597082600,10500,before
secret_dependent_routine,382156597083700,382156597084400,700,before
secret_dependent_routine,382156597085400,382156597097600,12200,before
secret_dependent_routine,382156597098800,382156597099400,600,before
secret_dependent_routine,382156597100600,382156597111200,10600,before
secret_dependent_routine,382156597112400,382156597113000,600,before
secret_dependent_routine,382156597114100,382156597124600,10500,before
secret_dependent_routine,382156597125700,382156597126300,600,before
secret_dependent_routine,382156597127500,382156597138100,10600,before
secret_dependent_routine,382156597139200,382156597139900,700,before
secret_dependent_routine,382156597141000,382156597151600,10600,before
secret_dependent_routine,382156597152700,382156597153400,700,before
secret_dependent_routine,382156597154400,382156597164800,10400,before
secret_dependent_routine,382156597167200,382156597167900,700,before
secret_dependent_routine,382156597169000,382156597179700,10700,before
secret_dependent_routine,382156597180800,382156597181600,800,before
secret_dependent_routine,382156597182600,382156597193400,10800,before
secret_dependent_routine,382156597194500,382156597195100,600,before
secret_dependent_routine,382156597196200,382156597207000,10800,before
secret_dependent_routine,382156597208100,382156597208700,600,before
secret_dependent_routine,382156597209800,382156597220600,10800,before
secret_dependent_routine,382156597221700,382156597222400,700,before
secret_dependent_routine,382156597223400,382156597234200,10800,before
secret_dependent_routine,382156597235300,382156597236000,700,before
secret_dependent_routine,382156597237000,382156597247800,10800,before
secret_dependent_routine,382156597248900,382156597249500,600,before
secret_dependent_routine,382156597250800,382156597261300,10500,before
secret_dependent_routine,382156597262400,382156597263100,700,before
secret_dependent_routine,382156597264100,382156597274900,10800,before
secret_dependent_routine,382156597275900,382156597276600,700,before
secret_dependent_routine,382156597280400,382156597291500,11100,before
secret_dependent_routine,382156597292700,382156597293300,600,before
secret_dependent_routine,382156597294400,382156597305200,10800,before
secret_dependent_routine,382156597306300,382156597307000,700,before
secret_dependent_routine,382156597308000,382156597319100,11100,before
secret_dependent_routine,382156597320200,382156597320800,600,before
secret_dependent_routine,382156597321900,382156597332800,10900,before
secret_dependent_routine,382156597333900,382156597334600,700,before
secret_dependent_routine,382156597335700,382156597346600,10900,before
secret_dependent_routine,382156597347700,382156597348400,700,before
secret_dependent_routine,382156597349500,382156597360900,11400,before
secret_dependent_routine,382156597362000,382156597362700,700,before
secret_dependent_routine,382156597363700,382156597374800,11100,before
secret_dependent_routine,382156597375900,382156597376500,600,before
secret_dependent_routine,382156597377600,382156597388800,11200,before
secret_dependent_routine,382156597389900,382156597391700,1800,before
secret_dependent_routine,382156597392800,382156597403200,10400,before
secret_dependent_routine,382156597404300,382156597404900,600,before
secret_dependent_routine,382156597406000,382156597416600,10600,before
secret_dependent_routine,382156597417700,382156597418400,700,before
secret_dependent_routine,382156597419300,382156597429900,10600,before
secret_dependent_routine,382156597431100,382156597431800,700,before
secret_dependent_routine,382156597432800,382156597443400,10600,before
secret_dependent_routine,382156597444500,382156597445200,700,before
secret_dependent_routine,382156597446200,382156597457000,10800,before
secret_dependent_routine,382156597459200,382156597460000,800,before
secret_dependent_routine,382156597461200,382156597472100,10900,before
secret_dependent_routine,382156597473200,382156597473800,600,before
secret_dependent_routine,382156597474900,382156597485600,10700,before
secret_dependent_routine,382156597486800,382156597487400,600,before
secret_dependent_routine,382156597488500,382156597499000,10500,before
secret_dependent_routine,382156597500200,382156597500800,600,before
secret_dependent_routine,382156597501900,382156597512500,10600,before
secret_dependent_routine,382156597513900,382156597514500,600,before
secret_dependent_routine,382156597515600,382156597526200,10600,before
secret_dependent_routine,382156597527300,382156597528000,700,before
secret_dependent_routine,382156597529000,382156597539600,10600,before
secret_dependent_routine,382156597540600,382156597541300,700,before
secret_dependent_routine,382156597542300,382156597553000,10700,before
secret_dependent_routine,382156597554000,382156597554700,700,before
secret_dependent_routine,382156597555700,382156597566500,10800,before
secret_dependent_routine,382156597567600,382156597568200,600,before
secret_dependent_routine,382156597569200,382156597580100,10900,before
secret_dependent_routine,382156597581200,382156597581800,600,before
secret_dependent_routine,382156597582800,382156597593700,10900,before
secret_dependent_routine,382156597594800,382156597595500,700,before
secret_dependent_routine,382156597596500,382156597607100,10600,before
secret_dependent_routine,382156597608100,382156597608700,600,before
secret_dependent_routine,382156597609800,382156597620700,10900,before
secret_dependent_routine,382156597621800,382156597622400,600,before
secret_dependent_routine,382156597623500,382156597634300,10800,before
secret_dependent_routine,382156597635300,382156597636000,700,before
secret_dependent_routine,382156597637000,382156597647400,10400,before
secret_dependent_routine,382156597648600,382156597649200,600,before
secret_dependent_routine,382156597650300,382156597661000,10700,before
secret_dependent_routine,382156597662100,382156597662800,700,before
secret_dependent_routine,382156597663800,382156597674500,10700,before
secret_dependent_routine,382156597675600,382156597677400,1800,before
secret_dependent_routine,382156597678500,382156597689400,10900,before
secret_dependent_routine,382156597690700,382156597691300,600,before
secret_dependent_routine,382156597692400,382156597703300,10900,before
secret_dependent_routine,382156597704500,382156597705100,600,before
secret_dependent_routine,382156597706200,382156597717500,11300,before
secret_dependent_routine,382156597718800,382156597719400,600,before
secret_dependent_routine,382156597720600,382156597731200,10600,before
secret_dependent_routine,382156597732500,382156597733200,700,before
secret_dependent_routine,382156597734200,382156597745300,11100,before
secret_dependent_routine,382156597746300,382156597747000,700,before
secret_dependent_routine,382156597749300,382156597760200,10900,before
secret_dependent_routine,382156597762500,382156597763100,600,before
secret_dependent_routine,382156597764200,382156597775100,10900,before
secret_dependent_routine,382156597776200,382156597776800,600,before
secret_dependent_routine,382156597777900,382156597788400,10500,before
secret_dependent_routine,382156597789500,382156597790100,600,before
secret_dependent_routine,382156597791200,382156597802100,10900,before
secret_dependent_routine,382156597803200,382156597803800,600,before
secret_dependent_routine,382156597804900,382156597815600,10700,before
secret_dependent_routine,382156597816700,382156597817400,700,before
secret_dependent_routine,382156597818400,382156597829200,10800,before
secret_dependent_routine,382156597830300,382156597830900,600,before
secret_dependent_routine,382156597832000,382156597842600,10600,before
secret_dependent_routine,382156597843700,382156597844400,700,before
secret_dependent_routine,382156597845400,382156597856200,10800,before
secret_dependent_routine,382156597857300,382156597858000,700,before
secret_dependent_routine,382156597859000,382156597874300,15300,before
secret_dependent_routine,382156597875900,382156597876700,800,before
secret_dependent_routine,382156597877900,382156597888200,10300,before
secret_dependent_routine,382156597889400,382156597890000,600,before
secret_dependent_routine,382156597891100,382156597901400,10300,before
secret_dependent_routine,382156597902600,382156597903300,700,before
secret_dependent_routine,382156597904300,382156597914500,10200,before
secret_dependent_routine,382156597915600,382156597916200,600,before
secret_dependent_routine,382156597917300,382156597927800,10500,before
secret_dependent_routine,382156597928900,382156597929500,600,before
secret_dependent_routine,382156597930600,382156597940900,10300,before
secret_dependent_routine,382156597942000,382156597942800,800,before
secret_dependent_routine,382156597943800,382156597954800,11000,before
secret_dependent_routine,382156597957100,382156597957800,700,before
secret_dependent_routine,382156597959000,382156597970300,11300,before
secret_dependent_routine,382156597971400,382156597972200,800,before
secret_dependent_routine,382156597973300,382156597987700,14400,before
secret_dependent_routine,382156597989300,382156597990000,700,before
secret_dependent_routine,382156597991300,382156598003300,12000,before
secret_dependent_routine,382156598004600,382156598005400,800,before
secret_dependent_routine,382156598006600,382156598018900,12300,before
secret_dependent_routine,382156598021500,382156598022300,800,before
secret_dependent_routine,382156598023500,382156598035400,11900,before
secret_dependent_routine,382156598036700,382156598037400,700,before
secret_dependent_routine,382156598038600,382156598050400,11800,before
secret_dependent_routine,382156598051700,382156598052400,700,before
secret_dependent_routine,382156598053700,382156598065700,12000,before
secret_dependent_routine,382156598068400,382156598069200,800,before
secret_dependent_routine,382156598070600,382156598082900,12300,before
secret_dependent_routine,382156598084200,382156598085000,800,before
secret_dependent_routine,382156598086300,382156598099400,13100,before
secret_dependent_routine,382156598100700,382156598101500,800,before
secret_dependent_routine,382156598102900,382156598116200,13300,before
secret_dependent_routine,382156598117500,382156598118300,800,before
secret_dependent_routine,382156598119600,382156598133200,13600,before
secret_dependent_routine,382156598134600,382156598135400,800,before
secret_dependent_routine,382156598136700,382156598150300,13600,before
secret_dependent_routine,382156598151600,382156598152500,900,before
secret_dependent_routine,382156598153700,382156598167000,13300,before
secret_dependent_routine,382156598168300,382156598169100,800,before
secret_dependent_routine,382156598170400,382156598184700,14300,before
secret_dependent_routine,382156598185900,382156598186600,700,before
secret_dependent_routine,382156598187800,382156598199900,12100,before
secret_dependent_routine,382156598201100,382156598201900,800,before
secret_dependent_routine,382156598203000,382156598215700,12700,before
secret_dependent_routine,382156598216900,382156598217600,700,before
secret_dependent_routine,382156598218800,382156598231200,12400,before
secret_dependent_routine,382156598232500,382156598233200,700,before
secret_dependent_routine,382156598234400,382156598246600,12200,before
secret_dependent_routine,382156598247800,382156598248600,800,before
secret_dependent_routine,382156598249700,382156598262200,12500,before
secret_dependent_routine,382156598263400,382156598264100,700,before
secret_dependent_routine,382156598265300,382156598277600,12300,before
secret_dependent_routine,382156598278800,382156598279500,700,before
secret_dependent_routine,382156598280600,382156598292900,12300,before
secret_dependent_routine,382156598293900,382156598294600,700,before
secret_dependent_routine,382156598295600,382156598306500,10900,before
secret_dependent_routine,382156598309100,382156598309800,700,before
secret_dependent_routine,382156598310800,382156598322200,11400,before
secret_dependent_routine,382156598323400,382156598324000,600,before
secret_dependent_routine,382156598325100,382156598336500,11400,before
secret_dependent_routine,382156598337600,382156598338300,700,before
secret_dependent_routine,382156598339400,382156598350400,11000,before
secret_dependent_routine,382156598351600,382156598352200,600,before
secret_dependent_routine,382156598353300,382156598364700,11400,before
secret_dependent_routine,382156598365900,382156598366500,600,before
secret_dependent_routine,382156598367600,382156598378700,11100,before
secret_dependent_routine,382156598379800,382156598380500,700,before
secret_dependent_routine,382156598381500,382156598392500,11000,before
secret_dependent_routine,382156598394800,382156598395500,700,before
secret_dependent_routine,382156598396700,382156598407400,10700,before
secret_dependent_routine,382156598408600,382156598409200,600,before
secret_dependent_routine,382156598410300,382156598421300,11000,before
secret_dependent_routine,382156598422400,382156598423000,600,before
secret_dependent_routine,382156598424100,382156598435200,11100,before
secret_dependent_routine,382156598436400,382156598437000,600,before
secret_dependent_routine,382156598438200,382156598449200,11000,before
secret_dependent_routine,382156598450300,382156598451000,700,before
secret_dependent_routine,382156598452000,382156598462700,10700,before
secret_dependent_routine,382156598463800,382156598464500,700,before
secret_dependent_routine,382156598465600,382156598476500,10900,before
secret_dependent_routine,382156598477600,382156598478300,700,before
secret_dependent_routine,382156598479300,382156598490400,11100,before
secret_dependent_routine,382156598491500,382156598492100,600,before
secret_dependent_routine,382156598493200,382156598504600,11400,before
secret_dependent_routine,382156598505700,382156598506300,600,before
secret_dependent_routine,382156598507400,382156598518600,11200,before
secret_dependent_routine,382156598519800,382156598520400,600,before
secret_dependent_routine,382156598521500,382156598532700,11200,before
secret_dependent_routine,382156598533900,382156598534500,600,before
secret_dependent_routine,382156598535600,382156598546400,10800,before
secret_dependent_routine,382156598547500,382156598548100,600,before
secret_dependent_routine,382156598549200,382156598560300,11100,before
secret_dependent_routine,382156598561400,382156598562000,600,before
secret_dependent_routine,382156598564400,382156598575200,10800,before
secret_dependent_routine,382156598576300,382156598577000,700,before
secret_dependent_routine,382156598578200,382156598589100,10900,before
secret_dependent_routine,382156598590200,382156598590900,700,before
secret_dependent_routine,382156598592000,382156598602900,10900,before
secret_dependent_routine,382156598604000,382156598604700,700,before
secret_dependent_routine,382156598605800,382156598616200,10400,before
secret_dependent_routine,382156598617300,382156598619000,1700,before
secret_dependent_routine,382156598620200,382156598631100,10900,before
secret_dependent_routine,382156598632200,382156598632900,700,before
secret_dependent_routine,382156598633900,382156598644400,10500,before
secret_dependent_routine,382156598645600,382156598646300,700,before
secret_dependent_routine,382156598647300,382156598657800,10500,before
secret_dependent_routine,382156598658900,382156598659500,600,before
secret_dependent_routine,382156598660500,382156598671000,10500,before
secret_dependent_routine,382156598672000,382156598672600,600,before
secret_dependent_routine,382156598673700,382156598684200,10500,before
secret_dependent_routine,382156598686400,382156598687100,700,before
secret_dependent_routine,382156598688200,382156598698800,10600,before
secret_dependent_routine,382156598699900,382156598700600,700,before
secret_dependent_routine,382156598701700,382156598711800,10100,before
secret_dependent_routine,382156598713000,382156598713600,600,before
secret_dependent_routine,382156598714800,382156598724800,10000,before
secret_dependent_routine,382156598725900,382156598726600,700,before
secret_dependent_routine,382156598727700,382156598738500,10800,before
secret_dependent_routine,382156598739600,382156598740300,700,before
secret_dependent_routine,382156598741300,382156598752100,10800,before
secret_dependent_routine,382156598753300,382156598753900,600,before
secret_dependent_routine,382156598754900,382156598765400,10500,before
secret_dependent_routine,382156598766500,382156598767200,700,before
secret_dependent_routine,382156598768200,382156598779000,10800,before
secret_dependent_routine,382156598780200,382156598780800,600,before
secret_dependent_routine,382156598781900,382156598792900,11000,before
secret_dependent_routine,382156598794000,382156598794700,700,before
secret_dependent_routine,382156598795800,382156598807400,11600,before
secret_dependent_routine,382156598808600,382156598809300,700,before
secret_dependent_routine,382156598812000,382156598824100,12100,before
secret_dependent_routine,382156598825300,382156598826000,700,before
secret_dependent_routine,382156598827100,382156598838900,11800,before
secret_dependent_routine,382156598840100,382156598840800,700,before
secret_dependent_routine,382156598841900,382156598853600,11700,before
secret_dependent_routine,382156598854700,382156598855400,700,before
secret_dependent_routine,382156598856500,382156598868300,11800,before
secret_dependent_routine,382156598869400,382156598870200,800,before
secret_dependent_routine,382156598871200,382156598882900,11700,before
secret_dependent_routine,382156598884000,382156598884700,700,before
secret_dependent_routine,382156598885700,382156598897400,11700,before
secret_dependent_routine,382156598898500,382156598899200,700,before
secret_dependent_routine,382156598900200,382156598912100,11900,before
secret_dependent_routine,382156598913300,382156598917900,4600,before
secret_dependent_routine,382156598919100,382156598930600,11500,before
secret_dependent_routine,382156598931800,382156598932500,700,before
secret_dependent_routine,382156598933800,382156598945500,11700,before
secret_dependent_routine,382156598946700,382156598947400,700,before
secret_dependent_routine,382156598948600,382156598960700,12100,before
secret_dependent_routine,382156598961900,382156598962600,700,before
secret_dependent_routine,382156598963700,382156598975600,11900,before
secret_dependent_routine,382156598976800,382156598977500,700,before
secret_dependent_routine,382156598978700,382156598990500,11800,before
secret_dependent_routine,382156598991700,382156598992400,700,before
secret_dependent_routine,382156598994800,382156599006500,11700,before
secret_dependent_routine,382156599007700,382156599008400,700,before
secret_dependent_routine,382156599009700,382156599021400,11700,before
secret_dependent_routine,382156599022600,382156599023400,800,before
secret_dependent_routine,382156599024600,382156599036300,11700,before
secret_dependent_routine,382156599037500,382156599038300,800,before
secret_dependent_routine,382156599039400,382156599051300,11900,before
secret_dependent_routine,382156599052600,382156599053300,700,before
secret_dependent_routine,382156599054500,382156599066200,11700,before
secret_dependent_routine,382156599067400,382156599068100,700,before
secret_dependent_routine,382156599069300,382156599080900,11600,before
secret_dependent_routine,382156599082100,382156599082800,700,before
secret_dependent_routine,382156599085200,382156599097200,12000,before
secret_dependent_routine,382156599098500,382156599099200,700,before
secret_dependent_routine,382156599100400,382156599112300,11900,before
secret_dependent_routine,382156599113500,382156599114200,700,before
secret_dependent_routine,382156599115400,382156599127500,12100,before
secret_dependent_routine,382156599128700,382156599129400,700,before
secret_dependent_routine,382156599130600,382156599142700,12100,before
secret_dependent_routine,382156599143900,382156599144700,800,before
secret_dependent_routine,382156599145900,382156599158300,12400,before
secret_dependent_routine,382156599159500,382156599160200,700,before
secret_dependent_routine,382156599161400,382156599173800,12400,before
secret_dependent_routine,382156599175000,382156599175700,700,before
secret_dependent_routine,382156599176900,382156599189400,12500,before
secret_dependent_routine,382156599190600,382156599191300,700,before
secret_dependent_routine,382156599192400,382156599205200,12800,before
secret_dependent_routine,382156599206400,382156599207100,700,before
secret_dependent_routine,382156599208300,382156599221200,12900,before
secret_dependent_routine,382156599222300,382156599223000,700,before
secret_dependent_routine,382156599224100,382156599235200,11100,before
secret_dependent_routine,382156599236400,382156599237000,600,before
secret_dependent_routine,382156599238100,382156599251000,12900,before
secret_dependent_routine,382156599252200,382156599252800,600,before
secret_dependent_routine,382156599253900,382156599264200,10300,before
secret_dependent_routine,382156599265300,382156599266000,700,before
secret_dependent_routine,382156599267000,382156599277700,10700,before
secret_dependent_routine,382156599278900,382156599279500,600,before
secret_dependent_routine,382156599280600,382156599291400,10800,before
secret_dependent_routine,382156599292500,382156599293100,600,before
secret_dependent_routine,382156599294200,382156599304900,10700,before
secret_dependent_routine,382156599306000,382156599306600,600,before
secret_dependent_routine,382156599307700,382156599318600,10900,before
secret_dependent_routine,382156599320900,382156599321600,700,before
secret_dependent_routine,382156599322700,382156599333500,10800,before
secret_dependent_routine,382156599334600,382156599335200,600,before
secret_dependent_routine,382156599336300,382156599346900,10600,before
secret_dependent_routine,382156599348000,382156599348700,700,before
secret_dependent_routine,382156599350900,382156599361700,10800,before
secret_dependent_routine,382156599362800,382156599363400,600,before
secret_dependent_routine,382156599364500,382156599375000,10500,before
secret_dependent_routine,382156599376100,382156599376700,600,before
secret_dependent_routine,382156599377800,382156599388500,10700,before
secret_dependent_routine,382156599389500,382156599390200,700,before
secret_dependent_routine,382156599391300,382156599401800,10500,before
secret_dependent_routine,382156599402800,382156599403500,700,before
secret_dependent_routine,382156599404500,382156599415000,10500,before
secret_dependent_routine,382156599416100,382156599416700,600,before
secret_dependent_routine,382156599417900,382156599428500,10600,before
secret_dependent_routine,382156599429600,382156599430200,600,before
secret_dependent_routine,382156599431300,382156599441800,10500,before
secret_dependent_routine,382156599442900,382156599443500,600,before
secret_dependent_routine,382156599444500,382156599455000,10500,before
secret_dependent_routine,382156599456100,382156599456800,700,before
secret_dependent_routine,382156599457800,382156599468800,11000,before
secret_dependent_routine,382156599469800,382156599470500,700,before
secret_dependent_routine,382156599471500,382156599482100,10600,before
secret_dependent_routine,382156599483200,382156599483800,600,before
secret_dependent_routine,382156599484900,382156599495600,10700,before
secret_dependent_routine,382156599496700,382156599497300,600,before
secret_dependent_routine,382156599498500,382156599508900,10400,before
secret_dependent_routine,382156599510100,382156599510700,600,before
secret_dependent_routine,382156599511800,382156599522500,10700,before
secret_dependent_routine,382156599523500,382156599524200,700,before
secret_dependent_routine,382156599525300,382156599537200,11900,before
secret_dependent_routine,382156599538400,382156599539000,600,before
secret_dependent_routine,382156599540200,382156599551100,10900,before
secret_dependent_routine,382156599552300,382156599552900,600,before
secret_dependent_routine,382156599554000,382156599564700,10700,before
secret_dependent_routine,382156599565900,382156599566500,600,before
secret_dependent_routine,382156599567500,382156599578200,10700,before
secret_dependent_routine,382156599579300,382156599580000,700,before
secret_dependent_routine,382156599581000,382156599591700,10700,before
secret_dependent_routine,382156599592900,382156599593600,700,before
secret_dependent_routine,382156599648000,382156599659000,11000,before
secret_dependent_routine,382156599662500,382156599663200,700,before
secret_dependent_routine,382156599664400,382156599675300,10900,before
secret_dependent_routine,382156599676400,382156599677100,700,before
secret_dependent_routine,382156599678200,382156599689200,11000,before
secret_dependent_routine,382156599690300,382156599690900,600,before
secret_dependent_routine,382156599692000,382156599702900,10900,before
secret_dependent_routine,382156599704000,382156599704600,600,before
secret_dependent_routine,382156599705700,382156599716700,11000,before
secret_dependent_routine,382156599717900,382156599718600,700,before
secret_dependent_routine,382156599719600,382156599730900,11300,before
secret_dependent_routine,382156599732100,382156599732700,600,before
secret_dependent_routine,382156599733800,382156599744800,11000,before
secret_dependent_routine,382156599745900,382156599746500,600,before
secret_dependent_routine,382156599747600,382156599758600,11000,before
secret_dependent_routine,382156599759800,382156599760400,600,before
secret_dependent_routine,382156599761400,382156599772300,10900,before
secret_dependent_routine,382156599773400,382156599774000,600,before
secret_dependent_routine,382156599775100,382156599786100,11000,before
secret_dependent_routine,382156599787200,382156599787900,700,before
secret_dependent_routine,382156599788900,382156599799800,10900,before
secret_dependent_routine,382156599801000,382156599801600,600,before
secret_dependent_routine,382156599802600,382156599813500,10900,before
secret_dependent_routine,382156599814600,382156599815200,600,before
secret_dependent_routine,382156599816200,382156599826900,10700,before
secret_dependent_routine,382156599828000,382156599828600,600,before
secret_dependent_routine,382156599829700,382156599840500,10800,before
secret_dependent_routine,382156599841600,382156599842200,600,before
secret_dependent_routine,382156599843200,382156599854000,10800,before
secret_dependent_routine,382156599855100,382156599855800,700,before
secret_dependent_routine,382156599856800,382156599867400,10600,before
secret_dependent_routine,382156599868500,382156599869200,700,before
secret_dependent_routine,382156599870200,382156599884500,14300,before
secret_dependent_routine,382156599886100,382156599888000,1900,before
secret_dependent_routine,382156599889200,382156599899800,10600,before
secret_dependent_routine,382156599900900,382156599901600,700,before
secret_dependent_routine,382156599902700,382156599913300,10600,before
secret_dependent_routine,382156599919800,382156599920600,800,before
secret_dependent_routine,382156599921800,382156599933500,11700,before
secret_dependent_routine,382156599934700,382156599935400,700,before
secret_dependent_routine,382156599936600,382156599948500,11900,before
secret_dependent_routine,382156599949700,382156599950400,700,before
secret_dependent_routine,382156599951700,382156599963300,11600,before
secret_dependent_routine,382156599965700,382156599966500,800,before
secret_dependent_routine,382156599967800,382156599979400,11600,before
secret_dependent_routine,382156599980700,382156599981500,800,before
secret_dependent_routine,382156599982700,382156599994400,11700,before
secret_dependent_routine,382156599995600,382156599996300,700,before
secret_dependent_routine,382156599997500,382156600008600,11100,before
secret_dependent_routine,382156600009900,382156600010600,700,before
secret_dependent_routine,382156600011800,382156600023300,11500,before
secret_dependent_routine,382156600024500,382156600025200,700,before
secret_dependent_routine,382156600026400,382156600037900,11500,before
secret_dependent_routine,382156600039100,382156600039800,700,before
secret_dependent_routine,382156600040900,382156600052500,11600,before
secret_dependent_routine,382156600053700,382156600054400,700,before
secret_dependent_routine,382156600055500,382156600067500,12000,before
secret_dependent_routine,382156600068700,382156600069400,700,before
secret_dependent_routine,382156600070700,382156600083000,12300,before
secret_dependent_routine,382156600084200,382156600085000,800,before
secret_dependent_routine,382156600086200,382156600098200,12000,before
secret_dependent_routine,382156600099500,382156600100200,700,before
secret_dependent_routine,382156600101400,382156600113400,12000,before
secret_dependent_routine,382156600114600,382156600115300,700,before
secret_dependent_routine,382156600116500,382156600129000,12500,before
secret_dependent_routine,382156600130200,382156600130900,700,before
secret_dependent_routine,382156600132000,382156600144400,12400,before
secret_dependent_routine,382156600145600,382156600146300,700,before
secret_dependent_routine,382156600147600,382156600160100,12500,before
secret_dependent_routine,382156600161400,382156600162100,700,before
secret_dependent_routine,382156600163300,382156600175800,12500,before
secret_dependent_routine,382156600177100,382156600177800,700,before
secret_dependent_routine,382156600178900,382156600191600,12700,before
secret_dependent_routine,382156600194000,382156600194800,800,before
secret_dependent_routine,382156600195900,382156600207500,11600,before
secret_dependent_routine,382156600208800,382156600210600,1800,before
secret_dependent_routine,382156600211900,382156600223700,11800,before
secret_dependent_routine,382156600226100,382156600226700,600,before
secret_dependent_routine,382156600227800,382156600238500,10700,before
secret_dependent_routine,382156600239500,382156600240100,600,before
secret_dependent_routine,382156600241300,382156600252600,11300,before
secret_dependent_routine,382156600253800,382156600254400,600,before
secret_dependent_routine,382156600255500,382156600266600,11100,before
secret_dependent_routine,382156600267700,382156600268400,700,before
secret_dependent_routine,382156600269400,382156600280400,11000,before
secret_dependent_routine,382156600281600,382156600282200,600,before
secret_dependent_routine,382156600284400,382156600295200,10800,before
secret_dependent_routine,382156600296300,382156600297000,700,before
secret_dependent_routine,382156600298100,382156600308700,10600,before
secret_dependent_routine,382156600309900,382156600310500,600,before
secret_dependent_routine,382156600311600,382156600322700,11100,before
secret_dependent_routine,382156600323900,382156600324500,600,before
secret_dependent_routine,382156600325600,382156600336500,10900,before
secret_dependent_routine,382156600337600,382156600338200,600,before
secret_dependent_routine,382156600339300,382156600349900,10600,before
secret_dependent_routine,382156600351000,382156600351600,600,before
secret_dependent_routine,382156600352700,382156600363800,11100,before
secret_dependent_routine,382156600364900,382156600365500,600,before
secret_dependent_routine,382156600366700,382156600377800,11100,before
secret_dependent_routine,382156600378900,382156600379500,600,before
secret_dependent_routine,382156600380600,382156600391900,11300,before
secret_dependent_routine,382156600392900,382156600393600,700,before
secret_dependent_routine,382156600394700,382156600406000,11300,before
secret_dependent_routine,382156600407200,382156600407900,700,before
secret_dependent_routine,382156600409000,382156600419900,10900,before
secret_dependent_routine,382156600421100,382156600421700,600,before
secret_dependent_routine,382156600422700,382156600433400,10700,before
secret_dependent_routine,382156600434600,382156600435300,700,before
secret_dependent_routine,382156600436500,382156600448700,12200,before
secret_dependent_routine,382156600451300,382156600452100,800,before
secret_dependent_routine,382156600453300,382156600465500,12200,before
secret_dependent_routine,382156600466700,382156600467400,700,before
secret_dependent_routine,382156600468600,382156600480500,11900,before
secret_dependent_routine,382156600481700,382156600482400,700,before
secret_dependent_routine,382156600483500,382156600495400,11900,before
secret_dependent_routine,382156600496600,382156600497300,700,before
secret_dependent_routine,382156600498500,382156600510500,12000,before
secret_dependent_routine,382156600511700,382156600512400,700,before
secret_dependent_routine,382156600513500,382156600527800,14300,before
secret_dependent_routine,382156600529200,382156600529900,700,before
secret_dependent_routine,382156600531100,382156600542800,11700,before
secret_dependent_routine,382156600544000,382156600544600,600,before
secret_dependent_routine,382156600545800,382156600557300,11500,before
secret_dependent_routine,382156600558600,382156600559300,700,before
secret_dependent_routine,382156600560500,382156600572400,11900,before
secret_dependent_routine,382156600573700,382156600574300,600,before
secret_dependent_routine,382156600575500,382156600587400,11900,before
secret_dependent_routine,382156600588600,382156600589300,700,before
secret_dependent_routine,382156600590500,382156600602600,12100,before
secret_dependent_routine,382156600605100,382156600605900,800,before
secret_dependent_routine,382156600607100,382156600619200,12100,before
secret_dependent_routine,382156600620500,382156600621200,700,before
secret_dependent_routine,382156600622400,382156600634500,12100,before
secret_dependent_routine,382156600635800,382156600636500,700,before
secret_dependent_routine,382156600637700,382156600649500,11800,before
secret_dependent_routine,382156600650800,382156600651500,700,before
secret_dependent_routine,382156600652700,382156600664400,11700,before
secret_dependent_routine,382156600665600,382156600666300,700,before
secret_dependent_routine,382156600667600,382156600679200,11600,before
secret_dependent_routine,382156600680400,382156600681100,700,before
secret_dependent_routine,382156600682200,382156600694200,12000,before
secret_dependent_routine,382156600695500,382156600696200,700,before
secret_dependent_routine,382156600697400,382156600709100,11700,before
secret_dependent_routine,382156600710500,382156600711200,700,before
secret_dependent_routine,382156600712600,382156600724400,11800,before
secret_dependent_routine,382156600725600,382156600726400,800,before
secret_dependent_routine,382156600728800,382156600741400,12600,before
secret_dependent_routine,382156600742500,382156600743200,700,before
secret_dependent_routine,382156600744300,382156600754700,10400,before
secret_dependent_routine,382156600755800,382156600756500,700,before
secret_dependent_routine,382156600757600,382156600768000,10400,before
secret_dependent_routine,382156600769100,382156600769700,600,before
secret_dependent_routine,382156600770800,382156600781300,10500,before
secret_dependent_routine,382156600782400,382156600783000,600,before
secret_dependent_routine,382156600784100,382156600794800,10700,before
secret_dependent_routine,382156600795900,382156600796500,600,before
secret_dependent_routine,382156600797500,382156600808300,10800,before
secret_dependent_routine,382156600809400,382156600810000,600,before
secret_dependent_routine,382156600811100,382156600822200,11100,before
secret_dependent_routine,382156600823200,382156600823900,700,before
secret_dependent_routine,382156600824900,382156600836500,11600,before
secret_dependent_routine,382156600837600,382156600838300,700,before
secret_dependent_routine,382156600839300,382156600850100,10800,before
secret_dependent_routine,382156600851200,382156600851800,600,before
secret_dependent_routine,382156600852900,382156600863600,10700,before
secret_dependent_routine,382156600864700,382156600865300,600,before
secret_dependent_routine,382156600866400,382156600877100,10700,before
secret_dependent_routine,382156600878200,382156600878800,600,before
secret_dependent_routine,382156600879900,382156600890500,10600,before
secret_dependent_routine,382156600891700,382156600892300,600,before
secret_dependent_routine,382156600893400,382156600904000,10600,before
secret_dependent_routine,382156600906300,382156600906900,600,before
secret_dependent_routine,382156600908000,382156600918600,10600,before
secret_dependent_routine,382156600919700,382156600920300,600,before
secret_dependent_routine,382156600921400,382156600931900,10500,before
secret_dependent_routine,382156600933000,382156600933700,700,before
secret_dependent_routine,382156600934700,382156600945500,10800,before
secret_dependent_routine,382156600946600,382156600947300,700,before
secret_dependent_routine,382156600948300,382156600959100,10800,before
secret_dependent_routine,382156600960200,382156600960800,600,before
secret_dependent_routine,382156600961900,382156600972400,10500,before
secret_dependent_routine,382156600973500,382156600974200,700,before
secret_dependent_routine,382156600976500,382156600987300,10800,before
secret_dependent_routine,382156600988400,382156600989100,700,before
secret_dependent_routine,382156600990200,382156601000900,10700,before
secret_dependent_routine,382156601001900,382156601002600,700,before
secret_dependent_routine,382156601003600,382156601014100,10500,before
secret_dependent_routine,382156601015200,382156601015800,600,before
secret_dependent_routine,382156601016900,382156601027700,10800,before
secret_dependent_routine,382156601028900,382156601029500,600,before
secret_dependent_routine,382156601030600,382156601041600,11000,before
secret_dependent_routine,382156601042600,382156601043300,700,before
secret_dependent_routine,382156601044300,382156601055000,10700,before
secret_dependent_routine,382156601056100,382156601056800,700,before
secret_dependent_routine,382156601057800,382156601068600,10800,before
secret_dependent_routine,382156601069600,382156601070200,600,before
secret_dependent_routine,382156601071300,382156601082100,10800,before
secret_dependent_routine,382156601083100,382156601083700,600,before
secret_dependent_routine,382156601084700,382156601095600,10900,before
secret_dependent_routine,382156601096600,382156601097300,700,before
secret_dependent_routine,382156601098300,382156601109000,10700,before
secret_dependent_routine,382156601110200,382156601110800,600,before
secret_dependent_routine,382156601111800,382156601122600,10800,before
secret_dependent_routine,382156601123700,382156601125400,1700,before
secret_dependent_routine,382156601126600,382156601137300,10700,before
secret_dependent_routine,382156601138500,382156601139100,600,before
secret_dependent_routine,382156601140100,382156601150600,10500,before
secret_dependent_routine,382156601151700,382156601152300,600,before
secret_dependent_routine,382156601153500,382156601164100,10600,before
secret_dependent_routine,382156601165300,382156601165900,600,before
secret_dependent_routine,382156601167000,382156601177800,10800,before
secret_dependent_routine,382156601178800,382156601179500,700,before
secret_dependent_routine,382156601180600,382156601191500,10900,before
secret_dependent_routine,382156601193700,382156601194300,600,before
secret_dependent_routine,382156601195500,382156601206700,11200,before
secret_dependent_routine,382156601207800,382156601208500,700,before
secret_dependent_routine,382156601209700,382156601221000,11300,before
secret_dependent_routine,382156601222100,382156601222800,700,before
secret_dependent_routine,382156601225300,382156601236100,10800,before
secret_dependent_routine,382156601237300,382156601237900,600,before
secret_dependent_routine,382156601239000,382156601249900,10900,before
secret_dependent_routine,382156601250900,382156601251500,600,before
secret_dependent_routine,382156601252600,382156601263400,10800,before
secret_dependent_routine,382156601264500,382156601265100,600,before
secret_dependent_routine,382156601266200,382156601277100,10900,before
secret_dependent_routine,382156601278200,382156601278800,600,before
secret_dependent_routine,382156601279800,382156601290600,10800,before
secret_dependent_routine,382156601291700,382156601292400,700,before
secret_dependent_routine,382156601293400,382156601304300,10900,before
secret_dependent_routine,382156601305400,382156601306000,600,before
secret_dependent_routine,382156601307100,382156601318100,11000,before
secret_dependent_routine,382156601319100,382156601319700,600,before
secret_dependent_routine,382156601320800,382156601331600,10800,before
secret_dependent_routine,382156601332700,382156601333300,600,before
secret_dependent_routine,382156601334400,382156601345400,11000,before
secret_dependent_routine,382156601346500,382156601347100,600,before
secret_dependent_routine,382156601348200,382156601359100,10900,before
secret_dependent_routine,382156601360100,382156601360700,600,before
secret_dependent_routine,382156601361800,382156601372600,10800,before
secret_dependent_routine,382156601373700,382156601374300,600,before
secret_dependent_routine,382156601375400,382156601386200,10800,before
secret_dependent_routine,382156601387300,382156601387900,600,before
secret_dependent_routine,382156601389000,382156601399700,10700,before
secret_dependent_routine,382156601400800,382156601401400,600,before
secret_dependent_routine,382156601402500,382156601413300,10800,before
secret_dependent_routine,382156601414400,382156601416200,1800,before
secret_dependent_routine,382156601417400,382156601428600,11200,before
secret_dependent_routine,382156601429700,382156601430400,700,before
secret_dependent_routine,382156601431400,382156601442400,11000,before
secret_dependent_routine,382156601443500,382156601444100,600,before
secret_dependent_routine,382156601445200,382156601455900,10700,before
secret_dependent_routine,382156601457100,382156601457800,700,before
secret_dependent_routine,382156601459000,382156601471400,12400,before
secret_dependent_routine,382156601472600,382156601473300,700,before
secret_dependent_routine,382156601475900,382156601488200,12300,before
secret_dependent_routine,382156601489600,382156601490300,700,before
secret_dependent_routine,382156601492700,382156601505100,12400,before
secret_dependent_routine,382156601506600,382156601507300,700,before
secret_dependent_routine,382156601508500,382156601519900,11400,before
secret_dependent_routine,382156601521100,382156601521700,600,before
secret_dependent_routine,382156601522900,382156601534500,11600,before
secret_dependent_routine,382156601535700,382156601536400,700,before
secret_dependent_routine,382156601537700,382156601572500,34800,before
secret_dependent_routine,382156601573700,382156601574500,800,before
secret_dependent_routine,382156601575700,382156601587500,11800,before
secret_dependent_routine,382156601588800,382156601589500,700,before
secret_dependent_routine,382156601590800,382156601603000,12200,before
secret_dependent_routine,382156601604200,382156601605000,800,before
secret_dependent_routine,382156601606200,382156601617800,11600,before
secret_dependent_routine,382156601619100,382156601619800,700,before
secret_dependent_routine,382156601621000,382156601633200,12200,before
secret_dependent_routine,382156601634500,382156601635300,800,before
secret_dependent_routine,382156601636500,382156601648700,12200,before
secret_dependent_routine,382156601650000,382156601650800,800,before
secret_dependent_routine,382156601652000,382156601663600,11600,before
secret_dependent_routine,382156601664800,382156601665500,700,before
secret_dependent_routine,382156601666900,382156601679800,12900,before
secret_dependent_routine,382156601681000,382156601681900,900,before
secret_dependent_routine,382156601683200,382156601696000,12800,before
secret_dependent_routine,382156601697200,382156601698000,800,before
secret_dependent_routine,382156601699200,382156601712100,12900,before
secret_dependent_routine,382156601713300,382156601714000,700,before
secret_dependent_routine,382156601715400,382156601728100,12700,before
secret_dependent_routine,382156601729400,382156601730200,800,before
secret_dependent_routine,382156601731500,382156601744400,12900,before
secret_dependent_routine,382156601745700,382156601746500,800,before
secret_dependent_routine,382156601747700,382156601761000,13300,before
secret_dependent_routine,382156601762200,382156601763000,800,before
secret_dependent_routine,382156601764300,382156601780100,15800,before
secret_dependent_routine,382156601781500,382156601782300,800,before
secret_dependent_routine,382156601783700,382156601796700,13000,before
secret_dependent_routine,382156601799200,382156601800000,800,before
secret_dependent_routine,382156601801200,382156601812500,11300,before
secret_dependent_routine,382156601813700,382156601814400,700,before
secret_dependent_routine,382156601815500,382156601827700,12200,before
secret_dependent_routine,382156601829000,382156601829800,800,before
secret_dependent_routine,382156601831100,382156601844200,13100,before
secret_dependent_routine,382156601845500,382156601846200,700,before
secret_dependent_routine,382156601847500,382156601860400,12900,before
secret_dependent_routine,382156601863100,382156601863800,700,before
secret_dependent_routine,382156601865300,382156601882000,16700,before
secret_dependent_routine,382156601883800,382156601884900,1100,before
secret_dependent_routine,382156601886300,382156601899300,13000,before
secret_dependent_routine,382156601900900,382156601901700,800,before
secret_dependent_routine,382156601903100,382156601916100,13000,before
secret_dependent_routine,382156601917400,382156601918200,800,before
secret_dependent_routine,382156601919500,382156601932700,13200,before
secret_dependent_routine,382156601934100,382156601934900,800,before
secret_dependent_routine,382156601936200,382156601949300,13100,before
secret_dependent_routine,382156601950600,382156601951400,800,before
secret_dependent_routine,382156601952600,382156601965800,13200,before
secret_dependent_routine,382156601967100,382156601967800,700,before
secret_dependent_routine,382156601969100,382156601982300,13200,before
secret_dependent_routine,382156601983600,382156601984500,900,before
secret_dependent_routine,382156601985800,382156601998700,12900,before
secret_dependent_routine,382156602000000,382156602000800,800,before
secret_dependent_routine,382156602002100,382156602015200,13100,before
secret_dependent_routine,382156602017600,382156602018300,700,before
secret_dependent_routine,382156602019600,382156602033100,13500,before
secret_dependent_routine,382156602035300,382156602036500,1200,before
secret_dependent_routine,382156602038400,382156602056900,18500,before
secret_dependent_routine,382156602059200,382156602060400,1200,before
secret_dependent_routine,382156602062400,382156602082800,20400,before
secret_dependent_routine,382156602085300,382156602086800,1500,before
secret_dependent_routine,382156602088400,382156602100600,12200,before
secret_dependent_routine,382156602102000,382156602102700,700,before
secret_dependent_routine,382156602104000,382156602116300,12300,before
secret_dependent_routine,382156602119600,382156602120500,900,before
secret_dependent_routine,382156602121800,382156602134700,12900,before
secret_dependent_routine,382156602136000,382156602136700,700,before
secret_dependent_routine,382156602138000,382156602153300,15300,before
secret_dependent_routine,382156602154600,382156602155300,700,before
secret_dependent_routine,382156602156500,382156602168300,11800,before
secret_dependent_routine,382156602169600,382156602170400,800,before
secret_dependent_routine,382156602171700,382156602186200,14500,before
secret_dependent_routine,382156602187500,382156602188300,800,before
secret_dependent_routine,382156602189600,382156602202700,13100,before
secret_dependent_routine,382156602204000,382156602204800,800,before
secret_dependent_routine,382156602206000,382156602218700,12700,before
secret_dependent_routine,382156602220000,382156602220800,800,before
secret_dependent_routine,382156602222000,382156602234800,12800,before
secret_dependent_routine,382156602237400,382156602238300,900,before
secret_dependent_routine,382156602239600,382156602252000,12400,before
secret_dependent_routine,382156602253400,382156602254200,800,before
secret_dependent_routine,382156602255400,382156602268700,13300,before
secret_dependent_routine,382156602269900,382156602270700,800,before
secret_dependent_routine,382156602271800,382156602283400,11600,before
secret_dependent_routine,382156602284700,382156602285400,700,before
secret_dependent_routine,382156602286500,382156602298100,11600,before
secret_dependent_routine,382156602299300,382156602299900,600,before
secret_dependent_routine,382156602301100,382156602312800,11700,before
secret_dependent_routine,382156602314000,382156602314700,700,before
secret_dependent_routine,382156602315900,382156602327700,11800,before
secret_dependent_routine,382156602329100,382156602329800,700,before
secret_dependent_routine,382156602331000,382156602342800,11800,before
secret_dependent_routine,382156602344000,382156602344700,700,before
secret_dependent_routine,382156602345900,382156602357500,11600,before
secret_dependent_routine,382156602358700,382156602359400,700,before
secret_dependent_routine,382156602360600,382156602372500,11900,before
secret_dependent_routine,382156602373700,382156602374400,700,before
secret_dependent_routine,382156602375500,382156602387600,12100,before
secret_dependent_routine,382156602388700,382156602389400,700,before
secret_dependent_routine,382156602390600,382156602402500,11900,before
secret_dependent_routine,382156602405100,382156602405800,700,before
secret_dependent_routine,382156602407000,382156602418600,11600,before
secret_dependent_routine,382156602419800,382156602420500,700,before
secret_dependent_routine,382156602421600,382156602433200,11600,before
secret_dependent_routine,382156602434400,382156602435100,700,before
secret_dependent_routine,382156602436300,382156602447900,11600,before
secret_dependent_routine,382156602449100,382156602449800,700,before
secret_dependent_routine,382156602450900,382156602462300,11400,before
secret_dependent_routine,382156602463500,382156602464200,700,before
secret_dependent_routine,382156602465400,382156602477000,11600,before
secret_dependent_routine,382156602478300,382156602480200,1900,before
secret_dependent_routine,382156602481500,382156602493100,11600,before
secret_dependent_routine,382156602494500,382156602495100,600,before
secret_dependent_routine,382156602496400,382156602508200,11800,before
secret_dependent_routine,382156602509400,382156602510200,800,before
secret_dependent_routine,382156602511400,382156602522800,11400,before
secret_dependent_routine,382156602524100,382156602524800,700,before
secret_dependent_routine,382156602526000,382156602537400,11400,before
secret_dependent_routine,382156602538600,382156602539300,700,before
secret_dependent_routine,382156602540500,382156602552200,11700,before
secret_dependent_routine,382156602554600,382156602555400,800,before
secret_dependent_routine,382156602556800,382156602568500,11700,before
secret_dependent_routine,382156602569700,382156602570400,700,before
secret_dependent_routine,382156602571600,382156602583100,11500,before
secret_dependent_routine,382156602584200,382156602584900,700,before
secret_dependent_routine,382156602586100,382156602598300,12200,before
secret_dependent_routine,382156602599500,382156602600200,700,before
secret_dependent_routine,382156602601400,382156602614300,12900,before
secret_dependent_routine,382156602615500,382156602616200,700,before
secret_dependent_routine,382156602617300,382156602628700,11400,before
secret_dependent_routine,382156602629900,382156602630500,600,before
secret_dependent_routine,382156602631700,382156602643200,11500,before
secret_dependent_routine,382156602644400,382156602645000,600,before
secret_dependent_routine,382156602646100,382156602657500,11400,before
secret_dependent_routine,382156602658700,382156602659300,600,before
secret_dependent_routine,382156602660500,382156602671600,11100,before
secret_dependent_routine,382156602674100,382156602674900,800,before
secret_dependent_routine,382156602676000,382156602687400,11400,before
secret_dependent_routine,382156602688600,382156602689300,700,before
secret_dependent_routine,382156602690400,382156602701800,11400,before
secret_dependent_routine,382156602702900,382156602703600,700,before
secret_dependent_routine,382156602704800,382156602717400,12600,before
secret_dependent_routine,382156602718500,382156602719100,600,before
secret_dependent_routine,382156602720100,382156602730600,10500,before
secret_dependent_routine,382156602731700,382156602732300,600,before
secret_dependent_routine,382156602733400,382156602744000,10600,before
secret_dependent_routine,382156602745100,382156602745800,700,before
secret_dependent_routine,382156602746800,382156602757400,10600,before
secret_dependent_routine,382156602758500,382156602759100,600,before
secret_dependent_routine,382156602760200,382156602770800,10600,before
secret_dependent_routine,382156602771800,382156602772500,700,before
secret_dependent_routine,382156602773500,382156602784100,10600,before
secret_dependent_routine,382156602785200,382156602786900,1700,before
secret_dependent_routine,382156602788100,382156602799100,11000,before
secret_dependent_routine,382156602800300,382156602800900,600,before
secret_dependent_routine,382156602801900,382156602813000,11100,before
secret_dependent_routine,382156602814100,382156602814800,700,before
secret_dependent_routine,382156602815800,382156602826800,11000,before
secret_dependent_routine,382156602827900,382156602828500,600,before
secret_dependent_routine,382156602829600,382156602840700,11100,before
secret_dependent_routine,382156602841800,382156602842500,700,before
secret_dependent_routine,382156602843600,382156602854900,11300,before
secret_dependent_routine,382156602856000,382156602856700,700,before
secret_dependent_routine,382156602858800,382156602869400,10600,before
secret_dependent_routine,382156602870600,382156602871200,600,before
secret_dependent_routine,382156602872300,382156602883200,10900,before
secret_dependent_routine,382156602884300,382156602884900,600,before
secret_dependent_routine,382156602886100,382156602897200,11100,before
secret_dependent_routine,382156602898200,382156602898800,600,before
secret_dependent_routine,382156602899900,382156602910900,11000,before
secret_dependent_routine,382156602912000,382156602912600,600,before
secret_dependent_routine,382156602913700,382156602924500,10800,before
secret_dependent_routine,382156602925500,382156602926200,700,before
secret_dependent_routine,382156602928500,382156602939100,10600,before
secret_dependent_routine,382156602940200,382156602940900,700,before
secret_dependent_routine,382156602942000,382156602952500,10500,before
secret_dependent_routine,382156602953600,382156602954200,600,before
secret_dependent_routine,382156602955300,382156602965900,10600,before
secret_dependent_routine,382156602967000,382156602967700,700,before
secret_dependent_routine,382156602968700,382156602979300,10600,before
secret_dependent_routine,382156602980400,382156602981000,600,before
secret_dependent_routine,382156602982100,382156602992500,10400,before
secret_dependent_routine,382156602993500,382156602994100,600,before
secret_dependent_routine,382156602995200,382156603005500,10300,before
secret_dependent_routine,382156603006600,382156603007200,600,before
secret_dependent_routine,382156603008300,382156603018300,10000,before
secret_dependent_routine,382156603019400,382156603020000,600,before
secret_dependent_routine,382156603021100,382156603031500,10400,before
secret_dependent_routine,382156603032600,382156603033200,600,before
secret_dependent_routine,382156603034200,382156603044500,10300,before
secret_dependent_routine,382156603045500,382156603046200,700,before
secret_dependent_routine,382156603047300,382156603058100,10800,before
secret_dependent_routine,382156603059100,382156603059800,700,before
secret_dependent_routine,382156603060900,382156603071400,10500,before
secret_dependent_routine,382156603072600,382156603073200,600,before
secret_dependent_routine,382156603074300,382156603088200,13900,before
secret_dependent_routine,382156603089500,382156603090200,700,before
secret_dependent_routine,382156603091300,382156603101500,10200,before
secret_dependent_routine,382156603102700,382156603103300,600,before
secret_dependent_routine,382156603104400,382156603114600,10200,before
secret_dependent_routine,382156603115700,382156603116400,700,before
secret_dependent_routine,382156603117500,382156603127900,10400,before
secret_dependent_routine,382156603129000,382156603129600,600,before
secret_dependent_routine,382156603130600,382156603141100,10500,before
secret_dependent_routine,382156603142300,382156603142900,600,before
secret_dependent_routine,382156603143900,382156603154300,10400,before
secret_dependent_routine,382156603156600,382156603157300,700,before
secret_dependent_routine,382156603158400,382156603169000,10600,before
secret_dependent_routine,382156603170100,382156603170700,600,before
secret_dependent_routine,382156603173000,382156603183400,10400,before
secret_dependent_routine,382156603184500,382156603185100,600,before
secret_dependent_routine,382156603186200,382156603196900,10700,before
secret_dependent_routine,382156603197900,382156603198600,700,before
secret_dependent_routine,382156603199600,382156603210100,10500,before
secret_dependent_routine,382156603211100,382156603211800,700,before
secret_dependent_routine,382156603212800,382156603223300,10500,before
secret_dependent_routine,382156603224300,382156603225000,700,before
secret_dependent_routine,382156603226100,382156603236500,10400,before
secret_dependent_routine,382156603237500,382156603238100,600,before
secret_dependent_routine,382156603239100,382156603249700,10600,before
secret_dependent_routine,382156603250700,382156603251400,700,before
secret_dependent_routine,382156603252400,382156603263100,10700,before
secret_dependent_routine,382156603264200,382156603264800,600,before
secret_dependent_routine,382156603265900,382156603276300,10400,before
secret_dependent_routine,382156603277400,382156603278000,600,before
secret_dependent_routine,382156603279100,382156603289400,10300,before
secret_dependent_routine,382156603290500,382156603291100,600,before
secret_dependent_routine,382156603292200,382156603302800,10600,before
secret_dependent_routine,382156603303900,382156603304500,600,before
secret_dependent_routine,382156603305500,382156603315600,10100,before
secret_dependent_routine,382156603316700,382156603317300,600,before
secret_dependent_routine,382156603318400,382156603328600,10200,before
secret_dependent_routine,382156603329700,382156603330300,600,before
secret_dependent_routine,382156603331400,382156603341200,9800,before
secret_dependent_routine,382156603342300,382156603342900,600,before
secret_dependent_routine,382156603344000,382156603354300,10300,before
secret_dependent_routine,382156603355400,382156603356000,600,before
secret_dependent_routine,382156603357000,382156603368100,11100,before
secret_dependent_routine,382156603369300,382156603370000,700,before
secret_dependent_routine,382156603371100,382156603381600,10500,before
secret_dependent_routine,382156603382700,382156603383300,600,before
secret_dependent_routine,382156603384400,382156603394500,10100,before
secret_dependent_routine,382156603395700,382156603396300,600,before
secret_dependent_routine,382156603397400,382156603408100,10700,before
secret_dependent_routine,382156603409200,382156603409900,700,before
secret_dependent_routine,382156603412500,382156603423300,10800,before
secret_dependent_routine,382156603424400,382156603425000,600,before
secret_dependent_routine,382156603465000,382156603476500,11500,before
secret_dependent_routine,382156603479800,382156603480400,600,before
secret_dependent_routine,382156603481600,382156603492000,10400,before
secret_dependent_routine,382156603493100,382156603493700,600,before
secret_dependent_routine,382156603494800,382156603505700,10900,before
secret_dependent_routine,382156603506800,382156603507500,700,before
secret_dependent_routine,382156603508600,382156603519300,10700,before
secret_dependent_routine,382156603520400,382156603521100,700,before
secret_dependent_routine,382156603522200,382156603533200,11000,before
secret_dependent_routine,382156603534300,382156603534900,600,before
secret_dependent_routine,382156603536000,382156603546900,10900,before
secret_dependent_routine,382156603548000,382156603548700,700,before
secret_dependent_routine,382156603549800,382156603560800,11000,before
secret_dependent_routine,382156603561900,382156603562500,600,before
secret_dependent_routine,382156603563600,382156603574500,10900,before
secret_dependent_routine,382156603575600,382156603576200,600,before
secret_dependent_routine,382156603577300,382156603588200,10900,before
secret_dependent_routine,382156603589400,382156603590000,600,before
secret_dependent_routine,382156603591100,382156603601900,10800,before
secret_dependent_routine,382156603603000,382156603603700,700,before
secret_dependent_routine,382156603604800,382156603615700,10900,before
secret_dependent_routine,382156603616800,382156603617500,700,before
secret_dependent_routine,382156603618500,382156603629600,11100,before
secret_dependent_routine,382156603630700,382156603631300,600,before
secret_dependent_routine,382156603632300,382156603643300,11000,before
secret_dependent_routine,382156603644500,382156603645100,600,before
secret_dependent_routine,382156603646200,382156603657300,11100,before
secret_dependent_routine,382156603658400,382156603659000,600,before
secret_dependent_routine,382156603660200,382156603671000,10800,before
secret_dependent_routine,382156603672100,382156603672700,600,before
secret_dependent_routine,382156603673800,382156603684600,10800,before
secret_dependent_routine,382156603685700,382156603686300,600,before
secret_dependent_routine,382156603687300,382156603698100,10800,before
secret_dependent_routine,382156603699100,382156603700900,1800,before
secret_dependent_routine,382156603703200,382156603713700,10500,before
secret_dependent_routine,382156603714900,382156603715500,600,before
secret_dependent_routine,382156603716600,382156603727200,10600,before
secret_dependent_routine,382156603728300,382156603729000,700,before
secret_dependent_routine,382156603730100,382156603740700,10600,before
secret_dependent_routine,382156603741800,382156603742500,700,before
secret_dependent_routine,382156603743600,382156603754100,10500,before
secret_dependent_routine,382156603755100,382156603755800,700,before
secret_dependent_routine,382156603756900,382156603767700,10800,before
secret_dependent_routine,382156603769900,382156603770600,700,before
secret_dependent_routine,382156603771800,382156603782700,10900,before
secret_dependent_routine,382156603783800,382156603784400,600,before
secret_dependent_routine,382156603785500,382156603796400,10900,before
secret_dependent_routine,382156603797500,382156603798100,600,before
secret_dependent_routine,382156603799200,382156603810400,11200,before
secret_dependent_routine,382156603811500,382156603812100,600,before
secret_dependent_routine,382156603813200,382156603824200,11000,before
secret_dependent_routine,382156603825300,382156603825900,600,before
secret_dependent_routine,382156603827000,382156603837900,10900,before
secret_dependent_routine,382156603839000,382156603839600,600,before
secret_dependent_routine,382156603840700,382156603852100,11400,before
secret_dependent_routine,382156603853200,382156603853800,600,before
secret_dependent_routine,382156603854900,382156603866500,11600,before
secret_dependent_routine,382156603867600,382156603868200,600,before
secret_dependent_routine,382156603869300,382156603885400,16100,before
secret_dependent_routine,382156603886900,382156603887800,900,before
secret_dependent_routine,382156603888900,382156603899200,10300,before
secret_dependent_routine,382156603900400,382156603901000,600,before
secret_dependent_routine,382156603902100,382156603912700,10600,before
secret_dependent_routine,382156603913800,382156603914400,600,before
secret_dependent_routine,382156603915600,382156603926300,10700,before
secret_dependent_routine,382156603927400,382156603928000,600,before
secret_dependent_routine,382156603929100,382156603939600,10500,before
secret_dependent_routine,382156603940700,382156603941300,600,before
secret_dependent_routine,382156603942400,382156603952600,10200,before
secret_dependent_routine,382156603953600,382156603954200,600,before
secret_dependent_routine,382156603955300,382156603966600,11300,before
secret_dependent_routine,382156603969200,382156603969900,700,before
secret_dependent_routine,382156603971100,382156603982700,11600,before
secret_dependent_routine,382156603984100,382156603984700,600,before
secret_dependent_routine,382156603985900,382156603997400,11500,before
secret_dependent_routine,382156603998500,382156604000400,1900,before
secret_dependent_routine,382156604001500,382156604013300,11800,before
secret_dependent_routine,382156604014500,382156604015200,700,before
secret_dependent_routine,382156604016400,382156604027900,11500,before
secret_dependent_routine,382156604029200,382156604029800,600,before
secret_dependent_routine,382156604030900,382156604042400,11500,before
secret_dependent_routine,382156604043600,382156604044300,700,before
secret_dependent_routine,382156604045500,382156604057000,11500,before
secret_dependent_routine,382156604058100,382156604058800,700,before
secret_dependent_routine,382156604060000,382156604071400,11400,before
secret_dependent_routine,382156604072600,382156604073300,700,before
secret_dependent_routine,382156604075700,382156604087500,11800,before
secret_dependent_routine,382156604088800,382156604089500,700,before
secret_dependent_routine,382156604090700,382156604102200,11500,before
secret_dependent_routine,382156604103500,382156604104200,700,before
secret_dependent_routine,382156604105400,382156604116700,11300,before
secret_dependent_routine,382156604118000,382156604118600,600,before
secret_dependent_routine,382156604119800,382156604131300,11500,before
secret_dependent_routine,382156604132600,382156604133300,700,before
secret_dependent_routine,382156604134400,382156604145300,10900,before
secret_dependent_routine,382156604146500,382156604147200,700,before
secret_dependent_routine,382156604148300,382156604159800,11500,before
secret_dependent_routine,382156604161000,382156604161700,700,before
secret_dependent_routine,382156604162900,382156604174300,11400,before
secret_dependent_routine,382156604175500,382156604176200,700,before
secret_dependent_routine,382156604177300,382156604188800,11500,before
secret_dependent_routine,382156604190000,382156604190700,700,before
secret_dependent_routine,382156604191900,382156604203300,11400,before
secret_dependent_routine,382156604204500,382156604205200,700,before
secret_dependent_routine,382156604206300,382156604217800,11500,before
secret_dependent_routine,382156604219100,382156604219700,600,before
secret_dependent_routine,382156604220900,382156604232300,11400,before
secret_dependent_routine,382156604235000,382156604235700,700,before
secret_dependent_routine,382156604236900,382156604248600,11700,before
secret_dependent_routine,382156604249700,382156604250300,600,before
secret_dependent_routine,382156604251500,382156604263300,11800,before
secret_dependent_routine,382156604264500,382156604265200,700,before
secret_dependent_routine,382156604266300,382156604278700,12400,before
secret_dependent_routine,382156604279800,382156604280300,500,before
secret_dependent_routine,382156604281400,382156604292000,10600,before
secret_dependent_routine,382156604293000,382156604293600,600,before
secret_dependent_routine,382156604294600,382156604305300,10700,before
secret_dependent_routine,382156604306300,382156604306900,600,before
secret_dependent_routine,382156604308000,382156604321500,13500,before
secret_dependent_routine,382156604322600,382156604323400,800,before
secret_dependent_routine,382156604324600,382156604334600,10000,before
secret_dependent_routine,382156604335700,382156604336300,600,before
secret_dependent_routine,382156604337500,382156604347400,9900,before
secret_dependent_routine,382156604348700,382156604349300,600,before
secret_dependent_routine,382156604350400,382156604360300,9900,before
secret_dependent_routine,382156604361400,382156604362000,600,before
secret_dependent_routine,382156604363100,382156604373200,10100,before
secret_dependent_routine,382156604374200,382156604374900,700,before
secret_dependent_routine,382156604376000,382156604386000,10000,before
secret_dependent_routine,382156604388300,382156604389000,700,before
secret_dependent_routine,382156604390100,382156604400100,10000,before
secret_dependent_routine,382156604401300,382156604401900,600,before
secret_dependent_routine,382156604403000,382156604413100,10100,before
secret_dependent_routine,382156604414200,382156604414800,600,before
secret_dependent_routine,382156604415900,382156604425800,9900,before
secret_dependent_routine,382156604426900,382156604427500,600,before
secret_dependent_routine,382156604428600,382156604438700,10100,before
secret_dependent_routine,382156604439800,382156604440400,600,before
secret_dependent_routine,382156604441400,382156604451500,10100,before
secret_dependent_routine,382156604452600,382156604453200,600,before
secret_dependent_routine,382156604454200,382156604464100,9900,before
secret_dependent_routine,382156604465200,382156604465800,600,before
secret_dependent_routine,382156604466800,382156604476800,10000,before
secret_dependent_routine,382156604479100,382156604479800,700,before
secret_dependent_routine,382156604480900,382156604491000,10100,before
secret_dependent_routine,382156604492000,382156604492700,700,before
secret_dependent_routine,382156604493700,382156604503500,9800,before
secret_dependent_routine,382156604504600,382156604505200,600,before
secret_dependent_routine,382156604506300,382156604515900,9600,before
secret_dependent_routine,382156604517000,382156604517600,600,before
secret_dependent_routine,382156604518700,382156604528700,10000,before
secret_dependent_routine,382156604529800,382156604530400,600,before
secret_dependent_routine,382156604531500,382156604541700,10200,before
secret_dependent_routine,382156604542700,382156604543400,700,before
secret_dependent_routine,382156604544400,382156604554100,9700,before
secret_dependent_routine,382156604555100,382156604555700,600,before
secret_dependent_routine,382156604556700,382156604566400,9700,before
secret_dependent_routine,382156604567500,382156604568100,600,before
secret_dependent_routine,382156604569100,382156604579100,10000,before
secret_dependent_routine,382156604580100,382156604580800,700,before
secret_dependent_routine,382156604581800,382156604592500,10700,before
secret_dependent_routine,382156604593600,382156604594300,700,before
secret_dependent_routine,382156604595500,382156604605200,9700,before
secret_dependent_routine,382156604606300,382156604606900,600,before
secret_dependent_routine,382156604607900,382156604617500,9600,before
secret_dependent_routine,382156604618700,382156604619300,600,before
secret_dependent_routine,382156604620400,382156604630300,9900,before
secret_dependent_routine,382156604631500,382156604632100,600,before
secret_dependent_routine,382156604633200,382156604643300,10100,before
secret_dependent_routine,382156604644400,382156604645100,700,before
secret_dependent_routine,382156604646200,382156604655800,9600,before
secret_dependent_routine,382156604658100,382156604658800,700,before
secret_dependent_routine,382156604659900,382156604670200,10300,before
secret_dependent_routine,382156604671300,382156604671900,600,before
secret_dependent_routine,382156604673000,382156604683400,10400,before
secret_dependent_routine,382156604684500,382156604685200,700,before
secret_dependent_routine,382156604686300,382156604696600,10300,before
secret_dependent_routine,382156604697700,382156604698300,600,before
secret_dependent_routine,382156604699300,382156604710000,10700,before
secret_dependent_routine,382156604712200,382156604712800,600,before
secret_dependent_routine,382156604713900,382156604723800,9900,before
secret_dependent_routine,382156604724900,382156604725600,700,before
secret_dependent_routine,382156604726600,382156604736500,9900,before
secret_dependent_routine,382156604737600,382156604738200,600,before
secret_dependent_routine,382156604739300,382156604749100,9800,before
secret_dependent_routine,382156604750200,382156604750800,600,before
secret_dependent_routine,382156604751800,382156604761700,9900,before
secret_dependent_routine,382156604762700,382156604763300,600,before
secret_dependent_routine,382156604764300,382156604774200,9900,before
secret_dependent_routine,382156604775200,382156604775800,600,before
secret_dependent_routine,382156604777000,382156604786800,9800,before
secret_dependent_routine,382156604787800,382156604788400,600,before
secret_dependent_routine,382156604789500,382156604799300,9800,before
secret_dependent_routine,382156604800300,382156604800900,600,before
secret_dependent_routine,382156604802000,382156604811800,9800,before
secret_dependent_routine,382156604812900,382156604813400,500,before
secret_dependent_routine,382156604814500,382156604824200,9700,before
secret_dependent_routine,382156604825300,382156604825900,600,before
secret_dependent_routine,382156604827000,382156604836800,9800,before
secret_dependent_routine,382156604837900,382156604838500,600,before
secret_dependent_routine,382156604839600,382156604849400,9800,before
secret_dependent_routine,382156604850500,382156604851000,500,before
secret_dependent_routine,382156604852100,382156604861900,9800,before
secret_dependent_routine,382156604863000,382156604864700,1700,before
secret_dependent_routine,382156604865700,382156604875600,9900,before
secret_dependent_routine,382156604876800,382156604877400,600,before
secret_dependent_routine,382156604878500,382156604888400,9900,before
secret_dependent_routine,382156604889600,382156604890200,600,before
secret_dependent_routine,382156604891200,382156604901300,10100,before
secret_dependent_routine,382156604902300,382156604903000,700,before
secret_dependent_routine,382156604904000,382156604914000,10000,before
secret_dependent_routine,382156604915100,382156604915800,700,before
secret_dependent_routine,382156604916900,382156604927500,10600,before
secret_dependent_routine,382156604929800,382156604930500,700,before
secret_dependent_routine,382156604931700,382156604942600,10900,before
secret_dependent_routine,382156604943800,382156604944400,600,before
secret_dependent_routine,382156604946800,382156604957400,10600,before
secret_dependent_routine,382156604958600,382156604959200,600,before
secret_dependent_routine,382156604960500,382156604970900,10400,before
secret_dependent_routine,382156604972200,382156604972900,700,before
secret_dependent_routine,382156604974100,382156604984900,10800,before
secret_dependent_routine,382156604986100,382156604986800,700,before
secret_dependent_routine,382156604988000,382156604998700,10700,before
secret_dependent_routine,382156604999900,382156605000600,700,before
secret_dependent_routine,382156605001700,382156605012200,10500,before
secret_dependent_routine,382156605013400,382156605014100,700,before
secret_dependent_routine,382156605015200,382156605026100,10900,before
secret_dependent_routine,382156605028700,382156605029400,700,before
secret_dependent_routine,382156605030600,382156605041500,10900,before
secret_dependent_routine,382156605042700,382156605043300,600,before
secret_dependent_routine,382156605044500,382156605055700,11200,before
secret_dependent_routine,382156605057000,382156605057700,700,before
secret_dependent_routine,382156605058900,382156605069600,10700,before
secret_dependent_routine,382156605070900,382156605071600,700,before
secret_dependent_routine,382156605072800,382156605083500,10700,before
secret_dependent_routine,382156605084700,382156605085400,700,before
secret_dependent_routine,382156605086700,382156605098000,11300,before
secret_dependent_routine,382156605099200,382156605099800,600,before
secret_dependent_routine,382156605101000,382156605112300,11300,before
secret_dependent_routine,382156605113600,382156605114200,600,before
secret_dependent_routine,382156605115500,382156605126500,11000,before
secret_dependent_routine,382156605128000,382156605128700,700,before
secret_dependent_routine,382156605129900,382156605141000,11100,before
secret_dependent_routine,382156605143000,382156605143900,900,before
secret_dependent_routine,382156605145200,382156605156900,11700,before
secret_dependent_routine,382156605158200,382156605160400,2200,before
secret_dependent_routine,382156605161900,382156605173800,11900,before
secret_dependent_routine,382156605175300,382156605176000,700,before
secret_dependent_routine,382156605177300,382156605189700,12400,before
secret_dependent_routine,382156605191200,382156605192000,800,before
secret_dependent_routine,382156605193400,382156605205500,12100,before
secret_dependent_routine,382156605207000,382156605207700,700,before
secret_dependent_routine,382156605210700,382156605222300,11600,before
secret_dependent_routine,382156605223600,382156605224400,800,before
secret_dependent_routine,382156605225600,382156605237000,11400,before
secret_dependent_routine,382156605239400,382156605240000,600,before
secret_dependent_routine,382156605242400,382156605253300,10900,before
secret_dependent_routine,382156605254500,382156605255100,600,before
secret_dependent_routine,382156605256300,382156605267300,11000,before
secret_dependent_routine,382156605268400,382156605269100,700,before
secret_dependent_routine,382156605270300,382156605281400,11100,before
secret_dependent_routine,382156605282600,382156605283300,700,before
secret_dependent_routine,382156605284500,382156605296600,12100,before
secret_dependent_routine,382156605297900,382156605298700,800,before
secret_dependent_routine,382156605300000,382156605312100,12100,before
secret_dependent_routine,382156605313400,382156605314200,800,before
secret_dependent_routine,382156605315500,382156605327400,11900,before
secret_dependent_routine,382156605328700,382156605329400,700,before
secret_dependent_routine,382156605330900,382156605343100,12200,before
secret_dependent_routine,382156605344400,382156605345100,700,before
secret_dependent_routine,382156605346500,382156605358900,12400,before
secret_dependent_routine,382156605360200,382156605360900,700,before
secret_dependent_routine,382156605362200,382156605374300,12100,before
secret_dependent_routine,382156605375600,382156605376400,800,before
secret_dependent_routine,382156605378700,382156605389600,10900,before
secret_dependent_routine,382156605390700,382156605391400,700,before
secret_dependent_routine,382156605392600,382156605403500,10900,before
secret_dependent_routine,382156605404700,382156605405400,700,before
secret_dependent_routine,382156605406600,382156605417500,10900,before
secret_dependent_routine,382156605418700,382156605419400,700,before
secret_dependent_routine,382156605420600,382156605431900,11300,before
secret_dependent_routine,382156605433000,382156605433700,700,before
secret_dependent_routine,382156605434800,382156605445800,11000,before
secret_dependent_routine,382156605447000,382156605447600,600,before
secret_dependent_routine,382156605448700,382156605459700,11000,before
secret_dependent_routine,382156605460800,382156605461500,700,before
secret_dependent_routine,382156605462700,382156605473600,10900,before
secret_dependent_routine,382156605474800,382156605475500,700,before
secret_dependent_routine,382156605478400,382156605492700,14300,before
secret_dependent_routine,382156605494000,382156605494700,700,before
secret_dependent_routine,382156605495900,382156605506900,11000,before
secret_dependent_routine,382156605508200,382156605508900,700,before
secret_dependent_routine,382156605510000,382156605520900,10900,before
secret_dependent_routine,382156605522300,382156605522900,600,before
secret_dependent_routine,382156605524100,382156605535100,11000,before
secret_dependent_routine,382156605536300,382156605537000,700,before
secret_dependent_routine,382156605538200,382156605549800,11600,before
secret_dependent_routine,382156605550900,382156605551500,600,before
secret_dependent_routine,382156605552600,382156605562500,9900,before
secret_dependent_routine,382156605564900,382156605565600,700,before
secret_dependent_routine,382156605566700,382156605577000,10300,before
secret_dependent_routine,382156605578100,382156605578800,700,before
secret_dependent_routine,382156605579800,382156605590600,10800,before
secret_dependent_routine,382156605591700,382156605592400,700,before
secret_dependent_routine,382156605593400,382156605604200,10800,before
secret_dependent_routine,382156605605200,382156605605900,700,before
secret_dependent_routine,382156605607000,382156605617800,10800,before
secret_dependent_routine,382156605618800,382156605619400,600,before
secret_dependent_routine,382156605620500,382156605631200,10700,before
secret_dependent_routine,382156605632300,382156605632900,600,before
secret_dependent_routine,382156605634000,382156605644700,10700,before
secret_dependent_routine,382156605645800,382156605646400,600,before
secret_dependent_routine,382156605648700,382156605658700,10000,before
secret_dependent_routine,382156605659800,382156605660500,700,before
secret_dependent_routine,382156605661500,382156605671500,10000,before
secret_dependent_routine,382156605672500,382156605673200,700,before
secret_dependent_routine,382156605674200,382156605684300,10100,before
secret_dependent_routine,382156605685400,382156605686000,600,before
secret_dependent_routine,382156605687100,382156605696900,9800,before
secret_dependent_routine,382156605698000,382156605698600,600,before
secret_dependent_routine,382156605699700,382156605709600,9900,before
secret_dependent_routine,382156605710600,382156605711200,600,before
secret_dependent_routine,382156605712300,382156605722200,9900,before
secret_dependent_routine,382156605723300,382156605723900,600,before
secret_dependent_routine,382156605726500,382156605736200,9700,before
secret_dependent_routine,382156605737300,382156605737900,600,before
secret_dependent_routine,382156605738900,382156605748600,9700,before
secret_dependent_routine,382156605749800,382156605750400,600,before
secret_dependent_routine,382156605751400,382156605761100,9700,before
secret_dependent_routine,382156605762100,382156605762700,600,before
secret_dependent_routine,382156605763800,382156605774900,11100,before
secret_dependent_routine,382156605776100,382156605776700,600,before
secret_dependent_routine,382156605777800,382156605788300,10500,before
secret_dependent_routine,382156605789400,382156605790100,700,before
secret_dependent_routine,382156605791100,382156605801800,10700,before
secret_dependent_routine,382156605802900,382156605803500,600,before
secret_dependent_routine,382156605804600,382156605815300,10700,before
secret_dependent_routine,382156605816400,382156605817000,600,before
secret_dependent_routine,382156605818100,382156605828900,10800,before
secret_dependent_routine,382156605830000,382156605830600,600,before
secret_dependent_routine,382156605831700,382156605842400,10700,before
secret_dependent_routine,382156605844600,382156605845300,700,before
secret_dependent_routine,382156605846400,382156605856700,10300,before
secret_dependent_routine,382156605857800,382156605858400,600,before
secret_dependent_routine,382156605859600,382156605870000,10400,before
secret_dependent_routine,382156605871100,382156605871800,700,before
secret_dependent_routine,382156605872800,382156605886900,14100,before
secret_dependent_routine,382156605888400,382156605889200,800,before
secret_dependent_routine,382156605890400,382156605900500,10100,before
secret_dependent_routine,382156605901600,382156605902200,600,before
secret_dependent_routine,382156605903300,382156605913400,10100,before
secret_dependent_routine,382156605914700,382156605915300,600,before
secret_dependent_routine,382156605916300,382156605926300,10000,before
secret_dependent_routine,382156605927300,382156605928000,700,before
secret_dependent_routine,382156605929100,382156605938900,9800,before
secret_dependent_routine,382156605940000,382156605940600,600,before
secret_dependent_routine,382156605941600,382156605951600,10000,before
secret_dependent_routine,382156605952800,382156605953400,600,before
secret_dependent_routine,382156605954500,382156605964300,9800,before
secret_dependent_routine,382156605965400,382156605966000,600,before
secret_dependent_routine,382156605967100,382156605977400,10300,before
secret_dependent_routine,382156605979700,382156605980400,700,before
secret_dependent_routine,382156605981600,382156605991600,10000,before
secret_dependent_routine,382156605992800,382156605993400,600,before
secret_dependent_routine,382156605994600,382156606005400,10800,before
secret_dependent_routine,382156606006600,382156606007300,700,before
secret_dependent_routine,382156606008800,382156606021100,12300,before
secret_dependent_routine,382156606023300,382156606024700,1400,before
secret_dependent_routine,382156606026700,382156606196700,170000,before
secret_dependent_routine,382156606209600,382156606213400,3800,before
secret_dependent_routine,382156606218500,382156606242600,24100,before
secret_dependent_routine,382156606246600,382156606248200,1600,before
secret_dependent_routine,382156606250800,382156606269700,18900,before
secret_dependent_routine,382156606272000,382156606277600,5600,before
secret_dependent_routine,382156606280900,382156606304100,23200,before
secret_dependent_routine,382156606306500,382156606307600,1100,before
secret_dependent_routine,382156606309500,382156606329400,19900,before
secret_dependent_routine,382156606331600,382156606333100,1500,before
secret_dependent_routine,382156606335600,382156606359000,23400,before
secret_dependent_routine,382156606361000,382156606361800,800,before
secret_dependent_routine,382156606363200,382156606375500,12300,before
secret_dependent_routine,382156606376900,382156606377700,800,before
secret_dependent_routine,382156606379200,382156606391800,12600,before
secret_dependent_routine,382156606395000,382156606396000,1000,before
secret_dependent_routine,382156606397400,382156606410400,13000,before
secret_dependent_routine,382156606411800,382156606412700,900,before
secret_dependent_routine,382156606414100,382156606427100,13000,before
secret_dependent_routine,382156606428600,382156606429300,700,before
secret_dependent_routine,382156606430700,382156606443500,12800,before
secret_dependent_routine,382156606444800,382156606445700,900,before
secret_dependent_routine,382156606446900,382156606459700,12800,before
secret_dependent_routine,382156606461000,382156606461800,800,before
secret_dependent_routine,382156606463100,382156606476300,13200,before
secret_dependent_routine,382156606477700,382156606478600,900,before
secret_dependent_routine,382156606480000,382156606493700,13700,before
secret_dependent_routine,382156606495100,382156606495800,700,before
secret_dependent_routine,382156606497200,382156606509600,12400,before
secret_dependent_routine,382156606513100,382156606513900,800,before
secret_dependent_routine,382156606515300,382156606526900,11600,before
secret_dependent_routine,382156606528300,382156606529000,700,before
secret_dependent_routine,382156606530500,382156606542900,12400,before
secret_dependent_routine,382156606544200,382156606544900,700,before
secret_dependent_routine,382156606546200,382156606558400,12200,before
secret_dependent_routine,382156606560100,382156606560800,700,before
secret_dependent_routine,382156606562000,382156606574600,12600,before
secret_dependent_routine,382156606575900,382156606576600,700,before
secret_dependent_routine,382156606577800,382156606590300,12500,before
secret_dependent_routine,382156606591700,382156606592400,700,before
secret_dependent_routine,382156606593700,382156606606300,12600,before
secret_dependent_routine,382156606607600,382156606608400,800,before
secret_dependent_routine,382156606609600,382156606622200,12600,before
secret_dependent_routine,382156606623400,382156606624200,800,before
secret_dependent_routine,382156606625400,382156606638200,12800,before
secret_dependent_routine,382156606639400,382156606640100,700,before
secret_dependent_routine,382156606641300,382156606655800,14500,before
secret_dependent_routine,382156606656900,382156606658900,2000,before
secret_dependent_routine,382156606660100,382156606671000,10900,before
secret_dependent_routine,382156606672200,382156606672900,700,before
secret_dependent_routine,382156606674100,382156606684400,10300,before
secret_dependent_routine,382156606685700,382156606686400,700,before
secret_dependent_routine,382156606687400,382156606698200,10800,before
secret_dependent_routine,382156606699400,382156606700000,600,before
secret_dependent_routine,382156606701100,382156606711600,10500,before
secret_dependent_routine,382156606712800,382156606713400,600,before
secret_dependent_routine,382156606714500,382156606725000,10500,before
secret_dependent_routine,382156606726200,382156606726800,600,before
secret_dependent_routine,382156606729000,382156606738900,9900,before
secret_dependent_routine,382156606740000,382156606740700,700,before
secret_dependent_routine,382156606741700,382156606751500,9800,before
secret_dependent_routine,382156606752600,382156606753200,600,before
secret_dependent_routine,382156606754200,382156606763800,9600,before
secret_dependent_routine,382156606765000,382156606765600,600,before
secret_dependent_routine,382156606766600,382156606776300,9700,before
secret_dependent_routine,382156606778500,382156606779200,700,before
secret_dependent_routine,382156606780300,382156606790200,9900,before
secret_dependent_routine,382156606791300,382156606792000,700,before
secret_dependent_routine,382156606793000,382156606803500,10500,before
secret_dependent_routine,382156606804500,382156606805200,700,before
secret_dependent_routine,382156606806300,382156606817000,10700,before
secret_dependent_routine,382156606818100,382156606818700,600,before
secret_dependent_routine,382156606819900,382156606830600,10700,before
secret_dependent_routine,382156606831700,382156606832300,600,before
secret_dependent_routine,382156606833400,382156606844900,11500,before
secret_dependent_routine,382156606846100,382156606846800,700,before
secret_dependent_routine,382156606848000,382156606859300,11300,before
secret_dependent_routine,382156606860400,382156606861100,700,before
secret_dependent_routine,382156606862100,382156606872800,10700,before
secret_dependent_routine,382156606873900,382156606874600,700,before
secret_dependent_routine,382156606875700,382156606886300,10600,before
secret_dependent_routine,382156606887500,382156606888100,600,before
secret_dependent_routine,382156606889300,382156606900000,10700,before
secret_dependent_routine,382156606901100,382156606901800,700,before
secret_dependent_routine,382156606903000,382156606913700,10700,before
secret_dependent_routine,382156606914800,382156606915600,800,before
secret_dependent_routine,382156606916700,382156606927200,10500,before
secret_dependent_routine,382156606928300,382156606928900,600,before
secret_dependent_routine,382156606930000,382156606940600,10600,before
secret_dependent_routine,382156606941700,382156606942300,600,before
secret_dependent_routine,382156606943400,382156606956000,12600,before
secret_dependent_routine,382156606957600,382156606958400,800,before
secret_dependent_routine,382156606959600,382156606969500,9900,before
secret_dependent_routine,382156606970800,382156606971500,700,before
secret_dependent_routine,382156606972500,382156606982900,10400,before
secret_dependent_routine,382156606984100,382156606984800,700,before
secret_dependent_routine,382156606985800,382156606997700,11900,before
secret_dependent_routine,382156606999000,382156606999700,700,before
secret_dependent_routine,382156607001000,382156607012800,11800,before
secret_dependent_routine,382156607014400,382156607015100,700,before
secret_dependent_routine,382156607016400,382156607028200,11800,before
secret_dependent_routine,382156607032200,382156607033100,900,before
secret_dependent_routine,382156607034500,382156607046000,11500,before
secret_dependent_routine,382156607047300,382156607048000,700,before
secret_dependent_routine,382156607049200,382156607061000,11800,before
secret_dependent_routine,382156607062600,382156607063500,900,before
secret_dependent_routine,382156607064800,382156607089500,24700,before
secret_dependent_routine,382156607092600,382156607094300,1700,before
secret_dependent_routine,382156607096500,382156607113800,17300,before
secret_dependent_routine,382156607115700,382156607116800,1100,before
secret_dependent_routine,382156607118500,382156607139000,20500,before
secret_dependent_routine,382156607141400,382156607142500,1100,before
secret_dependent_routine,382156607144600,382156607163300,18700,before
secret_dependent_routine,382156607165200,382156607166000,800,before
secret_dependent_routine,382156607167500,382156607180400,12900,before
secret_dependent_routine,382156607182000,382156607183000,1000,before
secret_dependent_routine,382156607184400,382156607200300,15900,before
secret_dependent_routine,382156607202300,382156607203500,1200,before
secret_dependent_routine,382156607205500,382156607223400,17900,before
secret_dependent_routine,382156607225200,382156607226100,900,before
secret_dependent_routine,382156607227500,382156607241400,13900,before
secret_dependent_routine,382156607242800,382156607243600,800,before
secret_dependent_routine,382156607323800,382156607336000,12200,before
secret_dependent_routine,382156607337900,382156607338600,700,before
secret_dependent_routine,382156607339900,382156607351500,11600,before
secret_dependent_routine,382156607352900,382156607353700,800,before
secret_dependent_routine,382156607354900,382156607366600,11700,before
secret_dependent_routine,382156607367700,382156607368500,800,before
secret_dependent_routine,382156607369700,382156607381300,11600,before
secret_dependent_routine,382156607383200,382156607384000,800,before
secret_dependent_routine,382156607385300,382156607396900,11600,before
secret_dependent_routine,382156607398100,382156607398800,700,before
secret_dependent_routine,382156607400100,382156607413700,13600,before
secret_dependent_routine,382156607415000,382156607415800,800,before
secret_dependent_routine,382156607417200,382156607428900,11700,before
secret_dependent_routine,382156607430200,382156607430900,700,before
secret_dependent_routine,382156607432200,382156607443900,11700,before
secret_dependent_routine,382156607445300,382156607446000,700,before
secret_dependent_routine,382156607448700,382156607460200,11500,before
secret_dependent_routine,382156607461500,382156607462100,600,before
secret_dependent_routine,382156607463400,382156607474900,11500,before
secret_dependent_routine,382156607476200,382156607476900,700,before
secret_dependent_routine,382156607478200,382156607490500,12300,before
secret_dependent_routine,382156607493100,382156607493900,800,before
secret_dependent_routine,382156607495300,382156607508800,13500,before
secret_dependent_routine,382156607510200,382156607511000,800,before
secret_dependent_routine,382156607512700,382156607526000,13300,before
secret_dependent_routine,382156607527300,382156607528200,900,before
secret_dependent_routine,382156607529500,382156607543100,13600,before
secret_dependent_routine,382156607544400,382156607545200,800,before
secret_dependent_routine,382156607546500,382156607560000,13500,before
secret_dependent_routine,382156607561400,382156607562200,800,before
secret_dependent_routine,382156607563400,382156607576900,13500,before
secret_dependent_routine,382156607578100,382156607578900,800,before
secret_dependent_routine,382156607580200,382156607593600,13400,before
secret_dependent_routine,382156607594900,382156607595600,700,before
secret_dependent_routine,382156607596900,382156607610200,13300,before
secret_dependent_routine,382156607611500,382156607612300,800,before
secret_dependent_routine,382156607613600,382156607635000,21400,before
secret_dependent_routine,382156607637000,382156607638000,1000,before
secret_dependent_routine,382156607639300,382156607650900,11600,before
secret_dependent_routine,382156607652300,382156607653000,700,before
secret_dependent_routine,382156607654300,382156607665700,11400,before
secret_dependent_routine,382156607667100,382156607667900,800,before
secret_dependent_routine,382156607669300,382156607680800,11500,before
secret_dependent_routine,382156607682100,382156607682800,700,before
secret_dependent_routine,382156607684100,382156607695700,11600,before
secret_dependent_routine,382156607697000,382156607697700,700,before
secret_dependent_routine,382156607699000,382156607710700,11700,before
secret_dependent_routine,382156607712000,382156607712700,700,before
secret_dependent_routine,382156607714000,382156607725500,11500,before
secret_dependent_routine,382156607726700,382156607727400,700,before
secret_dependent_routine,382156607728700,382156607740400,11700,before
secret_dependent_routine,382156607741900,382156607742600,700,before
secret_dependent_routine,382156607745500,382156607756900,11400,before
secret_dependent_routine,382156607758200,382156607760200,2000,before
secret_dependent_routine,382156607761500,382156607773300,11800,before
secret_dependent_routine,382156607775900,382156607776500,600,before
secret_dependent_routine,382156607777700,382156607787800,10100,before
secret_dependent_routine,382156607789000,382156607789600,600,before
secret_dependent_routine,382156607790700,382156607800800,10100,before
secret_dependent_routine,382156607801800,382156607802500,700,before
secret_dependent_routine,382156607803600,382156607813500,9900,before
secret_dependent_routine,382156607814600,382156607815200,600,before
secret_dependent_routine,382156607816300,382156607826200,9900,before
secret_dependent_routine,382156607828400,382156607829100,700,before
secret_dependent_routine,382156607830200,382156607840500,10300,before
secret_dependent_routine,382156607841600,382156607842200,600,before
secret_dependent_routine,382156607843200,382156607853300,10100,before
secret_dependent_routine,382156607854400,382156607855100,700,before
secret_dependent_routine,382156607856100,382156607865700,9600,before
secret_dependent_routine,382156607866700,382156607867300,600,before
secret_dependent_routine,382156607868400,382156607878400,10000,before
secret_dependent_routine,382156607879600,382156607880200,600,before
secret_dependent_routine,382156607881300,382156607891200,9900,before
secret_dependent_routine,382156607892300,382156607892900,600,before
secret_dependent_routine,382156607894000,382156607904100,10100,before
secret_dependent_routine,382156607905200,382156607905800,600,before
secret_dependent_routine,382156607906900,382156607916600,9700,before
secret_dependent_routine,382156607917700,382156607918300,600,before
secret_dependent_routine,382156607919300,382156607929500,10200,before
secret_dependent_routine,382156607930600,382156607931200,600,before
secret_dependent_routine,382156607932200,382156607942500,10300,before
secret_dependent_routine,382156607943500,382156607944100,600,before
secret_dependent_routine,382156607945200,382156607954800,9600,before
secret_dependent_routine,382156607955800,382156607956500,700,before
secret_dependent_routine,382156607957500,382156607967300,9800,before
secret_dependent_routine,382156607968300,382156607969000,700,before
secret_dependent_routine,382156607970100,382156607980200,10100,before
secret_dependent_routine,382156607981300,382156607982000,700,before
secret_dependent_routine,382156607984500,382156607995700,11200,before
secret_dependent_routine,382156607997000,382156607997700,700,before
secret_dependent_routine,382156607999000,382156608010700,11700,before
secret_dependent_routine,382156608011900,382156608012600,700,before
secret_dependent_routine,382156608013800,382156608025400,11600,before
secret_dependent_routine,382156608026600,382156608027400,800,before
secret_dependent_routine,382156608028800,382156608040500,11700,before
secret_dependent_routine,382156608041700,382156608044200,2500,before
secret_dependent_routine,382156608045500,382156608057400,11900,before
secret_dependent_routine,382156608058700,382156608059400,700,before
secret_dependent_routine,382156608060700,382156608072500,11800,before
secret_dependent_routine,382156608073800,382156608074600,800,before
secret_dependent_routine,382156608075900,382156608088000,12100,before
secret_dependent_routine,382156608089200,382156608090000,800,before
secret_dependent_routine,382156608091300,382156608103200,11900,before
secret_dependent_routine,382156608104700,382156608105400,700,before
secret_dependent_routine,382156608106600,382156608118800,12200,before
secret_dependent_routine,382156608120100,382156608120800,700,before
secret_dependent_routine,382156608123400,382156608135200,11800,before
secret_dependent_routine,382156608136600,382156608137400,800,before
secret_dependent_routine,382156608138700,382156608150100,11400,before
secret_dependent_routine,382156608151300,382156608152100,800,before
secret_dependent_routine,382156608153400,382156608165500,12100,before
secret_dependent_routine,382156608166700,382156608167500,800,before
secret_dependent_routine,382156608168700,382156608181000,12300,before
secret_dependent_routine,382156608182300,382156608183100,800,before
secret_dependent_routine,382156608184400,382156608196900,12500,before
secret_dependent_routine,382156608198200,382156608199000,800,before
secret_dependent_routine,382156608200200,382156608212600,12400,before
secret_dependent_routine,382156608213900,382156608214700,800,before
secret_dependent_routine,382156608215900,382156608228300,12400,before
secret_dependent_routine,382156608229700,382156608230400,700,before
secret_dependent_routine,382156608231600,382156608244100,12500,before
secret_dependent_routine,382156608245400,382156608246100,700,before
secret_dependent_routine,382156608247400,382156608259800,12400,before
secret_dependent_routine,382156608261100,382156608261800,700,before
secret_dependent_routine,382156608264400,382156608276100,11700,before
secret_dependent_routine,382156608277400,382156608278200,800,before
secret_dependent_routine,382156608279400,382156608290800,11400,before
secret_dependent_routine,382156608292000,382156608292700,700,before
secret_dependent_routine,382156608294000,382156608305200,11200,before
secret_dependent_routine,382156608306300,382156608306900,600,before
secret_dependent_routine,382156608307900,382156608317900,10000,before
secret_dependent_routine,382156608319000,382156608319600,600,before
secret_dependent_routine,382156608320600,382156608330800,10200,before
secret_dependent_routine,382156608331900,382156608332600,700,before
secret_dependent_routine,382156608333600,382156608344200,10600,before
secret_dependent_routine,382156608345300,382156608345900,600,before
secret_dependent_routine,382156608346900,382156608357100,10200,before
secret_dependent_routine,382156608358200,382156608358800,600,before
secret_dependent_routine,382156608359800,382156608372300,12500,before
secret_dependent_routine,382156608373600,382156608374300,700,before
secret_dependent_routine,382156608375400,382156608385300,9900,before
secret_dependent_routine,382156608386500,382156608387100,600,before
secret_dependent_routine,382156608388200,382156608398000,9800,before
secret_dependent_routine,382156608399200,382156608399800,600,before
secret_dependent_routine,382156608401000,382156608410700,9700,before
secret_dependent_routine,382156608411800,382156608412400,600,before
secret_dependent_routine,382156608413400,382156608425000,11600,before
secret_dependent_routine,382156608426300,382156608427000,700,before
secret_dependent_routine,382156608428300,382156608440100,11800,before
secret_dependent_routine,382156608443400,382156608444700,1300,before
secret_dependent_routine,382156608446900,382156608463900,17000,before
secret_dependent_routine,382156608466100,382156608467200,1100,before
secret_dependent_routine,382156608469000,382156608488800,19800,before
secret_dependent_routine,382156608490500,382156608491400,900,before
secret_dependent_routine,382156608492800,382156608504200,11400,before
secret_dependent_routine,382156608505500,382156608506300,800,before
secret_dependent_routine,382156608507500,382156608519000,11500,before
secret_dependent_routine,382156608520300,382156608521000,700,before
secret_dependent_routine,382156608522300,382156608533800,11500,before
secret_dependent_routine,382156608535100,382156608535800,700,before
secret_dependent_routine,382156608537200,382156608548800,11600,before
secret_dependent_routine,382156608551500,382156608552300,800,before
secret_dependent_routine,382156608553600,382156608565300,11700,before
secret_dependent_routine,382156608566700,382156608567400,700,before
secret_dependent_routine,382156608568700,382156608580900,12200,before
secret_dependent_routine,382156608582300,382156608583000,700,before
secret_dependent_routine,382156608584400,382156608596100,11700,before
secret_dependent_routine,382156608597400,382156608598100,700,before
secret_dependent_routine,382156608599400,382156608611000,11600,before
secret_dependent_routine,382156608612400,382156608613100,700,before
secret_dependent_routine,382156608614500,382156608626100,11600,before
secret_dependent_routine,382156608627300,382156608628100,800,before
secret_dependent_routine,382156608629200,382156608640600,11400,before
secret_dependent_routine,382156608642200,382156608642900,700,before
secret_dependent_routine,382156608644300,382156608656100,11800,before
secret_dependent_routine,382156608657400,382156608658100,700,before
secret_dependent_routine,382156608659300,382156608670600,11300,before
secret_dependent_routine,382156608671900,382156608672600,700,before
secret_dependent_routine,382156608673900,382156608685500,11600,before
secret_dependent_routine,382156608687000,382156608687700,700,before
secret_dependent_routine,382156608688900,382156608702000,13100,before
secret_dependent_routine,382156608703500,382156608704300,800,before
secret_dependent_routine,382156608705600,382156608717300,11700,before
secret_dependent_routine,382156608718600,382156608719400,800,before
secret_dependent_routine,382156608720700,382156608732600,11900,before
secret_dependent_routine,382156608734000,382156608734700,700,before
secret_dependent_routine,382156608736000,382156608747600,11600,before
secret_dependent_routine,382156608749000,382156608749700,700,before
secret_dependent_routine,382156608751000,382156608762800,11800,before
secret_dependent_routine,382156608764100,382156608764800,700,before
secret_dependent_routine,382156608766000,382156608777800,11800,before
secret_dependent_routine,382156608780300,382156608781100,800,before
secret_dependent_routine,382156608782400,382156608795900,13500,before
secret_dependent_routine,382156608797000,382156608797700,700,before
secret_dependent_routine,382156608798700,382156608809300,10600,before
secret_dependent_routine,382156608810500,382156608811100,600,before
secret_dependent_routine,382156608812100,382156608822700,10600,before
secret_dependent_routine,382156608825100,382156608825800,700,before
secret_dependent_routine,382156608826800,382156608836800,10000,before
secret_dependent_routine,382156608837900,382156608838500,600,before
secret_dependent_routine,382156608839600,382156608849500,9900,before
secret_dependent_routine,382156608850500,382156608851100,600,before
secret_dependent_routine,382156608852200,382156608862500,10300,before
secret_dependent_routine,382156608863700,382156608864400,700,before
secret_dependent_routine,382156608865400,382156608875200,9800,before
secret_dependent_routine,382156608876300,382156608876900,600,before
secret_dependent_routine,382156608878000,382156608888100,10100,before
secret_dependent_routine,382156608889200,382156608889700,500,before
secret_dependent_routine,382156608890800,382156608900900,10100,before
secret_dependent_routine,382156608901900,382156608902500,600,before
secret_dependent_routine,382156608903600,382156608913900,10300,before
secret_dependent_routine,382156608914900,382156608915600,700,before
secret_dependent_routine,382156608916600,382156608926200,9600,before
secret_dependent_routine,382156608927300,382156608927900,600,before
secret_dependent_routine,382156608929000,382156608939100,10100,before
secret_dependent_routine,382156608940200,382156608940800,600,before
secret_dependent_routine,382156608941800,382156608951900,10100,before
secret_dependent_routine,382156608953000,382156608953600,600,before
secret_dependent_routine,382156608954600,382156608964400,9800,before
secret_dependent_routine,382156608965600,382156608966200,600,before
secret_dependent_routine,382156608967200,382156608977200,10000,before
secret_dependent_routine,382156608978300,382156608978900,600,before
secret_dependent_routine,382156608979900,382156608990600,10700,before
secret_dependent_routine,382156608991900,382156608993900,2000,before
secret_dependent_routine,382156608995400,382156609007100,11700,before
secret_dependent_routine,382156609008400,382156609009200,800,before
secret_dependent_routine,382156609010400,382156609022200,11800,before
secret_dependent_routine,382156609023500,382156609024400,900,before
secret_dependent_routine,382156609027700,382156609039800,12100,before
secret_dependent_routine,382156609041100,382156609041800,700,before
secret_dependent_routine,382156609043100,382156609055000,11900,before
secret_dependent_routine,382156609056300,382156609057000,700,before
secret_dependent_routine,382156609058200,382156609070500,12300,before
secret_dependent_routine,382156609074300,382156609075200,900,before
secret_dependent_routine,382156609076600,382156609090300,13700,before
secret_dependent_routine,382156609091700,382156609092500,800,before
secret_dependent_routine,382156609093800,382156609107300,13500,before
secret_dependent_routine,382156609108700,382156609109400,700,before
secret_dependent_routine,382156609110700,382156609124100,13400,before
secret_dependent_routine,382156609125400,382156609126200,800,before
secret_dependent_routine,382156609127400,382156609140900,13500,before
secret_dependent_routine,382156609142100,382156609143000,900,before
secret_dependent_routine,382156609144200,382156609157900,13700,before
secret_dependent_routine,382156609159200,382156609160000,800,before
secret_dependent_routine,382156609161200,382156609174700,13500,before
secret_dependent_routine,382156609176000,382156609176900,900,before
secret_dependent_routine,382156609178100,382156609191500,13400,before
secret_dependent_routine,382156609192800,382156609193600,800,before
secret_dependent_routine,382156609194800,382156609208400,13600,before
secret_dependent_routine,382156609209700,382156609210500,800,before
secret_dependent_routine,382156609211800,382156609225500,13700,before
secret_dependent_routine,382156609226900,382156609227800,900,before
secret_dependent_routine,382156609229100,382156609242600,13500,before
secret_dependent_routine,382156609243800,382156609244600,800,before
secret_dependent_routine,382156609245800,382156609259600,13800,before
secret_dependent_routine,382156609260900,382156609261700,800,before
secret_dependent_routine,382156609262900,382156609276400,13500,before
secret_dependent_routine,382156609277700,382156609278500,800,before
secret_dependent_routine,382156609279700,382156609293600,13900,before
secret_dependent_routine,382156609294800,382156609295400,600,before
secret_dependent_routine,382156609296600,382156609308000,11400,before
secret_dependent_routine,382156609309100,382156609309800,700,before
secret_dependent_routine,382156609310900,382156609322400,11500,before
secret_dependent_routine,382156609323500,382156609324200,700,before
secret_dependent_routine,382156609325200,382156609336600,11400,before
secret_dependent_routine,382156609337800,382156609339500,1700,before
secret_dependent_routine,382156609340700,382156609350600,9900,before
secret_dependent_routine,382156609351700,382156609352400,700,before
secret_dependent_routine,382156609353500,382156609363600,10100,before
secret_dependent_routine,382156609365800,382156609366500,700,before
secret_dependent_routine,382156609367600,382156609377700,10100,before
secret_dependent_routine,382156609378700,382156609379300,600,before
secret_dependent_routine,382156609380400,382156609390200,9800,before
secret_dependent_routine,382156609391200,382156609391800,600,before
secret_dependent_routine,382156609392900,382156609403000,10100,before
secret_dependent_routine,382156609404400,382156609405000,600,before
secret_dependent_routine,382156609407100,382156609417100,10000,before
secret_dependent_routine,382156609418400,382156609419000,600,before
secret_dependent_routine,382156609420200,382156609430100,9900,before
secret_dependent_routine,382156609431200,382156609431700,500,before
secret_dependent_routine,382156609432800,382156609442800,10000,before
secret_dependent_routine,382156609443900,382156609444500,600,before
secret_dependent_routine,382156609445600,382156609455500,9900,before
secret_dependent_routine,382156609456600,382156609457200,600,before
secret_dependent_routine,382156609458300,382156609468300,10000,before
secret_dependent_routine,382156609469300,382156609470000,700,before
secret_dependent_routine,382156609471000,382156609481000,10000,before
secret_dependent_routine,382156609482100,382156609482700,600,before
secret_dependent_routine,382156609483700,382156609493400,9700,before
secret_dependent_routine,382156609494500,382156609495100,600,before
secret_dependent_routine,382156609496200,382156609506200,10000,before
secret_dependent_routine,382156609507300,382156609507900,600,before
secret_dependent_routine,382156609508900,382156609518900,10000,before
secret_dependent_routine,382156609520000,382156609520600,600,before
secret_dependent_routine,382156609521700,382156609531600,9900,before
secret_dependent_routine,382156609532700,382156609533300,600,before
secret_dependent_routine,382156609534400,382156609544300,9900,before
secret_dependent_routine,382156609545400,382156609546000,600,before
secret_dependent_routine,382156609547100,382156609557700,10600,before
secret_dependent_routine,382156609558900,382156609559500,600,before
secret_dependent_routine,382156609560500,382156609570500,10000,before
secret_dependent_routine,382156609571700,382156609572400,700,before
secret_dependent_routine,382156609573400,382156609583500,10100,before
secret_dependent_routine,382156609584500,382156609585100,600,before
secret_dependent_routine,382156609586200,382156609596300,10100,before
secret_dependent_routine,382156609597400,382156609598000,600,before
secret_dependent_routine,382156609600200,382156609610300,10100,before
secret_dependent_routine,382156609611400,382156609612000,600,before
secret_dependent_routine,382156609613100,382156609630000,16900,before
secret_dependent_routine,382156609631600,382156609632400,800,before
secret_dependent_routine,382156609633700,382156609643700,10000,before
secret_dependent_routine,382156609644800,382156609645400,600,before
secret_dependent_routine,382156609646500,382156609656400,9900,before
secret_dependent_routine,382156609657500,382156609658100,600,before
secret_dependent_routine,382156609659200,382156609669100,9900,before
secret_dependent_routine,382156609670200,382156609670900,700,before
secret_dependent_routine,382156609672000,382156609681900,9900,before
secret_dependent_routine,382156609683100,382156609683700,600,before
secret_dependent_routine,382156609684800,382156609695500,10700,before
secret_dependent_routine,382156609698700,382156609699400,700,before
secret_dependent_routine,382156609700500,382156609711000,10500,before
secret_dependent_routine,382156609712100,382156609712800,700,before
secret_dependent_routine,382156609713900,382156609724100,10200,before
secret_dependent_routine,382156609725200,382156609725800,600,before
secret_dependent_routine,382156609726900,382156609737500,10600,before
secret_dependent_routine,382156609738600,382156609739300,700,before
secret_dependent_routine,382156609740300,382156609751100,10800,before
secret_dependent_routine,382156609752200,382156609752900,700,before
secret_dependent_routine,382156609754000,382156609764800,10800,before
secret_dependent_routine,382156609765900,382156609766500,600,before
secret_dependent_routine,382156609767500,382156609778100,10600,before
secret_dependent_routine,382156609779200,382156609779900,700,before
secret_dependent_routine,382156609781100,382156609791800,10700,before
secret_dependent_routine,382156609793000,382156609793700,700,before
secret_dependent_routine,382156609794800,382156609805600,10800,before
secret_dependent_routine,382156609806700,382156609807300,600,before
secret_dependent_routine,382156609808400,382156609819200,10800,before
secret_dependent_routine,382156609820300,382156609821100,800,before
secret_dependent_routine,382156609822100,382156609832900,10800,before
secret_dependent_routine,382156609834000,382156609834600,600,before
secret_dependent_routine,382156609835800,382156609846600,10800,before
secret_dependent_routine,382156609847600,382156609848300,700,before
secret_dependent_routine,382156609850800,382156609860900,10100,before
secret_dependent_routine,382156609862000,382156609862600,600,before
secret_dependent_routine,382156609863700,382156609873300,9600,before
secret_dependent_routine,382156609874500,382156609875100,600,before
secret_dependent_routine,382156609876200,382156609886200,10000,before
secret_dependent_routine,382156609887300,382156609887900,600,before
secret_dependent_routine,382156609889100,382156609898600,9500,before
secret_dependent_routine,382156609899800,382156609900400,600,before
secret_dependent_routine,382156609901400,382156609912400,11000,before
secret_dependent_routine,382156609913500,382156609914200,700,before
secret_dependent_routine,382156609915200,382156609925300,10100,before
secret_dependent_routine,382156609926400,382156609927000,600,before
secret_dependent_routine,382156609928100,382156609938300,10200,before
secret_dependent_routine,382156609939400,382156609940000,600,before
secret_dependent_routine,382156609941100,382156609951300,10200,before
secret_dependent_routine,382156609952400,382156609953000,600,before
secret_dependent_routine,382156609954100,382156609964200,10100,before
secret_dependent_routine,382156609965400,382156609966000,600,before
secret_dependent_routine,382156609967100,382156609977200,10100,before
secret_dependent_routine,382156609979500,382156609980200,700,before
secret_dependent_routine,382156609981300,382156609993000,11700,before
secret_dependent_routine,382156609994300,382156609995100,800,before
secret_dependent_routine,382156609996300,382156610008800,12500,before
secret_dependent_routine,382156610010100,382156610010800,700,before
secret_dependent_routine,382156610012100,382156610025000,12900,before
secret_dependent_routine,382156610026400,382156610027100,700,before
secret_dependent_routine,382156610028300,382156610041100,12800,before
secret_dependent_routine,382156610042500,382156610043200,700,before
secret_dependent_routine,382156610044500,382156610057200,12700,before
secret_dependent_routine,382156610058500,382156610059300,800,before
secret_dependent_routine,382156610060500,382156610073100,12600,before
secret_dependent_routine,382156610074500,382156610075400,900,before
secret_dependent_routine,382156610076600,382156610089300,12700,before
secret_dependent_routine,382156610090600,382156610091400,800,before
secret_dependent_routine,382156610092600,382156610105500,12900,before
secret_dependent_routine,382156610106900,382156610107700,800,before
secret_dependent_routine,382156610110900,382156610122500,11600,before
secret_dependent_routine,382156610123900,382156610124700,800,before
secret_dependent_routine,382156610125900,382156610137500,11600,before
secret_dependent_routine,382156610138800,382156610139500,700,before
secret_dependent_routine,382156610140700,382156610152300,11600,before
secret_dependent_routine,382156610153600,382156610154400,800,before
secret_dependent_routine,382156610155600,382156610167300,11700,before
secret_dependent_routine,382156610168600,382156610169300,700,before
secret_dependent_routine,382156610170500,382156610182200,11700,before
secret_dependent_routine,382156610183400,382156610184100,700,before
secret_dependent_routine,382156610185400,382156610196900,11500,before
secret_dependent_routine,382156610198100,382156610198800,700,before
secret_dependent_routine,382156610200000,382156610211500,11500,before
secret_dependent_routine,382156610212700,382156610213400,700,before
secret_dependent_routine,382156610214700,382156610226400,11700,before
secret_dependent_routine,382156610227700,382156610229700,2000,before
secret_dependent_routine,382156610230900,382156610242200,11300,before
secret_dependent_routine,382156610243500,382156610244200,700,before
secret_dependent_routine,382156610245500,382156610257800,12300,before
secret_dependent_routine,382156610259000,382156610259800,800,before
secret_dependent_routine,382156610261000,382156610273600,12600,before
secret_dependent_routine,382156610275000,382156610275700,700,before
secret_dependent_routine,382156610277000,382156610290600,13600,before
secret_dependent_routine,382156610291900,382156610292500,600,before
secret_dependent_routine,382156610293500,382156610304200,10700,before
secret_dependent_routine,382156610306400,382156610307100,700,before
secret_dependent_routine,382156610308200,382156610318100,9900,before
secret_dependent_routine,382156610319200,382156610319800,600,before
secret_dependent_routine,382156610320900,382156610330600,9700,before
secret_dependent_routine,382156610331600,382156610332400,800,before
secret_dependent_routine,382156610333400,382156610343200,9800,before
secret_dependent_routine,382156610344300,382156610344900,600,before
secret_dependent_routine,382156610346000,382156610356100,10100,before
secret_dependent_routine,382156610357200,382156610357900,700,before
secret_dependent_routine,382156610359000,382156610368600,9600,before
secret_dependent_routine,382156610369700,382156610370300,600,before
secret_dependent_routine,382156610372700,382156610382700,10000,before
secret_dependent_routine,382156610383900,382156610384500,600,before
secret_dependent_routine,382156610385700,382156610395600,9900,before
secret_dependent_routine,382156610396600,382156610397200,600,before
secret_dependent_routine,382156610398300,382156610408600,10300,before
secret_dependent_routine,382156610409900,382156610410500,600,before
secret_dependent_routine,382156610411500,382156610421700,10200,before
secret_dependent_routine,382156610422800,382156610423400,600,before
secret_dependent_routine,382156610424500,382156610434900,10400,before
secret_dependent_routine,382156610436200,382156610436800,600,before
secret_dependent_routine,382156610437900,382156610447600,9700,before
secret_dependent_routine,382156610448600,382156610449300,700,before
secret_dependent_routine,382156610450400,382156610460500,10100,before
secret_dependent_routine,382156610461500,382156610462100,600,before
secret_dependent_routine,382156610463200,382156610473200,10000,before
secret_dependent_routine,382156610474300,382156610475000,700,before
secret_dependent_routine,382156610476100,382156610485700,9600,before
secret_dependent_routine,382156610486700,382156610487400,700,before
secret_dependent_routine,382156610488400,382156610498500,10100,before
secret_dependent_routine,382156610499600,382156610500200,600,before
secret_dependent_routine,382156610501300,382156610511400,10100,before
secret_dependent_routine,382156610512400,382156610514100,1700,before
secret_dependent_routine,382156610515200,382156610525200,10000,before
secret_dependent_routine,382156610526300,382156610526900,600,before
secret_dependent_routine,382156610528000,382156610538000,10000,before
secret_dependent_routine,382156610539100,382156610539700,600,before
secret_dependent_routine,382156610540800,382156610551400,10600,before
secret_dependent_routine,382156610552500,382156610553200,700,before
secret_dependent_routine,382156610554200,382156610564900,10700,before
secret_dependent_routine,382156610565900,382156610566500,600,before
secret_dependent_routine,382156610567600,382156610578200,10600,before
secret_dependent_routine,382156610579200,382156610579800,600,before
secret_dependent_routine,382156610619100,382156610629800,10700,before
secret_dependent_routine,382156610631100,382156610631800,700,before
secret_dependent_routine,382156610632900,382156610643800,10900,before
secret_dependent_routine,382156610644800,382156610645500,700,before
secret_dependent_routine,382156610646700,382156610657600,10900,before
secret_dependent_routine,382156610660300,382156610660900,600,before
secret_dependent_routine,382156610662100,382156610672300,10200,before
secret_dependent_routine,382156610673400,382156610674000,600,before
secret_dependent_routine,382156610675100,382156610685200,10100,before
secret_dependent_routine,382156610686300,382156610686900,600,before
secret_dependent_routine,382156610688100,382156610698000,9900,before
secret_dependent_routine,382156610699200,382156610699900,700,before
secret_dependent_routine,382156610701000,382156610711000,10000,before
secret_dependent_routine,382156610712100,382156610712700,600,before
secret_dependent_routine,382156610713800,382156610723700,9900,before
secret_dependent_routine,382156610724800,382156610725400,600,before
secret_dependent_routine,382156610726500,382156610736400,9900,before
secret_dependent_routine,382156610737500,382156610738100,600,before
secret_dependent_routine,382156610739200,382156610749200,10000,before
secret_dependent_routine,382156610750300,382156610750900,600,before
secret_dependent_routine,382156610752000,382156610761900,9900,before
secret_dependent_routine,382156610763000,382156610763600,600,before
secret_dependent_routine,382156610764800,382156610775200,10400,before
secret_dependent_routine,382156610776200,382156610776800,600,before
secret_dependent_routine,382156610777900,382156610788600,10700,before
secret_dependent_routine,382156610789600,382156610790300,700,before
secret_dependent_routine,382156610791300,382156610801600,10300,before
secret_dependent_routine,382156610802600,382156610803300,700,before
secret_dependent_routine,382156610804300,382156610814500,10200,before
secret_dependent_routine,382156610815500,382156610816100,600,before
secret_dependent_routine,382156610817200,382156610827500,10300,before
secret_dependent_routine,382156610828600,382156610829200,600,before
secret_dependent_routine,382156610830200,382156610842800,12600,before
secret_dependent_routine,382156610844100,382156610844700,600,before
secret_dependent_routine,382156610845800,382156610855900,10100,before
secret_dependent_routine,382156610857000,382156610857600,600,before
secret_dependent_routine,382156610858700,382156610868700,10000,before
secret_dependent_routine,382156610869800,382156610870500,700,before
secret_dependent_routine,382156610871500,382156610881400,9900,before
secret_dependent_routine,382156610882500,382156610883100,600,before
secret_dependent_routine,382156610884300,382156610895900,11600,before
secret_dependent_routine,382156610898200,382156610898900,700,before
secret_dependent_routine,382156610900000,382156610910000,10000,before
secret_dependent_routine,382156610912300,382156610913000,700,before
secret_dependent_routine,382156610914100,382156610924700,10600,before
secret_dependent_routine,382156610925800,382156610926400,600,before
secret_dependent_routine,382156610927500,382156610938000,10500,before
secret_dependent_routine,382156610939100,382156610939800,700,before
secret_dependent_routine,382156610940900,382156610951600,10700,before
secret_dependent_routine,382156610952700,382156610953400,700,before
secret_dependent_routine,382156610954500,382156610965500,11000,before
secret_dependent_routine,382156610966600,382156610967300,700,before
secret_dependent_routine,382156610968300,382156610978900,10600,before
secret_dependent_routine,382156610980000,382156610980600,600,before
secret_dependent_routine,382156610981700,382156610992600,10900,before
secret_dependent_routine,382156610993800,382156610994600,800,before
secret_dependent_routine,382156610995900,382156611008400,12500,before
secret_dependent_routine,382156611009600,382156611010300,700,before
secret_dependent_routine,382156611011500,382156611024300,12800,before
secret_dependent_routine,382156611025600,382156611026400,800,before
secret_dependent_routine,382156611027600,382156611040200,12600,before
secret_dependent_routine,382156611041400,382156611042200,800,before
secret_dependent_routine,382156611043400,382156611055900,12500,before
secret_dependent_routine,382156611057100,382156611057900,800,before
secret_dependent_routine,382156611059200,382156611071800,12600,before
secret_dependent_routine,382156611073000,382156611073800,800,before
secret_dependent_routine,382156611075000,382156611087500,12500,before
secret_dependent_routine,382156611088800,382156611089500,700,before
secret_dependent_routine,382156611090700,382156611103200,12500,before
secret_dependent_routine,382156611104400,382156611105200,800,before
secret_dependent_routine,382156611106400,382156611118800,12400,before
secret_dependent_routine,382156611120100,382156611120800,700,before
secret_dependent_routine,382156611122100,382156611134500,12400,before
secret_dependent_routine,382156611135700,382156611136500,800,before
secret_dependent_routine,382156611137700,382156611150600,12900,before
secret_dependent_routine,382156611152000,382156611152700,700,before
secret_dependent_routine,382156611154000,382156611165900,11900,before
secret_dependent_routine,382156611168400,382156611169200,800,before
secret_dependent_routine,382156611170500,382156611182000,11500,before
secret_dependent_routine,382156611183300,382156611184100,800,before
secret_dependent_routine,382156611185300,382156611196600,11300,before
secret_dependent_routine,382156611197900,382156611198600,700,before
secret_dependent_routine,382156611199800,382156611211100,11300,before
secret_dependent_routine,382156611212500,382156611213300,800,before
secret_dependent_routine,382156611214600,382156611226300,11700,before
secret_dependent_routine,382156611229200,382156611230000,800,before
secret_dependent_routine,382156611231300,382156611242900,11600,before
secret_dependent_routine,382156611244200,382156611245100,900,before
secret_dependent_routine,382156611246300,382156611257800,11500,before
secret_dependent_routine,382156611259200,382156611260000,800,before
secret_dependent_routine,382156611261300,382156611273800,12500,before
secret_dependent_routine,382156611275100,382156611276000,900,before
secret_dependent_routine,382156611277200,382156611289200,12000,before
secret_dependent_routine,382156611290400,382156611291100,700,before
secret_dependent_routine,382156611292400,382156611303900,11500,before
secret_dependent_routine,382156611305200,382156611305900,700,before
secret_dependent_routine,382156611307300,382156611319200,11900,before
secret_dependent_routine,382156611320500,382156611321300,800,before
secret_dependent_routine,382156611322600,382156611335600,13000,before
secret_dependent_routine,382156611336900,382156611337600,700,before
secret_dependent_routine,382156611338800,382156611350800,12000,before
secret_dependent_routine,382156611352500,382156611353200,700,before
secret_dependent_routine,382156611354500,382156611366500,12000,before
secret_dependent_routine,382156611367700,382156611368600,900,before
secret_dependent_routine,382156611369800,382156611381700,11900,before
secret_dependent_routine,382156611383000,382156611383700,700,before
secret_dependent_routine,382156611385000,382156611397000,12000,before
secret_dependent_routine,382156611398500,382156611399200,700,before
secret_dependent_routine,382156611400500,382156611412400,11900,before
secret_dependent_routine,382156611413700,382156611414400,700,before
secret_dependent_routine,382156611415700,382156611427900,12200,before
secret_dependent_routine,382156611429200,382156611430000,800,before
secret_dependent_routine,382156611431200,382156611443100,11900,before
secret_dependent_routine,382156611445900,382156611446700,800,before
secret_dependent_routine,382156611448000,382156611459700,11700,before
secret_dependent_routine,382156611461100,382156611461800,700,before
secret_dependent_routine,382156611463100,382156611474900,11800,before
secret_dependent_routine,382156611476500,382156611478600,2100,before
secret_dependent_routine,382156611479900,382156611491900,12000,before
secret_dependent_routine,382156611493400,382156611494100,700,before
secret_dependent_routine,382156611495400,382156611507100,11700,before
secret_dependent_routine,382156611512600,382156611513300,700,before
secret_dependent_routine,382156611514600,382156611526000,11400,before
secret_dependent_routine,382156611527200,382156611528000,800,before
secret_dependent_routine,382156611529300,382156611540600,11300,before
secret_dependent_routine,382156611541800,382156611542600,800,before
secret_dependent_routine,382156611543800,382156611555100,11300,before
secret_dependent_routine,382156611557500,382156611558300,800,before
secret_dependent_routine,382156611559600,382156611571100,11500,before
secret_dependent_routine,382156611572500,382156611573200,700,before
secret_dependent_routine,382156611574400,382156611586000,11600,before
secret_dependent_routine,382156611587400,382156611588100,700,before
secret_dependent_routine,382156611589400,382156611601000,11600,before
secret_dependent_routine,382156611602200,382156611602900,700,before
secret_dependent_routine,382156611604100,382156611615600,11500,before
secret_dependent_routine,382156611616900,382156611617500,600,before
secret_dependent_routine,382156611618800,382156611634000,15200,before
secret_dependent_routine,382156611635800,382156611636700,900,before
secret_dependent_routine,382156611638000,382156611649400,11400,before
secret_dependent_routine,382156611650700,382156611651400,700,before
secret_dependent_routine,382156611652600,382156611664000,11400,before
secret_dependent_routine,382156611665300,382156611666000,700,before
secret_dependent_routine,382156611667300,382156611684800,17500,before
secret_dependent_routine,382156611686700,382156611687800,1100,before
secret_dependent_routine,382156611689400,382156611705900,16500,before
secret_dependent_routine,382156611708100,382156611709000,900,before
secret_dependent_routine,382156611710600,382156611731200,20600,before
secret_dependent_routine,382156611733000,382156611734300,1300,before
secret_dependent_routine,382156611736600,382156611749100,12500,before
secret_dependent_routine,382156611751400,382156611752500,1100,before
secret_dependent_routine,382156611756000,382156611773500,17500,before
secret_dependent_routine,382156611775300,382156611776300,1000,before
secret_dependent_routine,382156611778300,382156611796000,17700,before
secret_dependent_routine,382156611798400,382156611799500,1100,before
secret_dependent_routine,382156611801500,382156611817100,15600,before
secret_dependent_routine,382156611818500,382156611819200,700,before
secret_dependent_routine,382156611820500,382156611831900,11400,before
secret_dependent_routine,382156611833200,382156611833900,700,before
secret_dependent_routine,382156611835100,382156611846500,11400,before
secret_dependent_routine,382156611847800,382156611850000,2200,before
secret_dependent_routine,382156611851400,382156611863200,11800,before
secret_dependent_routine,382156611864600,382156611865300,700,before
secret_dependent_routine,382156611866700,382156611878800,12100,before
secret_dependent_routine,382156611880100,382156611880900,800,before
secret_dependent_routine,382156611882100,382156611894000,11900,before
secret_dependent_routine,382156611895300,382156611896000,700,before
secret_dependent_routine,382156611897200,382156611909300,12100,before
secret_dependent_routine,382156611910600,382156611911300,700,before
secret_dependent_routine,382156611912700,382156611924600,11900,before
secret_dependent_routine,382156611925900,382156611926700,800,before
secret_dependent_routine,382156611929200,382156611940800,11600,before
secret_dependent_routine,382156611942100,382156611942800,700,before
secret_dependent_routine,382156611944000,382156611955400,11400,before
secret_dependent_routine,382156611956600,382156611957300,700,before
secret_dependent_routine,382156611959500,382156611983200,23700,before
secret_dependent_routine,382156611986200,382156611987800,1600,before
secret_dependent_routine,382156611991000,382156612025100,34100,before
secret_dependent_routine,382156612028200,382156612029600,1400,before
secret_dependent_routine,382156612032600,382156612066100,33500,before
secret_dependent_routine,382156612069300,382156612070900,1600,before
secret_dependent_routine,382156612073900,382156612093200,19300,before
secret_dependent_routine,382156612095200,382156612096200,1000,before
secret_dependent_routine,382156612098000,382156612113500,15500,before
secret_dependent_routine,382156612115500,382156612116600,1100,before
secret_dependent_routine,382156612118100,382156612134500,16400,before
secret_dependent_routine,382156612136200,382156612137300,1100,before
secret_dependent_routine,382156612141400,382156612161700,20300,before
secret_dependent_routine,382156612163800,382156612164900,1100,before
secret_dependent_routine,382156612166600,382156612184300,17700,before
secret_dependent_routine,382156612186300,382156612187800,1500,before
secret_dependent_routine,382156612189800,382156612222000,32200,before
secret_dependent_routine,382156612224900,382156612226100,1200,before
secret_dependent_routine,382156612228100,382156612247200,19100,before
secret_dependent_routine,382156612249200,382156612250400,1200,before
secret_dependent_routine,382156612255400,382156612275400,20000,before
secret_dependent_routine,382156612277600,382156612279200,1600,before
secret_dependent_routine,382156612282200,382156612305700,23500,before
secret_dependent_routine,382156612308000,382156612309400,1400,before
secret_dependent_routine,382156612311500,382156612337900,26400,before
secret_dependent_routine,382156612340100,382156612341200,1100,before
secret_dependent_routine,382156612343100,382156612363400,20300,before
secret_dependent_routine,382156612366500,382156612368000,1500,before
secret_dependent_routine,382156612371000,382156612397400,26400,before
secret_dependent_routine,382156612400800,382156612401900,1100,before
secret_dependent_routine,382156612403500,382156612416900,13400,before
secret_dependent_routine,382156612490800,382156612497900,7100,before
secret_dependent_routine,382156612510000,382156612521700,11700,before
secret_dependent_routine,382156612524100,382156612525000,900,before
secret_dependent_routine,382156612526500,382156612537700,11200,before
secret_dependent_routine,382156612539200,382156612539900,700,before
secret_dependent_routine,382156612541200,382156612554700,13500,before
secret_dependent_routine,382156612556000,382156612556700,700,before
secret_dependent_routine,382156612558100,382156612570500,12400,before
secret_dependent_routine,382156612577200,382156612578000,800,before
secret_dependent_routine,382156612579400,382156612591100,11700,before
secret_dependent_routine,382156612592500,382156612593200,700,before
secret_dependent_routine,382156612594500,382156612606200,11700,before
secret_dependent_routine,382156612607500,382156612608200,700,before
secret_dependent_routine,382156612609500,382156612621200,11700,before
secret_dependent_routine,382156612622600,382156612623300,700,before
secret_dependent_routine,382156612624600,382156612636400,11800,before
secret_dependent_routine,382156612637800,382156612638600,800,before
secret_dependent_routine,382156612641500,382156612652800,11300,before
secret_dependent_routine,382156612654200,382156612654900,700,before
secret_dependent_routine,382156612656200,382156612667900,11700,before
secret_dependent_routine,382156612669200,382156612669900,700,before
secret_dependent_routine,382156612671200,382156612682400,11200,before
secret_dependent_routine,382156612683700,382156612684400,700,before
secret_dependent_routine,382156612685700,382156612697200,11500,before
secret_dependent_routine,382156612698400,382156612699200,800,before
secret_dependent_routine,382156612700500,382156612712100,11600,before
secret_dependent_routine,382156612713400,382156612714100,700,before
secret_dependent_routine,382156612715300,382156612726600,11300,before
secret_dependent_routine,382156612727800,382156612729100,1300,before
secret_dependent_routine,382156612731100,382156612752100,21000,before
secret_dependent_routine,382156612754100,382156612755400,1300,before
secret_dependent_routine,382156612757600,382156612772500,14900,before
secret_dependent_routine,382156612774000,382156612774800,800,before
secret_dependent_routine,382156612776200,382156612787700,11500,before
secret_dependent_routine,382156612789000,382156612789700,700,before
secret_dependent_routine,382156612791000,382156612802800,11800,before
secret_dependent_routine,382156612804100,382156612804800,700,before
secret_dependent_routine,382156612806000,382156612817600,11600,before
secret_dependent_routine,382156612819000,382156612820400,1400,before
secret_dependent_routine,382156612822500,382156612858300,35800,before
secret_dependent_routine,382156612869100,382156612873000,3900,before
secret_dependent_routine,382156612876800,382156612894300,17500,before
secret_dependent_routine,382156612896300,382156612897000,700,before
secret_dependent_routine,382156612898500,382156612909900,11400,before
secret_dependent_routine,382156612911300,382156612912100,800,before
secret_dependent_routine,382156612913400,382156612925400,12000,before
secret_dependent_routine,382156612926800,382156612927600,800,before
secret_dependent_routine,382156612928900,382156612940300,11400,before
secret_dependent_routine,382156612941600,382156612942400,800,before
secret_dependent_routine,382156612943600,382156612955100,11500,before
secret_dependent_routine,382156612960900,382156612962200,1300,before
secret_dependent_routine,382156612963900,382156612984300,20400,before
secret_dependent_routine,382156612986700,382156612988400,1700,before
secret_dependent_routine,382156612992100,382156613010600,18500,before
secret_dependent_routine,382156613012300,382156613013000,700,before
secret_dependent_routine,382156613014300,382156613025700,11400,before
secret_dependent_routine,382156613027000,382156613027700,700,before
secret_dependent_routine,382156613029000,382156613040800,11800,before
secret_dependent_routine,382156613042200,382156613042900,700,before
secret_dependent_routine,382156613044200,382156613055600,11400,before
secret_dependent_routine,382156613057000,382156613057700,700,before
secret_dependent_routine,382156613059000,382156613070400,11400,before
secret_dependent_routine,382156613071700,382156613072500,800,before
secret_dependent_routine,382156613073700,382156613085000,11300,before
secret_dependent_routine,382156613086300,382156613087000,700,before
secret_dependent_routine,382156613088300,382156613102000,13700,before
secret_dependent_routine,382156613103700,382156613104600,900,before
secret_dependent_routine,382156613105800,382156613117400,11600,before
secret_dependent_routine,382156613118700,382156613119400,700,before
secret_dependent_routine,382156613120600,382156613132200,11600,before
secret_dependent_routine,382156613133400,382156613134200,800,before
secret_dependent_routine,382156613135500,382156613147400,11900,before
secret_dependent_routine,382156613148700,382156613149500,800,before
secret_dependent_routine,382156613150700,382156613162300,11600,before
secret_dependent_routine,382156613163600,382156613164300,700,before
secret_dependent_routine,382156613165600,382156613178000,12400,before
secret_dependent_routine,382156613179200,382156613180000,800,before
secret_dependent_routine,382156613181200,382156613192300,11100,before
secret_dependent_routine,382156613193500,382156613194300,800,before
secret_dependent_routine,382156613195500,382156613206600,11100,before
secret_dependent_routine,382156613207800,382156613208500,700,before
secret_dependent_routine,382156613209700,382156613220800,11100,before
secret_dependent_routine,382156613222100,382156613224200,2100,before
secret_dependent_routine,382156613225600,382156613237600,12000,before
secret_dependent_routine,382156613238900,382156613239700,800,before
secret_dependent_routine,382156613240900,382156613252700,11800,before
secret_dependent_routine,382156613254000,382156613254700,700,before
secret_dependent_routine,382156613256000,382156613268500,12500,before
secret_dependent_routine,382156613269800,382156613270500,700,before
secret_dependent_routine,382156613271700,382156613284000,12300,before
secret_dependent_routine,382156613286700,382156613287500,800,before
secret_dependent_routine,382156613288800,382156613299800,11000,before
secret_dependent_routine,382156613302300,382156613303000,700,before
secret_dependent_routine,382156613304200,382156613315700,11500,before
secret_dependent_routine,382156613318900,382156613319500,600,before
secret_dependent_routine,382156613320600,382156613330600,10000,before
secret_dependent_routine,382156613331800,382156613332300,500,before
secret_dependent_routine,382156613333400,382156613343200,9800,before
secret_dependent_routine,382156613344300,382156613344900,600,before
secret_dependent_routine,382156613345900,382156613355700,9800,before
secret_dependent_routine,382156613356700,382156613357400,700,before
secret_dependent_routine,382156613358400,382156613368500,10100,before
secret_dependent_routine,382156613369600,382156613370200,600,before
secret_dependent_routine,382156613371300,382156613381100,9800,before
secret_dependent_routine,382156613382100,382156613382700,600,before
secret_dependent_routine,382156613383800,382156613393700,9900,before
secret_dependent_routine,382156613394800,382156613395500,700,before
secret_dependent_routine,382156613396600,382156613406500,9900,before
secret_dependent_routine,382156613407600,382156613408200,600,before
secret_dependent_routine,382156613409300,382156613419700,10400,before
secret_dependent_routine,382156613420800,382156613421500,700,before
secret_dependent_routine,382156613422600,382156613432900,10300,before
secret_dependent_routine,382156613434000,382156613434700,700,before
secret_dependent_routine,382156613435800,382156613446100,10300,before
secret_dependent_routine,382156613447100,382156613447800,700,before
secret_dependent_routine,382156613448800,382156613459000,10200,before
secret_dependent_routine,382156613460000,382156613460700,700,before
secret_dependent_routine,382156613461800,382156613472100,10300,before
secret_dependent_routine,382156613473200,382156613473800,600,before
secret_dependent_routine,382156613474900,382156613485000,10100,before
secret_dependent_routine,382156613486100,382156613486700,600,before
secret_dependent_routine,382156613487800,382156613498400,10600,before
secret_dependent_routine,382156613499600,382156613500200,600,before
secret_dependent_routine,382156613501300,382156613511800,10500,before
secret_dependent_routine,382156613512900,382156613514800,1900,before
secret_dependent_routine,382156613516000,382156613525900,9900,before
secret_dependent_routine,382156613528500,382156613529200,700,before
secret_dependent_routine,382156613530300,382156613540400,10100,before
secret_dependent_routine,382156613541500,382156613542100,600,before
secret_dependent_routine,382156613543100,382156613553300,10200,before
secret_dependent_routine,382156613554400,382156613555000,600,before
secret_dependent_routine,382156613556200,382156613566200,10000,before
secret_dependent_routine,382156613567400,382156613568000,600,before
secret_dependent_routine,382156613569000,382156613578700,9700,before
secret_dependent_routine,382156613579700,382156613580300,600,before
secret_dependent_routine,382156613582600,382156613592700,10100,before
secret_dependent_routine,382156613593900,382156613594500,600,before
secret_dependent_routine,382156613595600,382156613605600,10000,before
secret_dependent_routine,382156613606700,382156613607400,700,before
secret_dependent_routine,382156613608400,382156613618500,10100,before
secret_dependent_routine,382156613619600,382156613620200,600,before
secret_dependent_routine,382156613621300,382156613631400,10100,before
secret_dependent_routine,382156613632400,382156613633100,700,before
secret_dependent_routine,382156613634100,382156613644300,10200,before
secret_dependent_routine,382156613645500,382156613646100,600,before
secret_dependent_routine,382156613647200,382156613657400,10200,before
secret_dependent_routine,382156613658400,382156613659100,700,before
secret_dependent_routine,382156613660100,382156613670100,10000,before
secret_dependent_routine,382156613671200,382156613671800,600,before
secret_dependent_routine,382156613672800,382156613683100,10300,before
secret_dependent_routine,382156613684200,382156613684800,600,before
secret_dependent_routine,382156613685900,382156613696000,10100,before
secret_dependent_routine,382156613697000,382156613697600,600,before
secret_dependent_routine,382156613698600,382156613708600,10000,before
secret_dependent_routine,382156613709700,382156613710300,600,before
secret_dependent_routine,382156613711300,382156613721300,10000,before
secret_dependent_routine,382156613722400,382156613723100,700,before
secret_dependent_routine,382156613724200,382156613734100,9900,before
secret_dependent_routine,382156613735200,382156613735900,700,before
secret_dependent_routine,382156613736900,382156613747000,10100,before
secret_dependent_routine,382156613748200,382156613748800,600,before
secret_dependent_routine,382156613749900,382156613760000,10100,before
secret_dependent_routine,382156613762300,382156613763000,700,before
secret_dependent_routine,382156613764200,382156613774100,9900,before
secret_dependent_routine,382156613775200,382156613775800,600,before
secret_dependent_routine,382156613776900,382156613786800,9900,before
secret_dependent_routine,382156613788000,382156613788600,600,before
secret_dependent_routine,382156613789700,382156613802800,13100,before
secret_dependent_routine,382156613804400,382156613805200,800,before
secret_dependent_routine,382156613806400,382156613816400,10000,before
secret_dependent_routine,382156613817600,382156613818300,700,before
secret_dependent_routine,382156613819500,382156613829600,10100,before
secret_dependent_routine,382156613830700,382156613831400,700,before
secret_dependent_routine,382156613832500,382156613843100,10600,before
secret_dependent_routine,382156613844200,382156613844800,600,before
secret_dependent_routine,382156613845900,382156613856200,10300,before
secret_dependent_routine,382156613857300,382156613858000,700,before
secret_dependent_routine,382156613859100,382156613869800,10700,before
secret_dependent_routine,382156613872300,382156613872900,600,before
secret_dependent_routine,382156613874000,382156613884400,10400,before
secret_dependent_routine,382156613885400,382156613886100,700,before
secret_dependent_routine,382156613887100,382156613897100,10000,before
secret_dependent_routine,382156613898100,382156613898800,700,before
secret_dependent_routine,382156613899800,382156613909900,10100,before
secret_dependent_routine,382156613911000,382156613911600,600,before
secret_dependent_routine,382156613912700,382156613923100,10400,before
secret_dependent_routine,382156613924200,382156613924800,600,before
secret_dependent_routine,382156613925900,382156613936900,11000,before
secret_dependent_routine,382156613938000,382156613938600,600,before
secret_dependent_routine,382156613939700,382156613950000,10300,before
secret_dependent_routine,382156613951100,382156613951700,600,before
secret_dependent_routine,382156613952800,382156613963300,10500,before
secret_dependent_routine,382156613964500,382156613965100,600,before
secret_dependent_routine,382156613966300,382156613976800,10500,before
secret_dependent_routine,382156613977800,382156613978400,600,before
secret_dependent_routine,382156613979500,382156613990100,10600,before
secret_dependent_routine,382156613991300,382156613992000,700,before
secret_dependent_routine,382156613993200,382156614005200,12000,before
secret_dependent_routine,382156614007900,382156614008700,800,before
secret_dependent_routine,382156614009900,382156614021600,11700,before
secret_dependent_routine,382156614022800,382156614023500,700,before
secret_dependent_routine,382156614024700,382156614036000,11300,before
secret_dependent_routine,382156614037200,382156614037900,700,before
secret_dependent_routine,382156614039100,382156614050600,11500,before
secret_dependent_routine,382156614051800,382156614052500,700,before
secret_dependent_routine,382156614053700,382156614065000,11300,before
secret_dependent_routine,382156614066200,382156614066900,700,before
secret_dependent_routine,382156614068100,382156614079400,11300,before
secret_dependent_routine,382156614080700,382156614081400,700,before
secret_dependent_routine,382156614082600,382156614094900,12300,before
secret_dependent_routine,382156614096300,382156614097000,700,before
secret_dependent_routine,382156614098200,382156614109300,11100,before
secret_dependent_routine,382156614110600,382156614111400,800,before
secret_dependent_routine,382156614112600,382156614123600,11000,before
secret_dependent_routine,382156614124900,382156614125600,700,before
secret_dependent_routine,382156614126800,382156614137900,11100,before
secret_dependent_routine,382156614139200,382156614139900,700,before
secret_dependent_routine,382156614141100,382156614152200,11100,before
secret_dependent_routine,382156614153400,382156614154200,800,before
secret_dependent_routine,382156614155500,382156614166800,11300,before
secret_dependent_routine,382156614169400,382156614170100,700,before
secret_dependent_routine,382156614171400,382156614182900,11500,before
secret_dependent_routine,382156614184200,382156614184900,700,before
secret_dependent_routine,382156614186100,382156614197200,11100,before
secret_dependent_routine,382156614198500,382156614199200,700,before
secret_dependent_routine,382156614200400,382156614211500,11100,before
secret_dependent_routine,382156614212700,382156614213400,700,before
secret_dependent_routine,382156614214600,382156614225900,11300,before
secret_dependent_routine,382156614227100,382156614227900,800,before
secret_dependent_routine,382156614229100,382156614240700,11600,before
secret_dependent_routine,382156614241900,382156614242700,800,before
secret_dependent_routine,382156614243900,382156614255600,11700,before
secret_dependent_routine,382156614256800,382156614257500,700,before
secret_dependent_routine,382156614258700,382156614269800,11100,before
secret_dependent_routine,382156614271000,382156614271700,700,before
secret_dependent_routine,382156614274600,382156614286100,11500,before
secret_dependent_routine,382156614287300,382156614288000,700,before
secret_dependent_routine,382156614289300,382156614300600,11300,before
secret_dependent_routine,382156614301800,382156614302500,700,before
secret_dependent_routine,382156614303700,382156614315300,11600,before
secret_dependent_routine,382156614316500,382156614317200,700,before
secret_dependent_routine,382156614318400,382156614330400,12000,before
secret_dependent_routine,382156614331500,382156614332100,600,before
secret_dependent_routine,382156614333200,382156614343300,10100,before
secret_dependent_routine,382156614344400,382156614345000,600,before
secret_dependent_routine,382156614346200,382156614356200,10000,before
secret_dependent_routine,382156614357300,382156614357900,600,before
secret_dependent_routine,382156614358900,382156614369000,10100,before
secret_dependent_routine,382156614370100,382156614370800,700,before
secret_dependent_routine,382156614371800,382156614381800,10000,before
secret_dependent_routine,382156614382900,382156614383500,600,before
secret_dependent_routine,382156614384600,382156614394700,10100,before
secret_dependent_routine,382156614395700,382156614397600,1900,before
secret_dependent_routine,382156614398700,382156614409100,10400,before
secret_dependent_routine,382156614410300,382156614410900,600,before
secret_dependent_routine,382156614412000,382156614422000,10000,before
secret_dependent_routine,382156614423200,382156614423800,600,before
secret_dependent_routine,382156614424900,382156614434900,10000,before
secret_dependent_routine,382156614436000,382156614436700,700,before
secret_dependent_routine,382156614437800,382156614448000,10200,before
secret_dependent_routine,382156614449100,382156614449800,700,before
secret_dependent_routine,382156614450900,382156614460900,10000,before
secret_dependent_routine,382156614463100,382156614463700,600,before
secret_dependent_routine,382156614464800,382156614474800,10000,before
secret_dependent_routine,382156614476000,382156614476600,600,before
secret_dependent_routine,382156614477600,382156614487700,10100,before
secret_dependent_routine,382156614488800,382156614489500,700,before
secret_dependent_routine,382156614490500,382156614500700,10200,before
secret_dependent_routine,382156614501700,382156614502300,600,before
secret_dependent_routine,382156614503400,382156614513500,10100,before
secret_dependent_routine,382156614514600,382156614515400,800,before
secret_dependent_routine,382156614520800,382156614539700,18900,before
secret_dependent_routine,382156614541500,382156614542400,900,before
secret_dependent_routine,382156614543700,382156614555000,11300,before
secret_dependent_routine,382156614556200,382156614556900,700,before
secret_dependent_routine,382156614558100,382156614569400,11300,before
secret_dependent_routine,382156614570600,382156614571300,700,before
secret_dependent_routine,382156614572500,382156614583700,11200,before
secret_dependent_routine,382156614585000,382156614585700,700,before
secret_dependent_routine,382156614586900,382156614598200,11300,before
secret_dependent_routine,382156614599400,382156614600100,700,before
secret_dependent_routine,382156614601300,382156614612700,11400,before
secret_dependent_routine,382156614614000,382156614614700,700,before
secret_dependent_routine,382156614615900,382156614627300,11400,before
secret_dependent_routine,382156614628600,382156614629300,700,before
secret_dependent_routine,382156614630500,382156614642000,11500,before
secret_dependent_routine,382156614643200,382156614643900,700,before
secret_dependent_routine,382156614645200,382156614656800,11600,before
secret_dependent_routine,382156614657900,382156614658700,800,before
secret_dependent_routine,382156614659900,382156614671300,11400,before
secret_dependent_routine,382156614672600,382156614673300,700,before
secret_dependent_routine,382156614674500,382156614685900,11400,before
secret_dependent_routine,382156614687200,382156614687900,700,before
secret_dependent_routine,382156614689000,382156614700400,11400,before
secret_dependent_routine,382156614701700,382156614703700,2000,before
secret_dependent_routine,382156614705000,382156614716200,11200,before
secret_dependent_routine,382156614717500,382156614718200,700,before
secret_dependent_routine,382156614719500,382156614731000,11500,before
secret_dependent_routine,382156614732200,382156614732900,700,before
secret_dependent_routine,382156614734200,382156614746300,12100,before
secret_dependent_routine,382156614747500,382156614748200,700,before
secret_dependent_routine,382156614749400,382156614761000,11600,before
secret_dependent_routine,382156614762300,382156614763000,700,before
secret_dependent_routine,382156614764200,382156614775900,11700,before
secret_dependent_routine,382156614777200,382156614778000,800,before
secret_dependent_routine,382156614780500,382156614791900,11400,before
secret_dependent_routine,382156614793200,382156614793900,700,before
secret_dependent_routine,382156614796400,382156614807500,11100,before
secret_dependent_routine,382156614808700,382156614809500,800,before
secret_dependent_routine,382156614810700,382156614821700,11000,before
secret_dependent_routine,382156614824700,382156614825800,1100,before
secret_dependent_routine,382156614826900,382156614836900,10000,before
secret_dependent_routine,382156614837900,382156614838600,700,before
secret_dependent_routine,382156614839600,382156614849400,9800,before
secret_dependent_routine,382156614850500,382156614851200,700,before
secret_dependent_routine,382156614852300,382156614862200,9900,before
secret_dependent_routine,382156614863200,382156614863900,700,before
secret_dependent_routine,382156614864900,382156614875100,10200,before
secret_dependent_routine,382156614876200,382156614876800,600,before
secret_dependent_routine,382156614877900,382156614888000,10100,before
secret_dependent_routine,382156614889000,382156614889600,600,before
secret_dependent_routine,382156614890600,382156614900600,10000,before
secret_dependent_routine,382156614901700,382156614902300,600,before
secret_dependent_routine,382156614903400,382156614913600,10200,before
secret_dependent_routine,382156614914600,382156614915300,700,before
secret_dependent_routine,382156614916300,382156614927600,11300,before
secret_dependent_routine,382156614928900,382156614929600,700,before
secret_dependent_routine,382156614930800,382156614942100,11300,before
secret_dependent_routine,382156614943400,382156614944100,700,before
secret_dependent_routine,382156614945400,382156614956900,11500,before
secret_dependent_routine,382156614958100,382156614958800,700,before
secret_dependent_routine,382156614960100,382156614971400,11300,before
secret_dependent_routine,382156614972700,382156614973400,700,before
secret_dependent_routine,382156614974700,382156614985600,10900,before
secret_dependent_routine,382156614986900,382156614987600,700,before
secret_dependent_routine,382156614988800,382156615000100,11300,before
secret_dependent_routine,382156615001300,382156615002000,700,before
secret_dependent_routine,382156615003200,382156615017400,14200,before
secret_dependent_routine,382156615018900,382156615019700,800,before
secret_dependent_routine,382156615021000,382156615036800,15800,before
secret_dependent_routine,382156615039000,382156615040100,1100,before
secret_dependent_routine,382156615041900,382156615057600,15700,before
secret_dependent_routine,382156615059700,382156615061100,1400,before
secret_dependent_routine,382156615064300,382156615081200,16900,before
secret_dependent_routine,382156615083700,382156615085100,1400,before
secret_dependent_routine,382156615087300,382156615098400,11100,before
secret_dependent_routine,382156615099900,382156615100700,800,before
secret_dependent_routine,382156615102000,382156615113200,11200,before
secret_dependent_routine,382156615116000,382156615116700,700,before
secret_dependent_routine,382156615118000,382156615129000,11000,before
secret_dependent_routine,382156615205000,382156615205700,700,before
secret_dependent_routine,382156615207000,382156615217900,10900,before
secret_dependent_routine,382156615219200,382156615219800,600,before
secret_dependent_routine,382156615221000,382156615231700,10700,before
secret_dependent_routine,382156615232900,382156615233600,700,before
secret_dependent_routine,382156615234700,382156615245900,11200,before
secret_dependent_routine,382156615247200,382156615247900,700,before
secret_dependent_routine,382156615249000,382156615260700,11700,before
secret_dependent_routine,382156615264000,382156615264700,700,before
secret_dependent_routine,382156615265900,382156615278000,12100,before
secret_dependent_routine,382156615279400,382156615280100,700,before
secret_dependent_routine,382156615281400,382156615293100,11700,before
secret_dependent_routine,382156615294400,382156615295000,600,before
secret_dependent_routine,382156615296300,382156615308100,11800,before
secret_dependent_routine,382156615309400,382156615310100,700,before
secret_dependent_routine,382156615311600,382156615323700,12100,before
secret_dependent_routine,382156615325000,382156615325600,600,before
secret_dependent_routine,382156615326800,382156615338400,11600,before
secret_dependent_routine,382156615339700,382156615340400,700,before
secret_dependent_routine,382156615341600,382156615353700,12100,before
secret_dependent_routine,382156615355000,382156615355700,700,before
secret_dependent_routine,382156615356900,382156615368700,11800,before
secret_dependent_routine,382156615370000,382156615370800,800,before
secret_dependent_routine,382156615372000,382156615383700,11700,before
secret_dependent_routine,382156615385000,382156615385700,700,before
secret_dependent_routine,382156615388100,382156615399200,11100,before
secret_dependent_routine,382156615400500,382156615401200,700,before
secret_dependent_routine,382156615402400,382156615413400,11000,before
secret_dependent_routine,382156615414700,382156615415400,700,before
secret_dependent_routine,382156615416600,382156615429400,12800,before
secret_dependent_routine,382156615431800,382156615432500,700,before
secret_dependent_routine,382156615433800,382156615445000,11200,before
secret_dependent_routine,382156615446200,382156615446900,700,before
secret_dependent_routine,382156615448100,382156615459900,11800,before
secret_dependent_routine,382156615461200,382156615461900,700,before
secret_dependent_routine,382156615463000,382156615475100,12100,before
secret_dependent_routine,382156615476400,382156615477100,700,before
secret_dependent_routine,382156615478300,382156615490700,12400,before
secret_dependent_routine,382156615491900,382156615492600,700,before
secret_dependent_routine,382156615493800,382156615505700,11900,before
secret_dependent_routine,382156615508300,382156615509000,700,before
secret_dependent_routine,382156615510300,382156615521600,11300,before
secret_dependent_routine,382156615522800,382156615523600,800,before
secret_dependent_routine,382156615524900,382156615535500,10600,before
secret_dependent_routine,382156615536800,382156615537500,700,before
secret_dependent_routine,382156615538800,382156615549900,11100,before
secret_dependent_routine,382156615551200,382156615551900,700,before
secret_dependent_routine,382156615553100,382156615564200,11100,before
secret_dependent_routine,382156615565400,382156615566100,700,before
secret_dependent_routine,382156615567300,382156615579200,11900,before
secret_dependent_routine,382156615580200,382156615580800,600,before
secret_dependent_routine,382156615581900,382156615591500,9600,before
secret_dependent_routine,382156615592600,382156615593300,700,before
secret_dependent_routine,382156615594400,382156615604100,9700,before
secret_dependent_routine,382156615605200,382156615605800,600,before
secret_dependent_routine,382156615606900,382156615616400,9500,before
secret_dependent_routine,382156615617500,382156615618200,700,before
secret_dependent_routine,382156615619200,382156615629400,10200,before
secret_dependent_routine,382156615630500,382156615631200,700,before
secret_dependent_routine,382156615632200,382156615642600,10400,before
secret_dependent_routine,382156615643700,382156615644300,600,before
secret_dependent_routine,382156615645400,382156615655300,9900,before
secret_dependent_routine,382156615656400,382156615657100,700,before
secret_dependent_routine,382156615658100,382156615667800,9700,before
secret_dependent_routine,382156615668900,382156615669500,600,before
secret_dependent_routine,382156615670600,382156615680600,10000,before
secret_dependent_routine,382156615683000,382156615683700,700,before
secret_dependent_routine,382156615684700,382156615695000,10300,before
secret_dependent_routine,382156615696100,382156615696800,700,before
secret_dependent_routine,382156615697800,382156615707800,10000,before
secret_dependent_routine,382156615708800,382156615709500,700,before
secret_dependent_routine,382156615710500,382156615720400,9900,before
secret_dependent_routine,382156615721400,382156615723200,1800,before
secret_dependent_routine,382156615724400,382156615734400,10000,before
secret_dependent_routine,382156615735500,382156615736200,700,before
secret_dependent_routine,382156615737300,382156615747200,9900,before
secret_dependent_routine,382156615748400,382156615749000,600,before
secret_dependent_routine,382156615750100,382156615760500,10400,before
secret_dependent_routine,382156615761600,382156615762100,500,before
secret_dependent_routine,382156615763200,382156615773400,10200,before
secret_dependent_routine,382156615774500,382156615775100,600,before
secret_dependent_routine,382156615776200,382156615786700,10500,before
secret_dependent_routine,382156615788800,382156615789500,700,before
secret_dependent_routine,382156615790600,382156615801400,10800,before
secret_dependent_routine,382156615802500,382156615803200,700,before
secret_dependent_routine,382156615804200,382156615815100,10900,before
secret_dependent_routine,382156615816100,382156615816700,600,before
secret_dependent_routine,382156615817800,382156615828300,10500,before
secret_dependent_routine,382156615829400,382156615830000,600,before
secret_dependent_routine,382156615831100,382156615841600,10500,before
secret_dependent_routine,382156615842600,382156615843300,700,before
secret_dependent_routine,382156615844400,382156615854800,10400,before
secret_dependent_routine,382156615855900,382156615856600,700,before
secret_dependent_routine,382156615857600,382156615868000,10400,before
secret_dependent_routine,382156615869100,382156615869700,600,before
secret_dependent_routine,382156615870800,382156615881300,10500,before
secret_dependent_routine,382156615882400,382156615883000,600,before
secret_dependent_routine,382156615884100,382156615894500,10400,before
secret_dependent_routine,382156615895500,382156615896200,700,before
secret_dependent_routine,382156615897300,382156615907700,10400,before
secret_dependent_routine,382156615908800,382156615909400,600,before
secret_dependent_routine,382156615910400,382156615920900,10500,before
secret_dependent_routine,382156615923200,382156615923900,700,before
secret_dependent_routine,382156615925000,382156615935000,10000,before
secret_dependent_routine,382156615936100,382156615936700,600,before
secret_dependent_routine,382156615937800,382156615947800,10000,before
secret_dependent_routine,382156615948800,382156615949400,600,before
secret_dependent_routine,382156615950400,382156615960200,9800,before
secret_dependent_routine,382156615961300,382156615961900,600,before
secret_dependent_routine,382156615963000,382156615972600,9600,before
secret_dependent_routine,382156615973600,382156615974200,600,before
secret_dependent_routine,382156615975200,382156615985000,9800,before
secret_dependent_routine,382156615986100,382156615986700,600,before
secret_dependent_routine,382156615987800,382156615997800,10000,before
secret_dependent_routine,382156615998900,382156616000700,1800,before
secret_dependent_routine,382156616001900,382156616012900,11000,before
secret_dependent_routine,382156616014000,382156616014700,700,before
secret_dependent_routine,382156616015800,382156616026100,10300,before
secret_dependent_routine,382156616027200,382156616027900,700,before
secret_dependent_routine,382156616029000,382156616039400,10400,before
secret_dependent_routine,382156616040500,382156616041100,600,before
secret_dependent_routine,382156616042300,382156616052900,10600,before
secret_dependent_routine,382156616054000,382156616054600,600,before
secret_dependent_routine,382156616055700,382156616066100,10400,before
secret_dependent_routine,382156616067300,382156616067900,600,before
secret_dependent_routine,382156616070100,382156616081000,10900,before
secret_dependent_routine,382156616082100,382156616082800,700,before
secret_dependent_routine,382156616084000,382156616095100,11100,before
secret_dependent_routine,382156616096200,382156616096800,600,before
secret_dependent_routine,382156616097900,382156616108600,10700,before
secret_dependent_routine,382156616109700,382156616110400,700,before
secret_dependent_routine,382156616111500,382156616122100,10600,before
secret_dependent_routine,382156616123300,382156616123900,600,before
secret_dependent_routine,382156616125000,382156616135600,10600,before
secret_dependent_routine,382156616136700,382156616137300,600,before
secret_dependent_routine,382156616138400,382156616148900,10500,before
secret_dependent_routine,382156616150000,382156616150700,700,before
secret_dependent_routine,382156616151800,382156616162500,10700,before
secret_dependent_routine,382156616164800,382156616165500,700,before
secret_dependent_routine,382156616166600,382156616176600,10000,before
secret_dependent_routine,382156616177800,382156616178400,600,before
secret_dependent_routine,382156616179500,382156616189400,9900,before
secret_dependent_routine,382156616190500,382156616191200,700,before
secret_dependent_routine,382156616192300,382156616202300,10000,before
secret_dependent_routine,382156616203500,382156616204100,600,before
secret_dependent_routine,382156616205100,382156616215000,9900,before
secret_dependent_routine,382156616216100,382156616216800,700,before
secret_dependent_routine,382156616217800,382156616227900,10100,before
secret_dependent_routine,382156616228900,382156616229600,700,before
secret_dependent_routine,382156616230600,382156616240700,10100,before
secret_dependent_routine,382156616241700,382156616242300,600,before
secret_dependent_routine,382156616243400,382156616253400,10000,before
secret_dependent_routine,382156616254400,382156616255100,700,before
secret_dependent_routine,382156616256100,382156616266100,10000,before
secret_dependent_routine,382156616267100,382156616267700,600,before
secret_dependent_routine,382156616268800,382156616278800,10000,before
secret_dependent_routine,382156616279900,382156616280500,600,before
secret_dependent_routine,382156616281600,382156616294300,12700,before
secret_dependent_routine,382156616295600,382156616296200,600,before
secret_dependent_routine,382156616297400,382156616307000,9600,before
secret_dependent_routine,382156616308300,382156616308800,500,before
secret_dependent_routine,382156616309900,382156616319600,9700,before
secret_dependent_routine,382156616320700,382156616321400,700,before
secret_dependent_routine,382156616322400,382156616332200,9800,before
secret_dependent_routine,382156616333300,382156616333900,600,before
secret_dependent_routine,382156616334900,382156616344600,9700,before
secret_dependent_routine,382156616345700,382156616346300,600,before
secret_dependent_routine,382156616347400,382156616357000,9600,before
secret_dependent_routine,382156616359400,382156616360100,700,before
secret_dependent_routine,382156616361200,382156616371200,10000,before
secret_dependent_routine,382156616372400,382156616373100,700,before
secret_dependent_routine,382156616374100,382156616384300,10200,before
secret_dependent_routine,382156616385400,382156616386000,600,before
secret_dependent_routine,382156616387100,382156616397100,10000,before
secret_dependent_routine,382156616398200,382156616398900,700,before
secret_dependent_routine,382156616401100,382156616411100,10000,before
secret_dependent_routine,382156616412200,382156616412800,600,before
secret_dependent_routine,382156616413900,382156616423800,9900,before
secret_dependent_routine,382156616424800,382156616425400,600,before
secret_dependent_routine,382156616426500,382156616436500,10000,before
secret_dependent_routine,382156616437500,382156616438200,700,before
secret_dependent_routine,382156616439200,382156616449100,9900,before
secret_dependent_routine,382156616450100,382156616450800,700,before
secret_dependent_routine,382156616451900,382156616461900,10000,before
secret_dependent_routine,382156616463000,382156616463700,700,before
secret_dependent_routine,382156616464700,382156616474700,10000,before
secret_dependent_routine,382156616475800,382156616476400,600,before
secret_dependent_routine,382156616477500,382156616487500,10000,before
secret_dependent_routine,382156616488600,382156616489200,600,before
secret_dependent_routine,382156616490300,382156616500300,10000,before
secret_dependent_routine,382156616501300,382156616502000,700,before
secret_dependent_routine,382156616503000,382156616513000,10000,before
secret_dependent_routine,382156616514000,382156616514700,700,before
secret_dependent_routine,382156616515800,382156616525900,10100,before
secret_dependent_routine,382156616527000,382156616527700,700,before
secret_dependent_routine,382156616528900,382156616543100,14200,before
secret_dependent_routine,382156616544700,382156616545500,800,before
secret_dependent_routine,382156616546600,382156616556600,10000,before
secret_dependent_routine,382156616557900,382156616558600,700,before
secret_dependent_routine,382156616559700,382156616570800,11100,before
secret_dependent_routine,382156616571900,382156616572600,700,before
secret_dependent_routine,382156616573700,382156616583600,9900,before
secret_dependent_routine,382156616584700,382156616585300,600,before
secret_dependent_routine,382156616586400,382156616596300,9900,before
secret_dependent_routine,382156616597500,382156616598100,600,before
secret_dependent_routine,382156616599200,382156616609000,9800,before
secret_dependent_routine,382156616610100,382156616610800,700,before
secret_dependent_routine,382156616611900,382156616621700,9800,before
secret_dependent_routine,382156616622800,382156616623400,600,before
secret_dependent_routine,382156616624600,382156616634500,9900,before
secret_dependent_routine,382156616636800,382156616637500,700,before
secret_dependent_routine,382156616641900,382156616653000,11100,before
secret_dependent_routine,382156616654300,382156616655000,700,before
secret_dependent_routine,382156616656200,382156616667700,11500,before
secret_dependent_routine,382156616669000,382156616669700,700,before
secret_dependent_routine,382156616670900,382156616682200,11300,before
secret_dependent_routine,382156616683500,382156616684200,700,before
secret_dependent_routine,382156616685400,382156616696500,11100,before
secret_dependent_routine,382156616697800,382156616698500,700,before
secret_dependent_routine,382156616699700,382156616710800,11100,before
secret_dependent_routine,382156616712000,382156616712700,700,before
secret_dependent_routine,382156616714000,382156616725300,11300,before
secret_dependent_routine,382156616726600,382156616727300,700,before
secret_dependent_routine,382156616728600,382156616740400,11800,before
secret_dependent_routine,382156616741600,382156616742400,800,before
secret_dependent_routine,382156616743600,382156616755400,11800,before
secret_dependent_routine,382156616756600,382156616757300,700,before
secret_dependent_routine,382156616758600,382156616770000,11400,before
secret_dependent_routine,382156616771100,382156616771800,700,before
secret_dependent_routine,382156616772900,382156616783400,10500,before
secret_dependent_routine,382156616784500,382156616785200,700,before
secret_dependent_routine,382156616786300,382156616797100,10800,before
secret_dependent_routine,382156616798200,382156616798800,600,before
secret_dependent_routine,382156616799900,382156616810100,10200,before
secret_dependent_routine,382156616811200,382156616811800,600,before
secret_dependent_routine,382156616812900,382156616822500,9600,before
secret_dependent_routine,382156616823600,382156616824300,700,before
secret_dependent_routine,382156616825400,382156616835000,9600,before
secret_dependent_routine,382156616836000,382156616836600,600,before
secret_dependent_routine,382156616837700,382156616847500,9800,before
secret_dependent_routine,382156616848600,382156616849200,600,before
secret_dependent_routine,382156616850300,382156616860400,10100,before
secret_dependent_routine,382156616861500,382156616863200,1700,before
secret_dependent_routine,382156616864300,382156616874400,10100,before
secret_dependent_routine,382156616875600,382156616876200,600,before
secret_dependent_routine,382156616877300,382156616887400,10100,before
secret_dependent_routine,382156616888500,382156616889100,600,before
secret_dependent_routine,382156616891200,382156616901400,10200,before
secret_dependent_routine,382156616902500,382156616903100,600,before
secret_dependent_routine,382156616904200,382156616914000,9800,before
secret_dependent_routine,382156616915100,382156616915700,600,before
secret_dependent_routine,382156616916800,382156616926500,9700,before
secret_dependent_routine,382156616928600,382156616929300,700,before
secret_dependent_routine,382156616930400,382156616940800,10400,before
secret_dependent_routine,382156616941900,382156616942500,600,before
secret_dependent_routine,382156616943600,382156616953600,10000,before
secret_dependent_routine,382156616954700,382156616955300,600,before
secret_dependent_routine,382156616956400,382156616966400,10000,before
secret_dependent_routine,382156616967500,382156616968100,600,before
secret_dependent_routine,382156616969200,382156616979500,10300,before
secret_dependent_routine,382156616980600,382156616981200,600,before
secret_dependent_routine,382156616982300,382156616992300,10000,before
secret_dependent_routine,382156616993400,382156616994000,600,before
secret_dependent_routine,382156616995100,382156617005300,10200,before
secret_dependent_routine,382156617006300,382156617007000,700,before
secret_dependent_routine,382156617008000,382156617018100,10100,before
secret_dependent_routine,382156617019200,382156617019800,600,before
secret_dependent_routine,382156617020900,382156617030900,10000,before
secret_dependent_routine,382156617031900,382156617032500,600,before
secret_dependent_routine,382156617033600,382156617043600,10000,before
secret_dependent_routine,382156617044700,382156617045300,600,before
secret_dependent_routine,382156617046400,382156617056500,10100,before
secret_dependent_routine,382156617057600,382156617058200,600,before
secret_dependent_routine,382156617059200,382156617069200,10000,before
secret_dependent_routine,382156617070300,382156617070900,600,before
secret_dependent_routine,382156617071900,382156617082300,10400,before
secret_dependent_routine,382156617083400,382156617084000,600,before
secret_dependent_routine,382156617085000,382156617095600,10600,before
secret_dependent_routine,382156617096600,382156617097200,600,before
secret_dependent_routine,382156617098300,382156617108600,10300,before
secret_dependent_routine,382156617109700,382156617110300,600,before
secret_dependent_routine,382156617111400,382156617121800,10400,before
secret_dependent_routine,382156617122800,382156617123400,600,before
secret_dependent_routine,382156617125600,382156617135700,10100,before
secret_dependent_routine,382156617136800,382156617138500,1700,before
secret_dependent_routine,382156617139600,382156617149500,9900,before
secret_dependent_routine,382156617150600,382156617151200,600,before
secret_dependent_routine,382156617152300,382156617162200,9900,before
secret_dependent_routine,382156617163300,382156617163900,600,before
secret_dependent_routine,382156617165000,382156617174900,9900,before
secret_dependent_routine,382156617176000,382156617176600,600,before
secret_dependent_routine,382156617177700,382156617187600,9900,before
secret_dependent_routine,382156617188700,382156617189400,700,before
secret_dependent_routine,382156617190400,382156617200400,10000,before
secret_dependent_routine,382156617201500,382156617202100,600,before
secret_dependent_routine,382156617204400,382156617215100,10700,before
secret_dependent_routine,382156617216500,382156617217100,600,before
secret_dependent_routine,382156617218200,382156617229000,10800,before
secret_dependent_routine,382156617230000,382156617230600,600,before
secret_dependent_routine,382156617231800,382156617242400,10600,before
secret_dependent_routine,382156617243500,382156617244200,700,before
secret_dependent_routine,382156617245300,382156617256000,10700,before
secret_dependent_routine,382156617257100,382156617257700,600,before
secret_dependent_routine,382156617258700,382156617269700,11000,before
secret_dependent_routine,382156617270800,382156617271400,600,before
secret_dependent_routine,382156617272500,382156617283200,10700,before
secret_dependent_routine,382156617284300,382156617285000,700,before
secret_dependent_routine,382156617286100,382156617296700,10600,before
secret_dependent_routine,382156617297800,382156617298500,700,before
secret_dependent_routine,382156617299600,382156617310200,10600,before
secret_dependent_routine,382156617311300,382156617311900,600,before
secret_dependent_routine,382156617313100,382156617324000,10900,before
secret_dependent_routine,382156617325000,382156617325700,700,before
secret_dependent_routine,382156617326800,382156617337400,10600,before
secret_dependent_routine,382156617338600,382156617339200,600,before
secret_dependent_routine,382156617340300,382156617351000,10700,before
secret_dependent_routine,382156617352100,382156617352700,600,before
secret_dependent_routine,382156617353800,382156617364500,10700,before
secret_dependent_routine,382156617365700,382156617366400,700,before
secret_dependent_routine,382156617367500,382156617378100,10600,before
secret_dependent_routine,382156617380300,382156617381000,700,before
secret_dependent_routine,382156617382200,382156617391800,9600,before
secret_dependent_routine,382156617392800,382156617393500,700,before
secret_dependent_routine,382156617394500,382156617405000,10500,before
secret_dependent_routine,382156617406100,382156617406700,600,before
secret_dependent_routine,382156617407700,382156617418000,10300,before
secret_dependent_routine,382156617419100,382156617419700,600,before
secret_dependent_routine,382156617420700,382156617434100,13400,before
secret_dependent_routine,382156617435500,382156617436100,600,before
secret_dependent_routine,382156617437300,382156617447200,9900,before
secret_dependent_routine,382156617448400,382156617449000,600,before
secret_dependent_routine,382156617450000,382156617460100,10100,before
secret_dependent_routine,382156617461300,382156617461900,600,before
secret_dependent_routine,382156617463000,382156617473000,10000,before
secret_dependent_routine,382156617474200,382156617474800,600,before
secret_dependent_routine,382156617475900,382156617485900,10000,before
secret_dependent_routine,382156617487000,382156617487600,600,before
secret_dependent_routine,382156617488700,382156617498700,10000,before
secret_dependent_routine,382156617501000,382156617501700,700,before
secret_dependent_routine,382156617502800,382156617512900,10100,before
secret_dependent_routine,382156617514000,382156617514600,600,before
secret_dependent_routine,382156617515700,382156617525800,10100,before
secret_dependent_routine,382156617526900,382156617527500,600,before
secret_dependent_routine,382156617528700,382156617538700,10000,before
secret_dependent_routine,382156617539800,382156617540400,600,before
secret_dependent_routine,382156617541500,382156617551500,10000,before
secret_dependent_routine,382156617552600,382156617553200,600,before
secret_dependent_routine,382156617554300,382156617564300,10000,before
secret_dependent_routine,382156617565300,382156617565900,600,before
secret_dependent_routine,382156617567000,382156617577000,10000,before
secret_dependent_routine,382156617578100,382156617578800,700,before
secret_dependent_routine,382156617579800,382156617589800,10000,before
secret_dependent_routine,382156617591000,382156617591600,600,before
secret_dependent_routine,382156617592700,382156617602800,10100,before
secret_dependent_routine,382156617603800,382156617604400,600,before
secret_dependent_routine,382156617605500,382156617615500,10000,before
secret_dependent_routine,382156617626000,382156617626700,700,before
secret_dependent_routine,382156617627800,382156617638000,10200,before
secret_dependent_routine,382156617639100,382156617639800,700,before
secret_dependent_routine,382156617640800,382156617651700,10900,before
secret_dependent_routine,382156617652900,382156617653600,700,before
secret_dependent_routine,382156617654800,382156617666100,11300,before
secret_dependent_routine,382156617667400,382156617668100,700,before
secret_dependent_routine,382156617669200,382156617680100,10900,before
secret_dependent_routine,382156617681400,382156617682100,700,before
secret_dependent_routine,382156617683300,382156617694700,11400,before
secret_dependent_routine,382156617695900,382156617696600,700,before
secret_dependent_routine,382156617697900,382156617709400,11500,before
secret_dependent_routine,382156617710700,382156617711400,700,before
secret_dependent_routine,382156617712700,382156617725600,12900,before
secret_dependent_routine,382156617727000,382156617727700,700,before
secret_dependent_routine,382156617729000,382156617740400,11400,before
secret_dependent_routine,382156617741700,382156617742400,700,before
secret_dependent_routine,382156617743700,382156617755200,11500,before
secret_dependent_routine,382156617756400,382156617757200,800,before
secret_dependent_routine,382156617758400,382156617769800,11400,before
secret_dependent_routine,382156617771000,382156617771700,700,before
secret_dependent_routine,382156617772900,382156617784300,11400,before
secret_dependent_routine,382156617785500,382156617786200,700,before
secret_dependent_routine,382156617787400,382156617798800,11400,before
secret_dependent_routine,382156617801300,382156617802000,700,before
secret_dependent_routine,382156617803300,382156617815300,12000,before
secret_dependent_routine,382156617816600,382156617817400,800,before
secret_dependent_routine,382156617818600,382156617830200,11600,before
secret_dependent_routine,382156617831500,382156617832200,700,before
secret_dependent_routine,382156617833500,382156617845500,12000,before
secret_dependent_routine,382156617846800,382156617847600,800,before
secret_dependent_routine,382156617848800,382156617860900,12100,before
secret_dependent_routine,382156617862100,382156617862800,700,before
secret_dependent_routine,382156617864100,382156617876300,12200,before
secret_dependent_routine,382156617877600,382156617878300,700,before
secret_dependent_routine,382156617879500,382156617891200,11700,before
secret_dependent_routine,382156617893900,382156617894800,900,before
secret_dependent_routine,382156617897300,382156617909300,12000,before
secret_dependent_routine,382156617910500,382156617911200,700,before
secret_dependent_routine,382156617912300,382156617923100,10800,before
secret_dependent_routine,382156617924300,382156617925000,700,before
secret_dependent_routine,382156617926100,382156617937500,11400,before
secret_dependent_routine,382156617938700,382156617939500,800,before
secret_dependent_routine,382156617940600,382156617952100,11500,before
secret_dependent_routine,382156617953300,382156617954000,700,before
secret_dependent_routine,382156617955100,382156617966700,11600,before
secret_dependent_routine,382156617967900,382156617968600,700,before
secret_dependent_routine,382156617969700,382156617981100,11400,before
secret_dependent_routine,382156617984200,382156617984800,600,before
secret_dependent_routine,382156617985900,382156617995900,10000,before
secret_dependent_routine,382156617997000,382156617997700,700,before
secret_dependent_routine,382156617998700,382156618008900,10200,before
secret_dependent_routine,382156618010000,382156618010600,600,before
secret_dependent_routine,382156618011600,382156618021500,9900,before
secret_dependent_routine,382156618022500,382156618023200,700,before
secret_dependent_routine,382156618024300,382156618034500,10200,before
secret_dependent_routine,382156618035600,382156618037500,1900,before
secret_dependent_routine,382156618038600,382156618049200,10600,before
secret_dependent_routine,382156618050300,382156618050900,600,before
secret_dependent_routine,382156618052000,382156618062600,10600,before
secret_dependent_routine,382156618063700,382156618064200,500,before
secret_dependent_routine,382156618065300,382156618075900,10600,before
secret_dependent_routine,382156618077000,382156618077600,600,before
secret_dependent_routine,382156618078700,382156618089400,10700,before
secret_dependent_routine,382156618090500,382156618091200,700,before
secret_dependent_routine,382156618092200,382156618102900,10700,before
secret_dependent_routine,382156618105000,382156618105800,800,before
secret_dependent_routine,382156618106800,382156618117100,10300,before
secret_dependent_routine,382156618118200,382156618118800,600,before
secret_dependent_routine,382156618119900,382156618130400,10500,before
secret_dependent_routine,382156618131500,382156618132200,700,before
secret_dependent_routine,382156618133300,382156618143400,10100,before
secret_dependent_routine,382156618145600,382156618146300,700,before
secret_dependent_routine,382156618147400,382156618157300,9900,before
secret_dependent_routine,382156618158400,382156618159100,700,before
secret_dependent_routine,382156618160200,382156618170000,9800,before
secret_dependent_routine,382156618171100,382156618171800,700,before
secret_dependent_routine,382156618172900,382156618183100,10200,before
secret_dependent_routine,382156618184200,382156618184800,600,before
secret_dependent_routine,382156618185800,382156618196400,10600,before
secret_dependent_routine,382156618197400,382156618198000,600,before
secret_dependent_routine,382156618199000,382156618209000,10000,before
secret_dependent_routine,382156618210000,382156618210600,600,before
secret_dependent_routine,382156618211700,382156618221700,10000,before
secret_dependent_routine,382156618222800,382156618223400,600,before
secret_dependent_routine,382156618224400,382156618234300,9900,before
secret_dependent_routine,382156618235400,382156618236100,700,before
secret_dependent_routine,382156618237100,382156618247100,10000,before
secret_dependent_routine,382156618248200,382156618248800,600,before
secret_dependent_routine,382156618249800,382156618259900,10100,before
secret_dependent_routine,382156618261000,382156618261600,600,before
secret_dependent_routine,382156618262600,382156618272500,9900,before
secret_dependent_routine,382156618273600,382156618274200,600,before
secret_dependent_routine,382156618275300,382156618285200,9900,before
secret_dependent_routine,382156618286300,382156618286900,600,before
secret_dependent_routine,382156618288000,382156618297800,9800,before
secret_dependent_routine,382156618298900,382156618299500,600,before
secret_dependent_routine,382156618300500,382156618310400,9900,before
secret_dependent_routine,382156618311500,382156618313300,1800,before
secret_dependent_routine,382156618314400,382156618324800,10400,before
secret_dependent_routine,382156618325900,382156618326500,600,before
secret_dependent_routine,382156618327600,382156618338000,10400,before
secret_dependent_routine,382156618339100,382156618339700,600,before
secret_dependent_routine,382156618340800,382156618351400,10600,before
secret_dependent_routine,382156618352400,382156618353100,700,before
secret_dependent_routine,382156618354200,382156618364700,10500,before
secret_dependent_routine,382156618365800,382156618366400,600,before
secret_dependent_routine,382156618367400,382156618377900,10500,before
secret_dependent_routine,382156618379000,382156618379600,600,before
secret_dependent_routine,382156618383100,382156618393400,10300,before
secret_dependent_routine,382156618394600,382156618395200,600,before
secret_dependent_routine,382156618396300,382156618406000,9700,before
secret_dependent_routine,382156618407100,382156618407700,600,before
secret_dependent_routine,382156618408700,382156618418500,9800,before
secret_dependent_routine,382156618419600,382156618420200,600,before
secret_dependent_routine,382156618421300,382156618431000,9700,before
secret_dependent_routine,382156618432000,382156618432600,600,before
secret_dependent_routine,382156618433700,382156618443700,10000,before
secret_dependent_routine,382156618444800,382156618445400,600,before
secret_dependent_routine,382156618446500,382156618456500,10000,before
secret_dependent_routine,382156618457600,382156618458200,600,before
secret_dependent_routine,382156618459300,382156618469100,9800,before
secret_dependent_routine,382156618470200,382156618470900,700,before
secret_dependent_routine,382156618471900,382156618481700,9800,before
secret_dependent_routine,382156618482700,382156618483400,700,before
secret_dependent_routine,382156618484400,382156618494100,9700,before
secret_dependent_routine,382156618495200,382156618495900,700,before
secret_dependent_routine,382156618497000,382156618507100,10100,before
secret_dependent_routine,382156618508200,382156618508800,600,before
secret_dependent_routine,382156618509900,382156618519700,9800,before
secret_dependent_routine,382156618520700,382156618521400,700,before
secret_dependent_routine,382156618522500,382156618532700,10200,before
secret_dependent_routine,382156618537400,382156618538200,800,before
secret_dependent_routine,382156618539700,382156618549400,9700,before
secret_dependent_routine,382156618550500,382156618551100,600,before
secret_dependent_routine,382156618552100,382156618562600,10500,before
secret_dependent_routine,382156618563700,382156618564300,600,before
secret_dependent_routine,382156618565400,382156618575900,10500,before
secret_dependent_routine,382156618577000,382156618577600,600,before
secret_dependent_routine,382156618578700,382156618589300,10600,before
secret_dependent_routine,382156618590500,382156618591200,700,before
secret_dependent_routine,382156618592300,382156618606000,13700,before
secret_dependent_routine,382156618607300,382156618608100,800,before
secret_dependent_routine,382156618609300,382156618619700,10400,before
secret_dependent_routine,382156618620900,382156618621600,700,before
secret_dependent_routine,382156618659100,382156618670000,10900,before
secret_dependent_routine,382156618671400,382156618672000,600,before
secret_dependent_routine,382156618673200,382156618684200,11000,before
secret_dependent_routine,382156618685300,382156618685900,600,before
secret_dependent_routine,382156618687100,382156618698000,10900,before
secret_dependent_routine,382156618699100,382156618699800,700,before
secret_dependent_routine,382156618700900,382156618711700,10800,before
secret_dependent_routine,382156618714100,382156618714700,600,before
secret_dependent_routine,382156618715900,382156618726500,10600,before
secret_dependent_routine,382156618727600,382156618728300,700,before
secret_dependent_routine,382156618729400,382156618740300,10900,before
secret_dependent_routine,382156618741500,382156618742100,600,before
secret_dependent_routine,382156618743200,382156618754300,11100,before
secret_dependent_routine,382156618755400,382156618756100,700,before
secret_dependent_routine,382156618757100,382156618767800,10700,before
secret_dependent_routine,382156618768900,382156618769600,700,before
secret_dependent_routine,382156618770600,382156618781400,10800,before
secret_dependent_routine,382156618782500,382156618783100,600,before
secret_dependent_routine,382156618784300,382156618795100,10800,before
secret_dependent_routine,382156618796200,382156618796900,700,before
secret_dependent_routine,382156618798000,382156618808800,10800,before
secret_dependent_routine,382156618810000,382156618810600,600,before
secret_dependent_routine,382156618811700,382156618822300,10600,before
secret_dependent_routine,382156618823300,382156618823900,600,before
secret_dependent_routine,382156618825000,382156618835600,10600,before
secret_dependent_routine,382156618836700,382156618837300,600,before
secret_dependent_routine,382156618838300,382156618849000,10700,before
secret_dependent_routine,382156618850100,382156618850700,600,before
secret_dependent_routine,382156618851800,382156618862500,10700,before
secret_dependent_routine,382156618863500,382156618864200,700,before
secret_dependent_routine,382156618865200,382156618876300,11100,before
secret_dependent_routine,382156618877400,382156618878100,700,before
secret_dependent_routine,382156618879100,382156618889800,10700,before
secret_dependent_routine,382156618890800,382156618891400,600,before
secret_dependent_routine,382156618892500,382156618903300,10800,before
secret_dependent_routine,382156618904400,382156618905100,700,before
secret_dependent_routine,382156618907400,382156618918300,10900,before
secret_dependent_routine,382156618919500,382156618920100,600,before
secret_dependent_routine,382156618921200,382156618933000,11800,before
secret_dependent_routine,382156618934200,382156618934900,700,before
secret_dependent_routine,382156618936000,382156618946800,10800,before
secret_dependent_routine,382156618947900,382156618948500,600,before
secret_dependent_routine,382156618949600,382156618960200,10600,before
secret_dependent_routine,382156618961300,382156618961900,600,before
secret_dependent_routine,382156618963100,382156618973800,10700,before
secret_dependent_routine,382156618974900,382156618975600,700,before
secret_dependent_routine,382156618976600,382156618987100,10500,before
secret_dependent_routine,382156618988200,382156618988900,700,before
secret_dependent_routine,382156618990000,382156619000700,10700,before
secret_dependent_routine,382156619002800,382156619003600,800,before
secret_dependent_routine,382156619004800,382156619015700,10900,before
secret_dependent_routine,382156619016900,382156619017500,600,before
secret_dependent_routine,382156619018600,382156619029500,10900,before
secret_dependent_routine,382156619030600,382156619031200,600,before
secret_dependent_routine,382156619032400,382156619043300,10900,before
secret_dependent_routine,382156619044400,382156619045000,600,before
secret_dependent_routine,382156619046100,382156619056900,10800,before
secret_dependent_routine,382156619058100,382156619058600,500,before
secret_dependent_routine,382156619059700,382156619070400,10700,before
secret_dependent_routine,382156619071600,382156619072100,500,before
secret_dependent_routine,382156619073200,382156619084100,10900,before
secret_dependent_routine,382156619085300,382156619085900,600,before
secret_dependent_routine,382156619087100,382156619097500,10400,before
secret_dependent_routine,382156619098600,382156619099200,600,before
secret_dependent_routine,382156619100300,382156619110400,10100,before
secret_dependent_routine,382156619111600,382156619112200,600,before
secret_dependent_routine,382156619113300,382156619124000,10700,before
secret_dependent_routine,382156619125100,382156619125700,600,before
secret_dependent_routine,382156619126700,382156619137400,10700,before
secret_dependent_routine,382156619138400,382156619139100,700,before
secret_dependent_routine,382156619140200,382156619151400,11200,before
secret_dependent_routine,382156619152600,382156619153200,600,before
secret_dependent_routine,382156619155400,382156619166100,10700,before
secret_dependent_routine,382156619167200,382156619167800,600,before
secret_dependent_routine,382156619168900,382156619179400,10500,before
secret_dependent_routine,382156619180500,382156619181200,700,before
secret_dependent_routine,382156619182200,382156619193000,10800,before
secret_dependent_routine,382156619194000,382156619194700,700,before
secret_dependent_routine,382156619195700,382156619206400,10700,before
secret_dependent_routine,382156619207500,382156619208100,600,before
secret_dependent_routine,382156619209200,382156619219900,10700,before
secret_dependent_routine,382156619220900,382156619222700,1800,before
secret_dependent_routine,382156619223800,382156619234300,10500,before
secret_dependent_routine,382156619235400,382156619236000,600,before
secret_dependent_routine,382156619237100,382156619247700,10600,before
secret_dependent_routine,382156619248900,382156619249500,600,before
secret_dependent_routine,382156619250600,382156619260800,10200,before
secret_dependent_routine,382156619261900,382156619262500,600,before
secret_dependent_routine,382156619263600,382156619273800,10200,before
secret_dependent_routine,382156619274800,382156619275400,600,before
secret_dependent_routine,382156619276500,382156619286600,10100,before
secret_dependent_routine,382156619288700,382156619289400,700,before
secret_dependent_routine,382156619290500,382156619301200,10700,before
secret_dependent_routine,382156619302300,382156619303000,700,before
secret_dependent_routine,382156619304000,382156619314800,10800,before
secret_dependent_routine,382156619316000,382156619316600,600,before
secret_dependent_routine,382156619317700,382156619328400,10700,before
secret_dependent_routine,382156619329500,382156619330200,700,before
secret_dependent_routine,382156619331300,382156619342600,11300,before
secret_dependent_routine,382156619343700,382156619344300,600,before
secret_dependent_routine,382156619345400,382156619356600,11200,before
secret_dependent_routine,382156619357700,382156619358300,600,before
secret_dependent_routine,382156619359400,382156619370300,10900,before
secret_dependent_routine,382156619371400,382156619372100,700,before
secret_dependent_routine,382156619373200,382156619384400,11200,before
secret_dependent_routine,382156619385500,382156619386100,600,before
secret_dependent_routine,382156619387100,382156619398300,11200,before
secret_dependent_routine,382156619399400,382156619400100,700,before
secret_dependent_routine,382156619401100,382156619412300,11200,before
secret_dependent_routine,382156619414500,382156619415200,700,before
secret_dependent_routine,382156619416300,382156619426800,10500,before
secret_dependent_routine,382156619428000,382156619428600,600,before
secret_dependent_routine,382156619429700,382156619440400,10700,before
secret_dependent_routine,382156619441500,382156619442100,600,before
secret_dependent_routine,382156619443300,382156619453800,10500,before
secret_dependent_routine,382156619454900,382156619455500,600,before
secret_dependent_routine,382156619456600,382156619467300,10700,before
secret_dependent_routine,382156619468400,382156619469100,700,before
secret_dependent_routine,382156619470200,382156619480700,10500,before
secret_dependent_routine,382156619481800,382156619482500,700,before
secret_dependent_routine,382156619483500,382156619494300,10800,before
secret_dependent_routine,382156619495400,382156619496000,600,before
secret_dependent_routine,382156619497100,382156619507300,10200,before
secret_dependent_routine,382156619508400,382156619510100,1700,before
secret_dependent_routine,382156619511300,382156619522600,11300,before
secret_dependent_routine,382156619523700,382156619524300,600,before
secret_dependent_routine,382156619525400,382156619536600,11200,before
secret_dependent_routine,382156619537700,382156619538300,600,before
secret_dependent_routine,382156619539400,382156619550800,11400,before
secret_dependent_routine,382156619551900,382156619552600,700,before
secret_dependent_routine,382156619553700,382156619565000,11300,before
secret_dependent_routine,382156619566200,382156619566900,700,before
secret_dependent_routine,382156619567900,382156619579400,11500,before
secret_dependent_routine,382156619580400,382156619581100,700,before
secret_dependent_routine,382156619583200,382156619594200,11000,before
secret_dependent_routine,382156619595400,382156619596000,600,before
secret_dependent_routine,382156619597100,382156619607900,10800,before
secret_dependent_routine,382156619608900,382156619609500,600,before
secret_dependent_routine,382156619610600,382156619621200,10600,before
secret_dependent_routine,382156619622300,382156619622900,600,before
secret_dependent_routine,382156619624000,382156619634800,10800,before
secret_dependent_routine,382156619635800,382156619636500,700,before
secret_dependent_routine,382156619637600,382156619648100,10500,before
secret_dependent_routine,382156619649200,382156619649800,600,before
secret_dependent_routine,382156619650900,382156619661600,10700,before
secret_dependent_routine,382156619670700,382156619671400,700,before
secret_dependent_routine,382156619672500,382156619684000,11500,before
secret_dependent_routine,382156619685100,382156619685800,700,before
secret_dependent_routine,382156619686800,382156619698100,11300,before
secret_dependent_routine,382156619699200,382156619699800,600,before
secret_dependent_routine,382156619700900,382156619712000,11100,before
secret_dependent_routine,382156619713100,382156619713800,700,before
secret_dependent_routine,382156619714800,382156619726600,11800,before
secret_dependent_routine,382156619727600,382156619728300,700,before
secret_dependent_routine,382156619729300,382156619741500,12200,before
secret_dependent_routine,382156619742500,382156619743100,600,before
secret_dependent_routine,382156619744300,382156619756000,11700,before
secret_dependent_routine,382156619757100,382156619757800,700,before
secret_dependent_routine,382156619758800,382156619770700,11900,before
secret_dependent_routine,382156619771800,382156619772500,700,before
secret_dependent_routine,382156619773500,382156619785300,11800,before
secret_dependent_routine,382156619786300,382156619786900,600,before
secret_dependent_routine,382156619788000,382156619799900,11900,before
secret_dependent_routine,382156619801000,382156619801600,600,before
secret_dependent_routine,382156619802600,382156619814800,12200,before
secret_dependent_routine,382156619815800,382156619816500,700,before
secret_dependent_routine,382156619817500,382156619830800,13300,before
secret_dependent_routine,382156619832000,382156619832700,700,before
secret_dependent_routine,382156619833800,382156619845300,11500,before
secret_dependent_routine,382156619846500,382156619847100,600,before
secret_dependent_routine,382156619848100,382156619859400,11300,before
secret_dependent_routine,382156619860500,382156619861100,600,before
secret_dependent_routine,382156619862200,382156619873800,11600,before
secret_dependent_routine,382156619874900,382156619875600,700,before
secret_dependent_routine,382156619876600,382156619887800,11200,before
secret_dependent_routine,382156619888900,382156619889600,700,before
secret_dependent_routine,382156619890600,382156619902600,12000,before
secret_dependent_routine,382156619904100,382156619904800,700,before
secret_dependent_routine,382156619905800,382156619917400,11600,before
secret_dependent_routine,382156619918500,382156619919200,700,before
secret_dependent_routine,382156619920300,382156619931800,11500,before
secret_dependent_routine,382156619933200,382156619933800,600,before
secret_dependent_routine,382156619934900,382156619946600,11700,before
secret_dependent_routine,382156619947700,382156619948400,700,before
secret_dependent_routine,382156619949400,382156619960700,11300,before
secret_dependent_routine,382156619961800,382156619962400,600,before
secret_dependent_routine,382156619963400,382156619974800,11400,before
secret_dependent_routine,382156619975900,382156619976500,600,before
secret_dependent_routine,382156619977600,382156619989000,11400,before
secret_dependent_routine,382156619990100,382156619990700,600,before
secret_dependent_routine,382156619991800,382156620003000,11200,before
secret_dependent_routine,382156620004100,382156620004800,700,before
secret_dependent_routine,382156620005800,382156620017100,11300,before
secret_dependent_routine,382156620018200,382156620018800,600,before
secret_dependent_routine,382156620019900,382156620031400,11500,before
secret_dependent_routine,382156620032500,382156620033100,600,before
secret_dependent_routine,382156620034200,382156620045700,11500,before
secret_dependent_routine,382156620046800,382156620047500,700,before
secret_dependent_routine,382156620048500,382156620059800,11300,before
secret_dependent_routine,382156620060900,382156620061500,600,before
secret_dependent_routine,382156620062600,382156620073800,11200,before
secret_dependent_routine,382156620074900,382156620075600,700,before
secret_dependent_routine,382156620076700,382156620087000,10300,before
secret_dependent_routine,382156620088000,382156620088700,700,before
secret_dependent_routine,382156620089800,382156620100300,10500,before
secret_dependent_routine,382156620101300,382156620102000,700,before
secret_dependent_routine,382156620103100,382156620114000,10900,before
secret_dependent_routine,382156620115000,382156620115700,700,before
secret_dependent_routine,382156620116700,382156620127800,11100,before
secret_dependent_routine,382156620128800,382156620129400,600,before
secret_dependent_routine,382156620130500,382156620140900,10400,before
secret_dependent_routine,382156620141900,382156620142500,600,before
secret_dependent_routine,382156620143600,382156620154500,10900,before
secret_dependent_routine,382156620155600,382156620156200,600,before
secret_dependent_routine,382156620157300,382156620167800,10500,before
secret_dependent_routine,382156620168900,382156620169500,600,before
secret_dependent_routine,382156620170500,382156620181200,10700,before
secret_dependent_routine,382156620182400,382156620183000,600,before
secret_dependent_routine,382156620184100,382156620194600,10500,before
secret_dependent_routine,382156620196000,382156620196600,600,before
secret_dependent_routine,382156620197700,382156620208400,10700,before
secret_dependent_routine,382156620209500,382156620210100,600,before
secret_dependent_routine,382156620211200,382156620221600,10400,before
secret_dependent_routine,382156620222700,382156620223300,600,before
secret_dependent_routine,382156620224400,382156620235100,10700,before
secret_dependent_routine,382156620236200,382156620236800,600,before
secret_dependent_routine,382156620237900,382156620248400,10500,before
secret_dependent_routine,382156620249500,382156620250100,600,before
secret_dependent_routine,382156620251200,382156620261600,10400,before
secret_dependent_routine,382156620262700,382156620263400,700,before
secret_dependent_routine,382156620264400,382156620275400,11000,before
secret_dependent_routine,382156620279800,382156620280700,900,before
secret_dependent_routine,382156620282100,382156620292500,10400,before
secret_dependent_routine,382156620293500,382156620294200,700,before
secret_dependent_routine,382156620295300,382156620305700,10400,before
secret_dependent_routine,382156620306800,382156620307400,600,before
secret_dependent_routine,382156620308500,382156620318900,10400,before
secret_dependent_routine,382156620320000,382156620320600,600,before
secret_dependent_routine,382156620321700,382156620332200,10500,before
secret_dependent_routine,382156620333200,382156620333800,600,before
secret_dependent_routine,382156620334900,382156620345400,10500,before
secret_dependent_routine,382156620346500,382156620347100,600,before
secret_dependent_routine,382156620348200,382156620358700,10500,before
secret_dependent_routine,382156620359800,382156620360500,700,before
secret_dependent_routine,382156620361500,382156620372200,10700,before
secret_dependent_routine,382156620373300,382156620373900,600,before
secret_dependent_routine,382156620375000,382156620385600,10600,before
secret_dependent_routine,382156620386700,382156620387400,700,before
secret_dependent_routine,382156620388400,382156620399400,11000,before
secret_dependent_routine,382156620400600,382156620401200,600,before
secret_dependent_routine,382156620402200,382156620412900,10700,before
secret_dependent_routine,382156620414000,382156620414900,900,before
secret_dependent_routine,382156620416000,382156620426900,10900,before
secret_dependent_routine,382156620428000,382156620428600,600,before
secret_dependent_routine,382156620429900,382156620440700,10800,before
secret_dependent_routine,382156620441800,382156620442500,700,before
secret_dependent_routine,382156620443500,382156620454900,11400,before
secret_dependent_routine,382156620455900,382156620456600,700,before
secret_dependent_routine,382156620457600,382156620468400,10800,before
secret_dependent_routine,382156620469500,382156620470100,600,before
secret_dependent_routine,382156620471200,382156620482000,10800,before
secret_dependent_routine,382156620483300,382156620484000,700,before
secret_dependent_routine,382156620485100,382156620496100,11000,before
secret_dependent_routine,382156620497200,382156620497900,700,before
secret_dependent_routine,382156620498900,382156620509900,11000,before
secret_dependent_routine,382156620510900,382156620511500,600,before
secret_dependent_routine,382156620512600,382156620523600,11000,before
secret_dependent_routine,382156620524700,382156620525300,600,before
secret_dependent_routine,382156620526400,382156620537400,11000,before
secret_dependent_routine,382156620538500,382156620539100,600,before
secret_dependent_routine,382156620540200,382156620551200,11000,before
secret_dependent_routine,382156620552300,382156620553000,700,before
secret_dependent_routine,382156620554100,382156620565100,11000,before
secret_dependent_routine,382156620566200,382156620566800,600,before
secret_dependent_routine,382156620567900,382156620579100,11200,before
secret_dependent_routine,382156620580200,382156620580800,600,before
secret_dependent_routine,382156620581800,382156620592900,11100,before
secret_dependent_routine,382156620594000,382156620594700,700,before
secret_dependent_routine,382156620595800,382156620606800,11000,before
secret_dependent_routine,382156620607900,382156620608500,600,before
secret_dependent_routine,382156620609600,382156620620400,10800,before
secret_dependent_routine,382156620621500,382156620622200,700,before
secret_dependent_routine,382156620623200,382156620634300,11100,before
secret_dependent_routine,382156620635500,382156620636100,600,before
secret_dependent_routine,382156620637200,382156620648400,11200,before
secret_dependent_routine,382156620649500,382156620650100,600,before
secret_dependent_routine,382156620651200,382156620662300,11100,before
secret_dependent_routine,382156620663500,382156620664100,600,before
secret_dependent_routine,382156620665200,382156620676100,10900,before
secret_dependent_routine,382156620677200,382156620677800,600,before
secret_dependent_routine,382156620679200,382156620690000,10800,before
secret_dependent_routine,382156620691100,382156620691700,600,before
secret_dependent_routine,382156620692700,382156620703700,11000,before
secret_dependent_routine,382156620704800,382156620705600,800,before
secret_dependent_routine,382156620706600,382156620717300,10700,before
secret_dependent_routine,382156620718400,382156620719100,700,before
secret_dependent_routine,382156620720100,382156620730700,10600,before
secret_dependent_routine,382156620731800,382156620732400,600,before
secret_dependent_routine,382156620733500,382156620744100,10600,before
secret_dependent_routine,382156620745100,382156620745700,600,before
secret_dependent_routine,382156620746800,382156620757600,10800,before
secret_dependent_routine,382156620758700,382156620759300,600,before
secret_dependent_routine,382156620760400,382156620770900,10500,before
secret_dependent_routine,382156620772000,382156620772600,600,before
secret_dependent_routine,382156620773900,382156620784700,10800,before
secret_dependent_routine,382156620785800,382156620786400,600,before
secret_dependent_routine,382156620787400,382156620798100,10700,before
secret_dependent_routine,382156620799200,382156620799800,600,before
secret_dependent_routine,382156620800900,382156620811400,10500,before
secret_dependent_routine,382156620812500,382156620813200,700,before
secret_dependent_routine,382156620814300,382156620824900,10600,before
secret_dependent_routine,382156620826000,382156620826600,600,before
secret_dependent_routine,382156620827700,382156620838200,10500,before
secret_dependent_routine,382156620839300,382156620840000,700,before
secret_dependent_routine,382156620841100,382156620851600,10500,before
secret_dependent_routine,382156620852700,382156620853300,600,before
secret_dependent_routine,382156620854400,382156620865200,10800,before
secret_dependent_routine,382156620866300,382156620867000,700,before
secret_dependent_routine,382156620868000,382156620878800,10800,before
secret_dependent_routine,382156620879900,382156620880500,600,before
secret_dependent_routine,382156620881500,382156620892100,10600,before
secret_dependent_routine,382156620893200,382156620893800,600,before
secret_dependent_routine,382156620894900,382156620905700,10800,before
secret_dependent_routine,382156620906800,382156620907400,600,before
secret_dependent_routine,382156620908500,382156620919400,10900,before
secret_dependent_routine,382156620920500,382156620921200,700,before
secret_dependent_routine,382156620922600,382156620933100,10500,before
secret_dependent_routine,382156620934200,382156620934900,700,before
secret_dependent_routine,382156620935900,382156620946500,10600,before
secret_dependent_routine,382156620947600,382156620948200,600,before
secret_dependent_routine,382156620949200,382156620959800,10600,before
secret_dependent_routine,382156620960800,382156620961500,700,before
secret_dependent_routine,382156620962500,382156620972900,10400,before
secret_dependent_routine,382156620973900,382156620974500,600,before
secret_dependent_routine,382156620975700,382156620986200,10500,before
secret_dependent_routine,382156620987400,382156620988000,600,before
secret_dependent_routine,382156620989000,382156621002300,13300,before
secret_dependent_routine,382156621003500,382156621004200,700,before
secret_dependent_routine,382156621005300,382156621015900,10600,before
secret_dependent_routine,382156621017000,382156621017600,600,before
secret_dependent_routine,382156621018700,382156621029300,10600,before
secret_dependent_routine,382156621030400,382156621031000,600,before
secret_dependent_routine,382156621032100,382156621042500,10400,before
secret_dependent_routine,382156621043600,382156621044200,600,before
secret_dependent_routine,382156621045300,382156621056100,10800,before
secret_dependent_routine,382156621057200,382156621057800,600,before
secret_dependent_routine,382156621058900,382156621069800,10900,before
secret_dependent_routine,382156621072000,382156621072700,700,before
secret_dependent_routine,382156621073900,382156621084500,10600,before
secret_dependent_routine,382156621085600,382156621086200,600,before
secret_dependent_routine,382156621087300,382156621097900,10600,before
secret_dependent_routine,382156621099000,382156621099600,600,before
secret_dependent_routine,382156621100700,382156621111100,10400,before
secret_dependent_routine,382156621112200,382156621112900,700,before
secret_dependent_routine,382156621113900,382156621124900,11000,before
secret_dependent_routine,382156621126000,382156621126700,700,before
secret_dependent_routine,382156621127800,382156621138500,10700,before
secret_dependent_routine,382156621139700,382156621140300,600,before
secret_dependent_routine,382156621141400,382156621152200,10800,before
secret_dependent_routine,382156621153200,382156621153900,700,before
secret_dependent_routine,382156621154900,382156621165600,10700,before
secret_dependent_routine,382156621166800,382156621167400,600,before
secret_dependent_routine,382156621168700,382156621179500,10800,before
secret_dependent_routine,382156621180700,382156621181400,700,before
secret_dependent_routine,382156621182400,382156621193300,10900,before
secret_dependent_routine,382156621194500,382156621195100,600,before
secret_dependent_routine,382156621196200,382156621207200,11000,before
secret_dependent_routine,382156621208200,382156621208900,700,before
secret_dependent_routine,382156621210000,382156621220500,10500,before
secret_dependent_routine,382156621221600,382156621222300,700,before
secret_dependent_routine,382156621223400,382156621233700,10300,before
secret_dependent_routine,382156621234800,382156621235400,600,before
secret_dependent_routine,382156621236500,382156621246900,10400,before
secret_dependent_routine,382156621248000,382156621248700,700,before
secret_dependent_routine,382156621249700,382156621260200,10500,before
secret_dependent_routine,382156621261300,382156621262000,700,before
secret_dependent_routine,382156621263000,382156621273500,10500,before
secret_dependent_routine,382156621274600,382156621275200,600,before
secret_dependent_routine,382156621276200,382156621288200,12000,before
secret_dependent_routine,382156621289400,382156621290000,600,before
secret_dependent_routine,382156621291200,382156621301900,10700,before
secret_dependent_routine,382156621303000,382156621303700,700,before
secret_dependent_routine,382156621304800,382156621315300,10500,before
secret_dependent_routine,382156621316400,382156621317100,700,before
secret_dependent_routine,382156621318100,382156621328700,10600,before
secret_dependent_routine,382156621329800,382156621330400,600,before
secret_dependent_routine,382156621331500,382156621341800,10300,before
secret_dependent_routine,382156621342900,382156621343600,700,before
secret_dependent_routine,382156621344600,382156621355000,10400,before
secret_dependent_routine,382156621357300,382156621357900,600,before
secret_dependent_routine,382156621359100,382156621369800,10700,before
secret_dependent_routine,382156621370900,382156621371500,600,before
secret_dependent_routine,382156621372600,382156621383100,10500,before
secret_dependent_routine,382156621384200,382156621384800,600,before
secret_dependent_routine,382156621385900,382156621396700,10800,before
secret_dependent_routine,382156621397700,382156621398400,700,before
secret_dependent_routine,382156621399400,382156621410100,10700,before
secret_dependent_routine,382156621411200,382156621411800,600,before
secret_dependent_routine,382156621412900,382156621423700,10800,before
secret_dependent_routine,382156621425000,382156621425700,700,before
secret_dependent_routine,382156621426700,382156621437500,10800,before
secret_dependent_routine,382156621438600,382156621439200,600,before
secret_dependent_routine,382156621440200,382156621451100,10900,before
secret_dependent_routine,382156621452200,382156621452800,600,before
secret_dependent_routine,382156621453900,382156621464900,11000,before
secret_dependent_routine,382156621466000,382156621466600,600,before
secret_dependent_routine,382156621467700,382156621478200,10500,before
secret_dependent_routine,382156621479300,382156621479900,600,before
secret_dependent_routine,382156621480900,382156621491500,10600,before
secret_dependent_routine,382156621492600,382156621493200,600,before
secret_dependent_routine,382156621494300,382156621505000,10700,before
secret_dependent_routine,382156621506100,382156621506700,600,before
secret_dependent_routine,382156621507700,382156621518300,10600,before
secret_dependent_routine,382156621519400,382156621520000,600,before
secret_dependent_routine,382156621521000,382156621531700,10700,before
secret_dependent_routine,382156621532800,382156621533400,600,before
secret_dependent_routine,382156621534400,382156621544900,10500,before
secret_dependent_routine,382156621546000,382156621546600,600,before
secret_dependent_routine,382156621547700,382156621558300,10600,before
secret_dependent_routine,382156621559400,382156621560000,600,before
secret_dependent_routine,382156621561100,382156621571700,10600,before
secret_dependent_routine,382156621572700,382156621574400,1700,before
secret_dependent_routine,382156621575600,382156621585600,10000,before
secret_dependent_routine,382156621586700,382156621587300,600,before
secret_dependent_routine,382156621588400,382156621598900,10500,before
secret_dependent_routine,382156621600100,382156621600700,600,before
secret_dependent_routine,382156621601800,382156621612000,10200,before
secret_dependent_routine,382156621613100,382156621613700,600,before
secret_dependent_routine,382156621614800,382156621625200,10400,before
secret_dependent_routine,382156621626300,382156621626900,600,before
secret_dependent_routine,382156621628000,382156621638900,10900,before
secret_dependent_routine,382156621641000,382156621641700,700,before
secret_dependent_routine,382156621642800,382156621658300,15500,before
secret_dependent_routine,382156621660300,382156621661500,1200,before
secret_dependent_routine,382156621663300,382156621835400,172100,before
secret_dependent_routine,382156621854500,382156621859000,4500,before
secret_dependent_routine,382156621862700,382156621884000,21300,before
secret_dependent_routine,382156621886800,382156621887900,1100,before
secret_dependent_routine,382156621890700,382156621912400,21700,before
secret_dependent_routine,382156621914700,382156621915800,1100,before
secret_dependent_routine,382156621952500,382156622013000,60500,before
secret_dependent_routine,382156622031200,382156622034400,3200,before
secret_dependent_routine,382156622038100,382156622062800,24700,before
secret_dependent_routine,382156622066600,382156622068600,2000,before
secret_dependent_routine,382156622071100,382156622102200,31100,before
secret_dependent_routine,382156622106100,382156622108500,2400,before
secret_dependent_routine,382156622112000,382156622134000,22000,before
secret_dependent_routine,382156622136300,382156622137500,1200,before
secret_dependent_routine,382156622139500,382156622163000,23500,before
secret_dependent_routine,382156622165200,382156622166600,1400,before
secret_dependent_routine,382156622169200,382156622190600,21400,before
secret_dependent_routine,382156622192900,382156622193800,900,before
secret_dependent_routine,382156622195400,382156622209800,14400,before
secret_dependent_routine,382156622211300,382156622212200,900,before
secret_dependent_routine,382156622213800,382156622228400,14600,before
secret_dependent_routine,382156622230000,382156622231000,1000,before
secret_dependent_routine,382156622232600,382156622247300,14700,before
secret_dependent_routine,382156622248800,382156622249800,1000,before
secret_dependent_routine,382156622251300,382156622266100,14800,before
secret_dependent_routine,382156622269100,382156622271100,2000,before
secret_dependent_routine,382156622272500,382156622286100,13600,before
secret_dependent_routine,382156622287600,382156622288400,800,before
secret_dependent_routine,382156622289800,382156622304200,14400,before
secret_dependent_routine,382156622305600,382156622309600,4000,before
secret_dependent_routine,382156622311100,382156622326100,15000,before
secret_dependent_routine,382156622327400,382156622328200,800,before
secret_dependent_routine,382156622329600,382156622342300,12700,before
secret_dependent_routine,382156622343600,382156622344500,900,before
secret_dependent_routine,382156622347000,382156622360700,13700,before
secret_dependent_routine,382156622362200,382156622363100,900,before
secret_dependent_routine,382156622364500,382156622378200,13700,before
secret_dependent_routine,382156622381400,382156622382300,900,before
secret_dependent_routine,382156622383800,382156622400400,16600,before
secret_dependent_routine,382156622402700,382156622404300,1600,before
secret_dependent_routine,382156622408600,382156622431900,23300,before
secret_dependent_routine,382156622435700,382156622436600,900,before
secret_dependent_routine,382156622438100,382156622451100,13000,before
secret_dependent_routine,382156622452500,382156622453300,800,before
secret_dependent_routine,382156622454600,382156622467400,12800,before
secret_dependent_routine,382156622468700,382156622469500,800,before
secret_dependent_routine,382156622470900,382156622484300,13400,before
secret_dependent_routine,382156622485600,382156622486400,800,before
secret_dependent_routine,382156622487600,382156622500100,12500,before
secret_dependent_routine,382156622503000,382156622503800,800,before
secret_dependent_routine,382156622505100,382156622517700,12600,before
secret_dependent_routine,382156622519000,382156622519800,800,before
secret_dependent_routine,382156622521200,382156622533800,12600,before
secret_dependent_routine,382156622535100,382156622535900,800,before
secret_dependent_routine,382156622538700,382156622560700,22000,before
secret_dependent_routine,382156622562900,382156622564300,1400,before
secret_dependent_routine,382156622566400,382156622585300,18900,before
secret_dependent_routine,382156622587300,382156622588600,1300,before
secret_dependent_routine,382156622590900,382156622612200,21300,before
secret_dependent_routine,382156622614400,382156622616100,1700,before
secret_dependent_routine,382156622618000,382156622638700,20700,before
secret_dependent_routine,382156622641100,382156622642500,1400,before
secret_dependent_routine,382156622644700,382156622664100,19400,before
secret_dependent_routine,382156622666600,382156622667800,1200,before
secret_dependent_routine,382156622669900,382156622690000,20100,before
secret_dependent_routine,382156624098600,382156624103200,4600,before
secret_dependent_routine,382156624113000,382156624124100,11100,before
secret_dependent_routine,382156624128500,382156624129400,900,before
secret_dependent_routine,382156624130800,382156624142000,11200,before
secret_dependent_routine,382156624143300,382156624143900,600,before
secret_dependent_routine,382156624145200,382156624156500,11300,before
secret_dependent_routine,382156624158000,382156624158600,600,before
secret_dependent_routine,382156624159800,382156624178800,19000,before
secret_dependent_routine,382156624198600,382156624199500,900,before
secret_dependent_routine,382156624200800,382156624212200,11400,before
secret_dependent_routine,382156624213500,382156624214200,700,before
secret_dependent_routine,382156624215400,382156624226700,11300,before
secret_dependent_routine,382156624227900,382156624228600,700,before
secret_dependent_routine,382156624229800,382156624241600,11800,before
secret_dependent_routine,382156624242800,382156624243500,700,before
secret_dependent_routine,382156624244700,382156624256200,11500,before
secret_dependent_routine,382156624257400,382156624258100,700,before
secret_dependent_routine,382156624259400,382156624271200,11800,before
secret_dependent_routine,382156624274400,382156624275500,1100,before
secret_dependent_routine,382156624277500,382156624300500,23000,before
secret_dependent_routine,382156624302600,382156624304100,1500,before
secret_dependent_routine,382156624305700,382156624325500,19800,before
secret_dependent_routine,382156624328000,382156624328900,900,before
secret_dependent_routine,382156624330500,382156624342700,12200,before
secret_dependent_routine,382156624344100,382156624344800,700,before
secret_dependent_routine,382156624346100,382156624358200,12100,before
secret_dependent_routine,382156624359500,382156624360200,700,before
secret_dependent_routine,382156624361500,382156624373600,12100,before
secret_dependent_routine,382156624374900,382156624375600,700,before
secret_dependent_routine,382156624376900,382156624389700,12800,before
secret_dependent_routine,382156624391000,382156624391700,700,before
secret_dependent_routine,382156624392900,382156624405400,12500,before
secret_dependent_routine,382156624406700,382156624407500,800,before
secret_dependent_routine,382156624408800,382156624420700,11900,before
secret_dependent_routine,382156624422100,382156624422900,800,before
secret_dependent_routine,382156624424200,382156624436500,12300,before
secret_dependent_routine,382156624437700,382156624438400,700,before
secret_dependent_routine,382156624439600,382156624452100,12500,before
secret_dependent_routine,382156624453400,382156624454100,700,before
secret_dependent_routine,382156624455300,382156624467800,12500,before
secret_dependent_routine,382156624469000,382156624469800,800,before
secret_dependent_routine,382156624471000,382156624483400,12400,before
secret_dependent_routine,382156624484600,382156624485400,800,before
secret_dependent_routine,382156624486700,382156624498800,12100,before
secret_dependent_routine,382156624500100,382156624500800,700,before
secret_dependent_routine,382156624503600,382156624516000,12400,before
secret_dependent_routine,382156624517400,382156624518100,700,before
secret_dependent_routine,382156624519300,382156624531800,12500,before
